event_id,customer_id,order_id,event_timestamp,event_type,session_id,device_type,zone_context,api_latency_ms,success_flag,success
ae00002,c0595,o00950,13/02/2024 22:29,search_route,s32766,android,south,60,TRUE,1
ae00003,c0494,o00170,11/08/2025 09:29,chat_opened,s99516,ios,airport,1118,TRUE,1
ae00004,c0407,o00756,23/08/2025 17:38,eta_refresh,s41236,ios,central,442,TRUE,1
ae00006,c0498,o01196,08/02/2025 09:50,track_order,s66655,web,west,499,TRUE,1
ae00007,c0033,o00028,20/04/2025 19:06,chat_opened,s79495,android,south,169,TRUE,1
ae00008,c0091,o00076,18/08/2024 02:08,search_route,s59028,android,ctr,431,TRUE,1
ae00009,c0421,o01222,20/07/2025 11:46,eta_refresh,s76526,web,north,609,TRUE,1
ae00010,c0553,o00854,10/07/2024 13:11,chat_opened,s24618,android,west,167,TRUE,1
ae00011,c0643,o00192,10/05/2025 11:23,delivery_instruction_update,s22799,ios,ctr,182,TRUE,1
ae00012,c0095,o01080,10/12/2025 19:11,chat_escalated,s57519,android,ctr,60,TRUE,1
ae00013,c0479,o00414,28/05/2024 15:11,chat_escalated,s37114,web,west,399,FALSE,0
ae00014,c0626,o01054,04/04/2025 13:19,track_order,s75243,android,airport,998,TRUE,1
ae00015,c0014,o00860,16/08/2024 15:27,chat_opened,s71663,android,west,238,TRUE,1
ae00017,c0170,o00424,04/04/2024 06:22,chat_escalated,s30048,android,north,624,FALSE,0
ae00018,c0530,o00295,12/11/2025 08:58,delivery_instruction_update,s76990,android,north,626,TRUE,1
ae00019,c0179,o00628,31/03/2025 17:14,track_order,s88326,android,south,707,TRUE,1
ae00020,c0116,o01065,25/10/2025 19:05,chat_opened,s81897,android,north,196,TRUE,1
ae00022,c0188,o00844,28/03/2024 22:47,delivery_instruction_update,s29750,ios,south,760,TRUE,1
ae00023,c0543,o00854,16/10/2024 14:48,chat_opened,s76975,ios,north,644,TRUE,1
ae00024,c0022,o01082,11/03/2024 19:51,track_order,s59171,android,east,60,TRUE,1
ae00026,c0490,o00330,16/11/2024 23:54,eta_refresh,s93151,android,north,388,TRUE,1
ae00027,c0574,o00077,12/05/2024 06:04,delivery_instruction_update,s14580,ios,riverside,886,TRUE,1
ae00030,c0455,o00229,07/06/2025 02:10,chat_opened,s74816,ios,west,403,TRUE,1
ae00031,c0241,o01158,09/06/2024 05:13,track_order,s52070,ios,airport,1660,TRUE,1
ae00032,c0226,o00402,20/09/2025 00:20,search_route,s18892,android,east,632,TRUE,1
ae00033,c0587,o00742,03/01/2025 09:32,track_order,s56165,android,north,520,TRUE,1
ae00036,c0007,o00977,03/05/2025 17:47,chat_escalated,s19561,ios,ctr,362,FALSE,0
ae00038,c0166,o00475,25/09/2025 11:47,eta_refresh,s10481,ios,west,324,TRUE,1
ae00040,c0532,o01015,17/11/2025 09:32,search_route,s82851,ios,west,724,TRUE,1
ae00041,c0075,o00349,24/05/2025 04:19,track_order,s44614,android,riverside,670,TRUE,1
ae00042,c0409,o00044,18/09/2024 07:02,search_route,s80779,ios,north,524,TRUE,1
ae00043,c0200,o00954,27/11/2024 18:10,eta_refresh,s78974,android,west,287,TRUE,1
ae00044,c0633,o01022,04/06/2025 17:13,search_route,s44218,android,central,588,TRUE,1
ae00045,c0163,o00696,09/10/2024 22:04,payment_retry,s76855,ios,airport,555,TRUE,1
ae00046,c0531,o00016,30/10/2024 13:13,search_route,s55883,web,west,326,TRUE,1
ae00047,c0063,o00159,18/09/2024 14:52,track_order,s29662,ios,east,344,TRUE,1
ae00048,c0306,o01222,25/02/2025 04:16,chat_escalated,s77519,android,riverside,166,FALSE,0
ae00049,c0381,o01086,11/11/2025 17:22,chat_opened,s99244,android,west,113,TRUE,1
ae00051,c0080,o00512,18/10/2025 21:50,eta_refresh,s35136,android,ctr,473,TRUE,1
ae00052,c0326,o01080,12/02/2024 02:37,payment_retry,s42021,android,north,570,FALSE,0
ae00053,c0349,o00467,28/11/2024 23:28,delivery_instruction_update,s83805,ios,south,255,TRUE,1
ae00054,c0138,o00189,01/05/2025 02:00,search_route,s82990,ios,south,73,TRUE,1
ae00055,c0120,o00922,29/09/2024 23:08,track_order,s55056,ios,airport,800,TRUE,1
ae00056,c0556,o01180,23/09/2025 17:24,payment_retry,s77071,android,north,592,FALSE,0
ae00057,c0266,o00600,03/11/2025 13:54,track_order,s51373,android,east,585,TRUE,1
ae00060,c0490,o00551,14/09/2025 12:20,search_route,s69751,ios,central,270,TRUE,1
ae00061,c0551,o01205,31/03/2025 09:18,track_order,s46023,ios,airport,418,TRUE,1
ae00062,c0116,o01105,29/01/2024 07:08,track_order,s57220,android,riverside,838,TRUE,1
ae00063,c0549,o00656,06/11/2024 15:04,delivery_instruction_update,s42721,android,east,274,TRUE,1
ae00064,c0515,o00032,16/09/2024 15:36,track_order,s99350,android,central,840,TRUE,1
ae00065,c0127,o01042,03/04/2024 04:07,delivery_instruction_update,s23520,android,east,287,TRUE,1
ae00067,c0113,o00822,28/04/2025 01:07,eta_refresh,s57776,android,north,594,TRUE,1
ae00068,c0130,o00096,06/04/2024 13:41,chat_opened,s29137,android,ctr,60,TRUE,1
ae00070,c0063,o00689,11/06/2025 06:37,chat_opened,s88132,ios,central,477,TRUE,1
ae00071,c0565,o01092,11/10/2024 06:33,chat_opened,s38006,ios,east,300,TRUE,1
ae00072,c0006,o00802,10/11/2025 23:09,track_order,s37414,android,ctr,155,TRUE,1
ae00075,c0439,o00245,22/09/2024 13:20,delivery_instruction_update,s47526,ios,airport,463,TRUE,1
ae00076,c0221,o01006,19/04/2025 07:46,delivery_instruction_update,s50746,android,east,1005,TRUE,1
ae00077,c0549,o01026,12/06/2024 20:18,search_route,s59198,ios,east,546,TRUE,1
ae00079,c0371,o00950,28/02/2025 12:58,delivery_instruction_update,s75895,ios,riverside,646,TRUE,1
ae00080,c0181,o00757,08/01/2024 01:12,search_route,s51497,android,south,783,TRUE,1
ae00081,c0182,o00976,14/05/2024 22:41,track_order,s96252,android,west,422,TRUE,1
ae00082,c0231,o00506,03/12/2025 00:20,search_route,s46240,ios,east,60,TRUE,1
ae00083,c0215,o00602,12/09/2024 22:25,track_order,s29184,ios,east,265,TRUE,1
ae00084,c0021,o01124,22/02/2024 02:18,delivery_instruction_update,s65491,ios,south,688,TRUE,1
ae00085,c0634,o01212,20/03/2024 07:47,delivery_instruction_update,s30667,android,airport,843,TRUE,1
ae00087,c0218,o00386,27/06/2024 01:58,search_route,s21479,android,riverside,401,TRUE,1
ae00089,c0637,o00619,02/01/2024 17:18,search_route,s54109,web,north,60,TRUE,1
ae00090,c0044,o00078,17/07/2025 23:08,payment_retry,s76455,android,north,820,TRUE,1
ae00091,c0204,o00772,06/12/2025 06:51,chat_escalated,s24981,ios,east,610,TRUE,1
ae00092,c0129,o00080,22/04/2025 23:16,eta_refresh,s30798,android,ctr,522,TRUE,1
ae00093,c0025,o00405,13/02/2024 15:40,payment_retry,s57429,ios,east,440,TRUE,1
ae00095,c0428,o01057,16/05/2025 01:12,delivery_instruction_update,s81735,web,west,399,TRUE,1
ae00096,c0424,o00426,07/02/2025 00:14,track_order,s50881,web,east,562,TRUE,1
ae00097,c0468,o00460,10/06/2025 04:05,payment_retry,s77602,android,riverside,404,FALSE,0
ae00099,c0095,o00709,25/04/2024 00:36,payment_retry,s33955,android,riverside,138,TRUE,1
ae00102,c0272,o01227,13/05/2025 09:40,chat_escalated,s62522,android,east,982,TRUE,1
ae00103,c0306,o00114,02/10/2025 10:34,payment_retry,s19712,web,north,551,TRUE,1
ae00104,c0429,o00170,19/03/2024 16:37,chat_opened,s25315,android,riverside,649,TRUE,1
ae00105,c0540,o00428,28/05/2024 05:14,cancel_attempt,s64900,ios,riverside,153,TRUE,1
ae00106,c0360,o01144,25/01/2025 13:47,search_route,s96181,android,south,216,TRUE,1
ae00107,c0081,o00858,24/01/2024 03:08,chat_escalated,s34476,android,north,449,FALSE,0
ae00109,c0114,o00393,17/07/2024 12:02,eta_refresh,s22089,android,airport,533,TRUE,1
ae00110,c0382,o00099,03/07/2024 02:04,delivery_instruction_update,s87255,web,ctr,209,TRUE,1
ae00111,c0565,o00055,06/02/2025 03:15,cancel_attempt,s80723,android,riverside,219,TRUE,1
ae00112,c0259,o00051,24/04/2025 08:45,search_route,s67232,android,central,602,TRUE,1
ae00113,c0540,o01132,27/02/2024 18:25,search_route,s21806,android,west,510,TRUE,1
ae00114,c0135,o00217,02/06/2025 18:48,eta_refresh,s46677,ios,west,464,TRUE,1
ae00115,c0012,o00781,29/12/2025 23:12,track_order,s41963,ios,north,546,TRUE,1
ae00116,c0237,o00033,16/07/2024 05:19,eta_refresh,s56150,ios,ctr,422,TRUE,1
ae00117,c0122,o00043,11/04/2024 11:39,track_order,s18818,android,north,387,TRUE,1
ae00118,c0459,o00059,12/07/2024 20:41,track_order,s52877,android,north,629,TRUE,1
ae00119,c0153,o00021,13/01/2024 16:25,track_order,s89481,web,north,628,TRUE,1
ae00120,c0429,o00367,09/08/2024 08:11,delivery_instruction_update,s53741,android,ctr,1218,TRUE,1
ae00121,c0451,o00857,30/09/2025 03:14,payment_retry,s19782,android,west,862,FALSE,0
ae00122,c0178,o00979,16/07/2025 15:36,eta_refresh,s68778,ios,east,312,TRUE,1
ae00123,c0250,o00011,15/11/2024 06:53,payment_retry,s15600,android,central,1558,TRUE,1
ae00125,c0430,o01083,22/06/2025 18:22,delivery_instruction_update,s35887,android,south,510,TRUE,1
ae00126,c0343,o00847,13/12/2024 22:02,eta_refresh,s81938,ios,central,433,TRUE,1
ae00127,c0135,o01205,12/11/2025 01:05,track_order,s33676,web,west,299,TRUE,1
ae00129,c0234,o01211,28/08/2024 20:20,search_route,s11783,android,south,304,TRUE,1
ae00130,c0499,o00863,12/01/2024 22:22,delivery_instruction_update,s63325,android,east,286,TRUE,1
ae00131,c0344,o00395,09/12/2025 05:51,eta_refresh,s40076,android,east,751,TRUE,1
ae00132,c0504,o00741,30/04/2024 13:14,chat_opened,s11696,android,west,375,TRUE,1
ae00134,c0074,o00216,31/12/2024 16:38,eta_refresh,s31994,android,airport,368,TRUE,1
ae00135,c0447,o00395,03/05/2025 11:11,chat_opened,s28174,ios,east,418,TRUE,1
ae00137,c0318,o00669,19/07/2024 21:36,search_route,s42305,android,north,289,TRUE,1
ae00138,c0495,o00863,04/07/2024 03:28,delivery_instruction_update,s41862,ios,south,641,TRUE,1
ae00139,c0589,o01195,06/04/2024 09:08,track_order,s18650,ios,south,263,TRUE,1
ae00140,c0026,o00312,30/07/2024 22:16,track_order,s35078,ios,west,639,TRUE,1
ae00141,c0644,o00956,21/07/2024 16:03,track_order,s51247,android,ctr,901,TRUE,1
ae00142,c0005,o00103,18/04/2024 04:39,track_order,s33250,android,west,187,TRUE,1
ae00143,c0025,o00124,18/07/2024 18:59,cancel_attempt,s88076,android,airport,1039,TRUE,1
ae00144,c0347,o00708,08/10/2024 10:04,eta_refresh,s80449,android,north,648,TRUE,1
ae00145,c0062,o01049,31/08/2024 23:03,delivery_instruction_update,s88111,ios,central,159,TRUE,1
ae00146,c0228,o00311,02/08/2025 23:18,track_order,s69169,android,north,275,TRUE,1
ae00147,c0128,o00020,28/09/2024 14:16,track_order,s54633,ios,central,836,TRUE,1
ae00149,c0236,o00733,04/03/2024 12:19,delivery_instruction_update,s97668,android,east,191,TRUE,1
ae00150,c0207,o00017,02/12/2025 08:49,cancel_attempt,s30266,android,south,118,TRUE,1
ae00151,c0472,o00129,24/11/2024 20:48,search_route,s28386,android,airport,1035,TRUE,1
ae00152,c0134,o00890,28/10/2025 12:42,payment_retry,s79279,ios,east,609,TRUE,1
ae00154,c0096,o00813,03/04/2025 00:09,track_order,s26942,ios,riverside,187,TRUE,1
ae00155,c0256,o01136,19/06/2025 05:14,search_route,s78880,ios,east,780,TRUE,1
ae00156,c0004,o00998,12/05/2025 19:56,chat_opened,s19094,android,north,618,TRUE,1
ae00157,c0568,o01041,05/07/2025 07:53,chat_opened,s94050,android,east,669,TRUE,1
ae00158,c0444,o00239,01/05/2024 10:17,track_order,s64444,android,south,558,TRUE,1
ae00159,c0057,o01073,10/10/2025 01:20,search_route,s80676,android,south,100,TRUE,1
ae00161,c0308,o00031,16/06/2024 16:40,search_route,s73430,ios,east,635,TRUE,1
ae00163,c0159,o00703,30/05/2025 03:46,search_route,s29863,android,south,586,TRUE,1
ae00164,c0028,o00547,13/10/2025 18:52,eta_refresh,s21845,android,west,330,TRUE,1
ae00165,c0211,o01203,20/11/2024 00:04,track_order,s42312,ios,west,141,TRUE,1
ae00168,c0428,o00991,13/11/2024 12:22,track_order,s94225,android,central,160,TRUE,1
ae00169,c0236,o01007,20/09/2025 00:31,payment_retry,s31565,android,airport,252,TRUE,1
ae00173,c0604,o00323,12/05/2024 11:14,eta_refresh,s59591,web,west,772,TRUE,1
ae00175,c0027,o00040,22/03/2025 09:30,chat_opened,s27542,ios,north,828,TRUE,1
ae00176,c0443,o00475,19/04/2025 23:45,track_order,s99435,ios,east,530,TRUE,1
ae00179,c0634,o00605,20/04/2024 23:19,delivery_instruction_update,s52206,android,north,231,TRUE,1
ae00180,c0003,o00599,05/04/2024 22:39,cancel_attempt,s48720,android,airport,282,TRUE,1
ae00182,c0438,o01213,26/04/2025 09:51,eta_refresh,s29723,android,west,328,TRUE,1
ae00184,c0383,o00290,28/06/2025 12:11,eta_refresh,s10919,android,airport,673,TRUE,1
ae00185,c0540,o00636,01/01/2024 04:02,payment_retry,s50299,web,east,550,TRUE,1
ae00186,c0297,o00033,09/01/2024 21:50,delivery_instruction_update,s98196,web,airport,811,TRUE,1
ae00189,c0491,o00686,03/08/2024 12:43,chat_opened,s98299,ios,central,320,TRUE,1
ae00190,c0006,o00220,25/12/2024 13:57,track_order,s89254,web,west,407,TRUE,1
ae00191,c0559,o00582,06/03/2024 18:13,search_route,s57395,android,ctr,304,TRUE,1
ae00192,c0415,o00091,04/04/2025 13:39,eta_refresh,s25456,web,riverside,238,TRUE,1
ae00193,c0558,o00320,10/08/2024 19:31,payment_retry,s70607,ios,airport,1701,TRUE,1
ae00195,c0182,o00489,12/02/2024 12:39,track_order,s88300,ios,riverside,553,TRUE,1
ae00196,c0308,o01227,18/07/2024 11:53,payment_retry,s74695,ios,airport,280,FALSE,0
ae00199,c0458,o00502,05/03/2025 09:23,track_order,s54839,android,east,794,TRUE,1
ae00200,c0422,o00420,13/11/2025 01:11,eta_refresh,s20454,android,riverside,574,TRUE,1
ae00201,c0139,o00783,12/08/2024 08:07,eta_refresh,s79498,android,west,60,TRUE,1
ae00202,c0190,o00008,31/12/2024 22:36,track_order,s46827,android,riverside,747,TRUE,1
ae00203,c0050,o01110,28/11/2024 23:16,eta_refresh,s88874,ios,north,792,TRUE,1
ae00204,c0370,o00390,21/10/2025 12:12,search_route,s14150,ios,airport,414,TRUE,1
ae00205,c0565,o01188,02/12/2025 17:43,search_route,s65549,ios,west,521,TRUE,1
ae00206,c0540,o00860,10/08/2025 13:22,track_order,s41049,ios,central,423,TRUE,1
ae00207,c0611,o00360,30/09/2025 05:26,track_order,s85216,ios,north,443,TRUE,1
ae00208,c0492,o00439,18/07/2024 08:06,delivery_instruction_update,s14892,ios,east,729,TRUE,1
ae00209,c0311,o00549,25/06/2025 21:11,search_route,s69288,ios,east,479,TRUE,1
ae00210,c0066,o00764,17/10/2025 10:22,track_order,s97799,android,north,610,TRUE,1
ae00211,c0154,o00597,10/03/2025 18:31,chat_opened,s23758,ios,north,273,TRUE,1
ae00212,c0050,o00656,09/12/2024 02:17,chat_escalated,s30429,web,airport,474,FALSE,0
ae00213,c0165,o00825,31/12/2025 01:59,cancel_attempt,s21498,android,west,337,TRUE,1
ae00214,c0036,o00929,19/11/2024 16:32,chat_escalated,s95975,ios,central,60,TRUE,1
ae00216,c0353,o00689,15/02/2025 06:05,track_order,s56502,android,west,193,TRUE,1
ae00217,c0489,o00452,22/04/2024 18:38,track_order,s41923,ios,east,523,TRUE,1
ae00218,c0638,o00997,11/07/2024 07:41,search_route,s93085,android,airport,137,TRUE,1
ae00219,c0495,o00473,06/11/2024 10:57,cancel_attempt,s46630,ios,central,371,TRUE,1
ae00220,c0469,o00413,02/10/2025 15:05,search_route,s61687,ios,airport,1046,TRUE,1
ae00221,c0309,o01074,16/08/2025 01:12,delivery_instruction_update,s93181,android,west,584,TRUE,1
ae00222,c0511,o00539,13/09/2024 09:38,search_route,s16455,android,west,606,TRUE,1
ae00225,c0105,o00659,03/07/2025 18:05,search_route,s69038,android,south,401,TRUE,1
ae00226,c0259,o00918,10/07/2025 21:37,track_order,s12105,android,central,581,TRUE,1
ae00227,c0194,o00918,11/06/2024 02:54,delivery_instruction_update,s26318,ios,riverside,241,TRUE,1
ae00228,c0220,o01213,18/03/2024 10:58,track_order,s31464,android,north,261,TRUE,1
ae00229,c0392,o00450,29/01/2024 03:08,track_order,s32859,ios,riverside,484,TRUE,1
ae00230,c0467,o00698,02/06/2025 00:55,payment_retry,s79237,web,west,368,TRUE,1
ae00231,c0375,o00188,28/02/2024 00:09,chat_opened,s62538,ios,riverside,394,TRUE,1
ae00232,c0475,o00336,10/06/2025 10:39,chat_opened,s19410,ios,north,614,TRUE,1
ae00233,c0144,o00990,06/09/2025 23:35,search_route,s25207,web,south,440,TRUE,1
ae00234,c0447,o00068,16/05/2025 04:24,search_route,s16617,ios,central,718,TRUE,1
ae00235,c0102,o00065,28/07/2024 16:08,track_order,s32192,android,east,531,TRUE,1
ae00236,c0215,o00722,23/08/2024 22:05,payment_retry,s66874,ios,airport,478,TRUE,1
ae00237,c0375,o00581,26/05/2024 13:58,eta_refresh,s75980,android,east,339,TRUE,1
ae00238,c0611,o00098,30/10/2024 02:43,delivery_instruction_update,s27480,web,airport,321,TRUE,1
ae00239,c0291,o00746,15/03/2025 03:20,chat_escalated,s83143,ios,riverside,215,TRUE,1
ae00240,c0109,o00771,08/12/2025 03:46,chat_opened,s68728,android,ctr,895,TRUE,1
ae00241,c0024,o00814,28/06/2024 06:51,chat_opened,s22478,ios,riverside,624,TRUE,1
ae00242,c0070,o00627,18/04/2024 10:54,delivery_instruction_update,s59972,ios,central,792,TRUE,1
ae00243,c0217,o00878,05/07/2024 13:59,chat_opened,s89574,android,north,646,TRUE,1
ae00244,c0355,o01236,17/02/2024 00:42,chat_escalated,s49312,android,east,487,FALSE,0
ae00245,c0159,o00570,25/06/2025 22:42,search_route,s22380,web,south,757,TRUE,1
ae00246,c0173,o00188,26/09/2025 08:26,search_route,s73690,ios,east,490,TRUE,1
ae00248,c0558,o01118,14/02/2024 07:02,payment_retry,s95292,ios,riverside,488,TRUE,1
ae00251,c0623,o00162,16/02/2024 23:07,payment_retry,s96369,android,central,375,TRUE,1
ae00252,c0202,o00936,24/04/2024 05:08,track_order,s97343,ios,airport,278,TRUE,1
ae00253,c0485,o01098,13/12/2025 20:05,chat_escalated,s76383,android,west,799,TRUE,1
ae00254,c0419,o00265,19/03/2024 05:42,track_order,s69799,ios,east,543,TRUE,1
ae00255,c0563,o00972,11/04/2024 10:46,payment_retry,s15134,android,central,376,TRUE,1
ae00256,c0447,o00220,08/10/2025 16:41,delivery_instruction_update,s35671,android,south,466,TRUE,1
ae00258,c0489,o00812,24/09/2025 21:15,payment_retry,s53794,web,riverside,60,FALSE,0
ae00259,c0055,o01208,21/06/2025 16:57,delivery_instruction_update,s66374,ios,west,247,TRUE,1
ae00260,c0109,o00932,25/10/2024 12:28,cancel_attempt,s74608,web,airport,350,TRUE,1
ae00261,c0433,o00167,10/02/2025 10:12,search_route,s51615,android,riverside,236,TRUE,1
ae00262,c0079,o00532,21/12/2024 16:48,search_route,s78668,web,east,392,TRUE,1
ae00263,c0330,o01163,14/02/2024 18:08,track_order,s98156,web,riverside,60,TRUE,1
ae00265,c0192,o01137,06/11/2024 03:00,chat_opened,s53981,android,central,1240,TRUE,1
ae00266,c0378,o00856,12/12/2024 10:44,search_route,s22322,android,airport,536,TRUE,1
ae00268,c0377,o01202,04/05/2024 16:58,eta_refresh,s22564,ios,west,429,TRUE,1
ae00269,c0325,o00863,15/08/2025 22:29,delivery_instruction_update,s64498,android,riverside,304,TRUE,1
ae00270,c0578,o00326,09/09/2025 01:15,chat_opened,s29661,android,airport,503,TRUE,1
ae00271,c0322,o01193,19/10/2025 21:23,search_route,s43982,web,north,627,TRUE,1
ae00272,c0338,o01203,02/03/2025 04:57,eta_refresh,s33897,ios,east,190,TRUE,1
ae00273,c0433,o01067,28/05/2024 05:11,track_order,s48118,web,riverside,134,TRUE,1
ae00274,c0049,o01167,27/09/2025 15:25,track_order,s94086,android,riverside,495,TRUE,1
ae00275,c0485,o00676,12/06/2024 17:54,delivery_instruction_update,s57005,android,north,279,TRUE,1
ae00276,c0111,o01221,21/01/2025 11:43,search_route,s73488,android,south,300,TRUE,1
ae00277,c0580,o00409,26/12/2024 15:48,payment_retry,s59602,android,west,552,FALSE,0
ae00278,c0337,o01073,12/11/2024 03:16,chat_opened,s88214,android,ctr,421,TRUE,1
ae00279,c0112,o01215,20/02/2025 21:24,track_order,s90848,android,north,582,TRUE,1
ae00280,c0456,o00907,31/12/2025 18:05,track_order,s12463,ios,north,251,TRUE,1
ae00281,c0310,o00397,06/03/2024 12:05,search_route,s39460,android,south,457,TRUE,1
ae00283,c0589,o00589,19/09/2024 14:25,payment_retry,s32645,android,south,362,TRUE,1
ae00284,c0604,o00371,26/10/2025 11:28,search_route,s76025,android,east,60,TRUE,1
ae00285,c0440,o00539,25/12/2025 16:11,search_route,s17327,ios,airport,414,TRUE,1
ae00287,c0573,o00074,02/05/2024 05:45,search_route,s30431,android,east,571,TRUE,1
ae00288,c0273,o00480,21/07/2025 17:12,cancel_attempt,s63671,android,north,60,TRUE,1
ae00289,c0207,o00654,02/03/2024 10:12,payment_retry,s19707,android,riverside,343,TRUE,1
ae00290,c0399,o00951,01/08/2025 22:46,delivery_instruction_update,s84446,android,east,457,TRUE,1
ae00291,c0312,o00330,17/12/2024 21:44,track_order,s95883,android,west,405,TRUE,1
ae00292,c0520,o00929,16/10/2025 23:21,eta_refresh,s72274,ios,north,60,TRUE,1
ae00293,c0073,o00609,10/07/2024 13:17,chat_escalated,s78813,android,west,1074,TRUE,1
ae00294,c0492,o00876,27/11/2025 02:21,track_order,s33068,android,west,405,TRUE,1
ae00295,c0449,o01002,30/03/2025 00:14,payment_retry,s13138,android,west,246,TRUE,1
ae00296,c0471,o00635,30/06/2025 16:35,eta_refresh,s10325,android,riverside,187,TRUE,1
ae00297,c0411,o01163,25/03/2025 01:02,payment_retry,s30130,ios,central,565,TRUE,1
ae00298,c0107,o01189,14/06/2025 12:47,track_order,s71004,ios,east,78,TRUE,1
ae00300,c0014,o00867,16/08/2024 00:18,eta_refresh,s10509,android,north,214,TRUE,1
ae00302,c0555,o00728,31/03/2025 12:56,chat_opened,s23029,web,north,692,TRUE,1
ae00303,c0274,o00142,01/01/2025 07:52,cancel_attempt,s47090,web,south,233,TRUE,1
ae00304,c0401,o00211,25/10/2025 04:43,search_route,s24776,web,north,324,TRUE,1
ae00305,c0428,o00667,12/02/2024 16:22,eta_refresh,s55317,ios,east,226,TRUE,1
ae00306,c0401,o00753,28/08/2024 19:44,chat_escalated,s68086,ios,east,265,TRUE,1
ae00307,c0173,o00956,09/01/2025 16:55,chat_escalated,s58130,android,ctr,270,FALSE,0
ae00308,c0182,o00880,01/04/2025 08:58,eta_refresh,s58033,ios,ctr,535,TRUE,1
ae00309,c0169,o01161,15/12/2024 06:35,delivery_instruction_update,s21517,android,west,295,TRUE,1
ae00310,c0229,o01161,25/09/2025 04:08,chat_opened,s21891,ios,west,206,TRUE,1
ae00313,c0337,o00032,18/11/2025 21:27,track_order,s88456,android,west,400,TRUE,1
ae00314,c0047,o00755,20/12/2024 19:40,cancel_attempt,s71075,ios,south,579,TRUE,1
ae00315,c0137,o00044,13/02/2025 08:27,delivery_instruction_update,s89689,android,west,296,TRUE,1
ae00316,c0304,o01244,17/02/2025 13:00,eta_refresh,s25067,android,airport,440,TRUE,1
ae00317,c0014,o00912,03/05/2025 14:40,track_order,s67860,web,riverside,584,TRUE,1
ae00318,c0031,o00212,01/01/2024 15:57,track_order,s16209,ios,airport,668,TRUE,1
ae00320,c0244,o00884,29/10/2024 23:06,chat_opened,s67074,android,north,60,TRUE,1
ae00321,c0239,o00437,01/02/2024 21:51,search_route,s46797,ios,riverside,356,TRUE,1
ae00322,c0481,o00344,26/01/2024 21:37,eta_refresh,s17051,android,riverside,147,TRUE,1
ae00323,c0648,o01237,11/03/2025 03:52,payment_retry,s20836,ios,ctr,752,FALSE,0
ae00324,c0078,o00721,22/05/2025 15:38,eta_refresh,s34536,web,east,310,TRUE,1
ae00325,c0479,o00062,29/06/2024 12:26,eta_refresh,s70624,android,north,180,TRUE,1
ae00326,c0518,o00946,01/07/2025 13:21,track_order,s29534,ios,airport,202,TRUE,1
ae00327,c0186,o00341,13/02/2024 16:18,search_route,s92655,web,central,311,TRUE,1
ae00329,c0172,o00193,21/08/2024 13:52,track_order,s67439,android,airport,387,TRUE,1
ae00330,c0479,o00220,04/06/2024 23:57,payment_retry,s57427,web,airport,577,TRUE,1
ae00332,c0247,o00391,23/04/2024 06:44,chat_opened,s99938,android,west,409,TRUE,1
ae00333,c0138,o00453,05/05/2024 18:40,chat_opened,s20673,ios,north,944,TRUE,1
ae00335,c0520,o00499,01/08/2025 01:29,chat_opened,s97260,ios,east,389,TRUE,1
ae00337,c0529,o00319,19/05/2025 05:31,search_route,s60782,ios,airport,385,TRUE,1
ae00338,c0257,o00890,01/08/2024 09:26,payment_retry,s92069,android,south,523,TRUE,1
ae00340,c0330,o00762,11/06/2024 14:01,track_order,s97505,ios,east,444,TRUE,1
ae00341,c0537,o01121,24/06/2025 07:43,chat_opened,s44241,ios,riverside,527,TRUE,1
ae00342,c0245,o00134,26/02/2025 11:20,delivery_instruction_update,s34258,android,west,897,TRUE,1
ae00345,c0535,o01106,25/10/2025 23:21,track_order,s27492,ios,north,425,TRUE,1
ae00346,c0367,o00864,24/07/2025 12:46,track_order,s85123,android,east,466,TRUE,1
ae00348,c0470,o00950,06/05/2025 06:45,chat_opened,s12702,android,central,73,TRUE,1
ae00349,c0568,o00258,01/07/2025 01:46,search_route,s68625,android,ctr,599,TRUE,1
ae00350,c0440,o00649,11/07/2024 13:26,chat_escalated,s55047,web,riverside,431,TRUE,1
ae00352,c0372,o01052,04/07/2025 15:37,payment_retry,s40310,android,east,339,FALSE,0
ae00353,c0467,o01164,19/06/2025 03:46,track_order,s84118,web,airport,1240,TRUE,1
ae00354,c0240,o00522,31/12/2025 09:17,payment_retry,s88059,ios,airport,224,TRUE,1
ae00355,c0024,o00498,05/09/2025 07:19,eta_refresh,s50272,web,ctr,162,TRUE,1
ae00357,c0237,o00715,31/03/2024 09:46,track_order,s58207,android,west,155,TRUE,1
ae00359,c0246,o00285,20/07/2025 17:10,chat_opened,s75742,android,north,421,TRUE,1
ae00361,c0107,o01138,11/08/2024 22:50,chat_opened,s52326,android,airport,1690,TRUE,1
ae00362,c0110,o00472,18/05/2025 06:34,cancel_attempt,s41990,android,central,712,TRUE,1
ae00364,c0442,o00437,28/12/2025 12:16,chat_opened,s62470,android,west,191,TRUE,1
ae00366,c0303,o00876,12/02/2025 17:14,track_order,s28427,ios,east,374,TRUE,1
ae00368,c0198,o00108,13/05/2024 12:41,eta_refresh,s81518,ios,south,690,TRUE,1
ae00369,c0233,o00056,03/07/2025 19:28,payment_retry,s64693,android,south,767,TRUE,1
ae00370,c0143,o00349,04/11/2025 05:48,track_order,s81391,android,south,248,TRUE,1
ae00371,c0465,o00120,02/09/2025 04:20,delivery_instruction_update,s69933,android,south,567,TRUE,1
ae00372,c0031,o01153,11/01/2025 08:26,chat_escalated,s31367,android,north,421,FALSE,0
ae00373,c0428,o00887,05/06/2024 00:55,eta_refresh,s30198,web,airport,749,TRUE,1
ae00375,c0191,o01124,22/03/2025 13:47,delivery_instruction_update,s67260,ios,riverside,669,TRUE,1
ae00376,c0097,o00348,15/10/2025 06:18,track_order,s46372,android,east,337,TRUE,1
ae00377,c0144,o00866,14/11/2024 08:15,eta_refresh,s75566,android,south,60,TRUE,1
ae00378,c0528,o01093,17/07/2025 03:13,track_order,s64607,ios,airport,668,TRUE,1
ae00379,c0649,o00517,27/02/2024 15:55,chat_opened,s53800,ios,south,301,TRUE,1
ae00380,c0134,o01002,21/12/2025 09:44,eta_refresh,s23762,android,central,60,TRUE,1
ae00381,c0573,o00812,17/04/2025 07:41,eta_refresh,s64472,android,east,517,TRUE,1
ae00382,c0361,o01249,02/11/2025 07:29,eta_refresh,s86079,ios,central,428,TRUE,1
ae00383,c0313,o01239,08/07/2025 22:02,chat_escalated,s25556,ios,north,534,TRUE,1
ae00384,c0425,o00303,13/07/2025 15:37,payment_retry,s91940,android,airport,265,TRUE,1
ae00385,c0331,o01246,23/02/2025 03:07,delivery_instruction_update,s85959,ios,riverside,636,TRUE,1
ae00386,c0269,o01127,20/03/2025 05:38,chat_opened,s72987,ios,east,436,TRUE,1
ae00389,c0026,o00884,14/07/2024 21:54,search_route,s34019,web,airport,1265,TRUE,1
ae00393,c0406,o01209,01/01/2025 09:37,chat_escalated,s87121,ios,west,324,TRUE,1
ae00394,c0292,o01005,26/04/2025 09:01,chat_opened,s35246,ios,east,267,TRUE,1
ae00395,c0016,o00748,30/04/2024 02:38,search_route,s79318,ios,airport,161,TRUE,1
ae00396,c0564,o00111,02/01/2024 03:02,track_order,s54033,web,airport,1633,TRUE,1
ae00397,c0517,o00180,16/08/2024 20:27,search_route,s72253,ios,airport,676,TRUE,1
ae00400,c0256,o01216,07/10/2024 04:49,search_route,s90819,ios,north,149,TRUE,1
ae00402,c0459,o00554,15/01/2025 08:37,track_order,s46288,ios,south,655,TRUE,1
ae00403,c0180,o00149,19/03/2025 09:20,payment_retry,s10192,android,ctr,108,TRUE,1
ae00404,c0121,o01227,05/04/2025 09:01,eta_refresh,s46724,ios,riverside,521,TRUE,1
ae00405,c0534,o00754,26/10/2024 21:19,search_route,s47493,android,airport,391,TRUE,1
ae00407,c0323,o00442,12/01/2025 17:00,track_order,s11233,ios,riverside,435,TRUE,1
ae00408,c0188,o01142,27/01/2024 06:30,delivery_instruction_update,s52727,android,west,94,TRUE,1
ae00409,c0553,o00968,18/05/2025 14:10,payment_retry,s15466,android,south,247,TRUE,1
ae00410,c0377,o00170,15/08/2024 13:48,cancel_attempt,s21027,android,central,556,TRUE,1
ae00411,c0232,o00652,11/07/2025 06:55,eta_refresh,s54027,web,west,318,TRUE,1
ae00413,c0615,o00548,30/06/2025 19:24,chat_opened,s29100,web,east,415,TRUE,1
ae00417,c0381,o01091,26/05/2025 16:35,payment_retry,s83880,android,west,93,FALSE,0
ae00418,c0012,o01122,06/11/2025 16:41,track_order,s77156,android,west,489,TRUE,1
ae00420,c0292,o00068,12/07/2025 13:05,track_order,s85103,android,north,313,TRUE,1
ae00422,c0441,o00626,03/05/2024 17:49,eta_refresh,s44698,android,airport,1148,TRUE,1
ae00424,c0122,o00515,30/01/2025 01:54,track_order,s63816,android,airport,863,TRUE,1
ae00425,c0444,o00651,13/12/2025 07:30,track_order,s51771,web,airport,427,TRUE,1
ae00426,c0232,o00442,06/01/2024 16:17,eta_refresh,s91627,android,east,385,TRUE,1
ae00429,c0604,o00119,29/05/2025 18:52,delivery_instruction_update,s89816,ios,riverside,374,TRUE,1
ae00430,c0293,o00589,27/02/2025 18:39,eta_refresh,s54890,android,north,507,TRUE,1
ae00431,c0498,o00890,12/12/2024 02:40,search_route,s42910,android,south,840,TRUE,1
ae00433,c0505,o01229,08/11/2024 11:31,cancel_attempt,s95338,web,south,173,TRUE,1
ae00434,c0568,o00624,01/07/2024 20:26,track_order,s65887,android,east,572,TRUE,1
ae00436,c0105,o00400,11/09/2024 01:02,payment_retry,s32334,ios,riverside,607,TRUE,1
ae00437,c0039,o01030,22/01/2024 18:04,payment_retry,s89304,ios,west,153,FALSE,0
ae00438,c0141,o00110,03/06/2025 18:59,eta_refresh,s56257,android,riverside,880,TRUE,1
ae00439,c0266,o00694,22/06/2025 20:44,chat_opened,s88251,ios,south,442,TRUE,1
ae00440,c0343,o00175,10/10/2024 07:45,eta_refresh,s65286,android,east,343,TRUE,1
ae00441,c0410,o00491,03/02/2025 05:01,track_order,s20334,android,east,633,TRUE,1
ae00442,c0399,o01089,29/03/2024 12:18,chat_opened,s61743,ios,airport,613,TRUE,1
ae00443,c0352,o00052,17/06/2024 16:24,track_order,s44595,web,north,427,TRUE,1
ae00444,c0033,o00457,27/10/2025 22:48,chat_opened,s80276,android,ctr,444,TRUE,1
ae00445,c0059,o00368,28/08/2024 18:45,search_route,s64535,android,east,257,TRUE,1
ae00448,c0116,o00640,03/06/2025 06:20,payment_retry,s60860,web,west,696,TRUE,1
ae00449,c0448,o01046,16/05/2025 16:42,track_order,s75654,android,central,354,TRUE,1
ae00450,c0127,o00569,17/10/2024 16:23,cancel_attempt,s31505,android,riverside,481,TRUE,1
ae00451,c0263,o00397,19/04/2024 20:58,payment_retry,s48520,web,north,566,TRUE,1
ae00452,c0328,o01033,14/10/2025 21:53,payment_retry,s67845,android,south,865,TRUE,1
ae00453,c0533,o01050,07/01/2025 07:22,eta_refresh,s27396,android,south,60,TRUE,1
ae00456,c0065,o00468,26/08/2025 00:32,chat_opened,s41927,ios,west,445,TRUE,1
ae00459,c0530,o00259,01/05/2025 22:20,eta_refresh,s39920,android,riverside,633,TRUE,1
ae00461,c0338,o00694,20/01/2025 13:17,search_route,s99353,android,south,560,TRUE,1
ae00462,c0306,o00871,08/07/2024 17:38,track_order,s25207,web,airport,1403,TRUE,1
ae00463,c0632,o00578,12/12/2025 16:29,search_route,s67860,ios,west,459,TRUE,1
ae00465,c0405,o00472,14/10/2024 12:40,payment_retry,s46496,android,north,289,TRUE,1
ae00466,c0340,o00877,07/02/2025 04:03,delivery_instruction_update,s79340,ios,north,741,TRUE,1
ae00467,c0020,o00568,16/11/2024 21:24,eta_refresh,s88112,web,north,72,TRUE,1
ae00468,c0256,o00270,21/08/2025 17:49,chat_opened,s77533,android,airport,386,TRUE,1
ae00469,c0364,o00426,01/10/2025 02:21,chat_opened,s25925,android,north,230,TRUE,1
ae00470,c0426,o00313,12/07/2024 14:41,chat_opened,s38146,ios,north,630,TRUE,1
ae00472,c0598,o00433,03/08/2024 09:44,search_route,s33427,ios,west,400,TRUE,1
ae00473,c0237,o00215,30/01/2025 21:28,payment_retry,s43089,android,central,404,TRUE,1
ae00474,c0395,o01240,06/11/2025 13:46,chat_opened,s54474,android,west,476,TRUE,1
ae00475,c0408,o00456,20/11/2025 04:29,track_order,s71913,ios,south,763,TRUE,1
ae00476,c0523,o00217,23/04/2024 05:35,track_order,s88872,web,west,294,TRUE,1
ae00478,c0629,o00162,04/08/2024 19:21,cancel_attempt,s92557,ios,west,511,TRUE,1
ae00479,c0607,o00836,09/01/2025 13:34,eta_refresh,s96851,ios,west,266,TRUE,1
ae00480,c0376,o00946,17/09/2025 13:25,eta_refresh,s83765,web,west,655,TRUE,1
ae00481,c0120,o00026,09/02/2025 09:36,eta_refresh,s31920,ios,west,486,TRUE,1
ae00482,c0538,o01053,25/05/2025 15:42,track_order,s90703,android,central,363,TRUE,1
ae00483,c0220,o00464,05/08/2025 22:34,payment_retry,s60131,android,north,378,TRUE,1
ae00484,c0409,o00954,08/09/2024 07:04,chat_opened,s54681,android,east,366,TRUE,1
ae00485,c0286,o00820,22/03/2025 14:00,search_route,s27241,ios,ctr,650,TRUE,1
ae00486,c0642,o01090,24/11/2024 12:57,delivery_instruction_update,s44319,web,east,445,TRUE,1
ae00487,c0113,o00668,30/03/2024 03:51,search_route,s82488,web,riverside,407,TRUE,1
ae00488,c0403,o00609,02/06/2025 02:06,payment_retry,s49774,ios,north,504,FALSE,0
ae00489,c0216,o00923,06/09/2025 07:08,search_route,s25859,web,airport,93,TRUE,1
ae00490,c0092,o00951,16/11/2024 07:23,track_order,s49678,android,central,629,TRUE,1
ae00491,c0280,o00387,28/10/2024 12:40,eta_refresh,s83479,ios,east,379,TRUE,1
ae00492,c0626,o00321,27/09/2025 14:21,chat_escalated,s90324,web,central,732,FALSE,0
ae00493,c0032,o00014,16/10/2025 22:09,search_route,s81341,android,west,609,TRUE,1
ae00495,c0152,o00180,26/05/2025 14:42,eta_refresh,s19414,ios,north,461,TRUE,1
ae00496,c0449,o00883,21/02/2024 07:36,chat_escalated,s79276,android,south,699,TRUE,1
ae00497,c0019,o00629,09/10/2024 04:18,search_route,s48419,android,south,570,TRUE,1
ae00500,c0044,o01025,09/11/2025 05:18,cancel_attempt,s17169,android,riverside,401,TRUE,1
ae00502,c0298,o00586,11/06/2025 10:21,delivery_instruction_update,s37174,ios,riverside,339,TRUE,1
ae00503,c0112,o00001,02/08/2024 12:35,delivery_instruction_update,s44209,android,riverside,204,TRUE,1
ae00504,c0530,o00911,27/09/2024 20:14,eta_refresh,s26188,ios,north,650,TRUE,1
ae00505,c0126,o00933,16/07/2025 13:22,delivery_instruction_update,s77180,web,riverside,60,TRUE,1
ae00506,c0521,o00847,12/06/2025 23:24,search_route,s52317,android,north,746,TRUE,1
ae00507,c0613,o00916,30/12/2025 23:05,eta_refresh,s75035,ios,east,805,TRUE,1
ae00509,c0408,o00111,01/09/2025 23:13,delivery_instruction_update,s54652,ios,north,558,TRUE,1
ae00510,c0622,o01201,10/09/2025 05:05,chat_opened,s76345,android,west,200,TRUE,1
ae00511,c0603,o00263,23/02/2025 07:32,eta_refresh,s15323,android,south,626,TRUE,1
ae00512,c0089,o00210,09/04/2024 08:22,payment_retry,s31359,ios,ctr,171,TRUE,1
ae00514,c0479,o00130,16/04/2024 07:25,track_order,s88181,android,west,563,TRUE,1
ae00515,c0239,o00552,10/08/2025 23:50,track_order,s66252,ios,south,241,TRUE,1
ae00516,c0054,o00305,19/08/2024 07:16,eta_refresh,s55049,android,west,695,TRUE,1
ae00517,c0089,o00288,06/01/2025 00:09,eta_refresh,s30949,android,riverside,358,TRUE,1
ae00518,c0313,o00598,20/03/2025 18:15,cancel_attempt,s42373,android,south,60,TRUE,1
ae00519,c0425,o00482,13/03/2025 19:45,delivery_instruction_update,s91220,android,south,472,TRUE,1
ae00520,c0221,o00875,30/11/2025 11:23,delivery_instruction_update,s38093,ios,south,60,TRUE,1
ae00521,c0542,o01079,26/08/2024 03:38,eta_refresh,s43006,android,airport,153,TRUE,1
ae00522,c0495,o00380,09/01/2024 03:41,eta_refresh,s15468,ios,airport,247,TRUE,1
ae00524,c0377,o00759,17/03/2024 02:17,chat_opened,s27328,ios,airport,1468,TRUE,1
ae00525,c0300,o01001,23/07/2025 15:34,delivery_instruction_update,s49936,android,central,716,TRUE,1
ae00528,c0502,o00032,28/02/2025 15:15,eta_refresh,s61761,android,north,376,TRUE,1
ae00530,c0433,o00520,01/01/2024 10:39,eta_refresh,s29551,ios,riverside,279,TRUE,1
ae00531,c0175,o00897,13/12/2025 19:30,payment_retry,s18824,ios,east,298,FALSE,0
ae00533,c0358,o00953,10/11/2024 03:21,eta_refresh,s56553,ios,ctr,662,TRUE,1
ae00534,c0518,o00447,04/01/2024 16:24,eta_refresh,s59635,android,north,271,TRUE,1
ae00535,c0133,o01234,23/05/2025 02:05,chat_opened,s28612,android,airport,405,TRUE,1
ae00537,c0124,o00394,10/08/2024 21:10,search_route,s68896,android,south,431,TRUE,1
ae00538,c0597,o00135,18/04/2024 11:43,delivery_instruction_update,s20205,ios,east,666,TRUE,1
ae00539,c0145,o00986,06/07/2024 23:30,track_order,s78417,web,east,133,TRUE,1
ae00541,c0635,o00803,06/06/2024 20:52,track_order,s34716,ios,riverside,83,TRUE,1
ae00542,c0508,o00291,28/09/2024 21:45,track_order,s86081,ios,south,267,TRUE,1
ae00543,c0176,o00002,26/06/2025 03:34,track_order,s74871,ios,airport,244,TRUE,1
ae00544,c0411,o00258,17/06/2024 01:39,chat_opened,s14020,ios,ctr,451,TRUE,1
ae00545,c0019,o00640,23/10/2025 01:47,search_route,s93178,android,central,171,TRUE,1
ae00546,c0041,o00050,18/07/2025 12:02,eta_refresh,s37605,web,north,242,TRUE,1
ae00547,c0238,o00764,28/09/2024 04:05,chat_escalated,s36427,android,riverside,1138,FALSE,0
ae00548,c0454,o00923,03/05/2024 13:22,chat_opened,s35306,android,east,510,TRUE,1
ae00549,c0442,o00287,29/08/2025 00:35,delivery_instruction_update,s64617,ios,west,763,TRUE,1
ae00550,c0388,o00923,15/08/2024 18:46,search_route,s46051,android,north,549,TRUE,1
ae00551,c0013,o00455,15/06/2025 23:09,chat_opened,s84328,android,riverside,477,TRUE,1
ae00552,c0616,o01232,28/07/2024 14:12,search_route,s47519,android,south,671,TRUE,1
ae00554,c0394,o01117,03/11/2024 05:42,track_order,s93872,web,south,292,TRUE,1
ae00557,c0187,o00982,13/02/2025 06:44,chat_opened,s54552,ios,riverside,720,TRUE,1
ae00558,c0129,o01192,27/08/2024 13:04,payment_retry,s40376,ios,east,603,TRUE,1
ae00559,c0337,o01131,30/01/2024 07:36,chat_escalated,s93047,ios,airport,426,FALSE,0
ae00560,c0062,o01056,30/03/2025 12:44,chat_opened,s36308,android,airport,60,TRUE,1
ae00561,c0006,o00716,14/03/2024 20:26,chat_opened,s17807,web,south,97,TRUE,1
ae00562,c0291,o00100,17/05/2024 23:35,payment_retry,s45061,android,south,567,FALSE,0
ae00563,c0259,o00572,07/11/2025 23:10,search_route,s94354,ios,east,424,TRUE,1
ae00564,c0620,o00745,29/06/2025 18:33,track_order,s88208,android,south,854,TRUE,1
ae00565,c0260,o00177,19/09/2024 23:02,track_order,s51574,web,south,351,TRUE,1
ae00566,c0538,o00071,15/12/2024 09:29,chat_opened,s13907,ios,airport,709,TRUE,1
ae00568,c0033,o00103,16/07/2025 05:21,search_route,s88268,ios,airport,691,TRUE,1
ae00569,c0029,o00438,20/05/2025 00:59,cancel_attempt,s35398,android,west,831,TRUE,1
ae00570,c0133,o01194,21/05/2024 17:50,delivery_instruction_update,s69203,ios,riverside,387,TRUE,1
ae00571,c0568,o00328,08/01/2025 15:50,chat_escalated,s30102,web,south,661,TRUE,1
ae00573,c0291,o00865,17/04/2024 04:45,chat_opened,s32689,android,central,256,TRUE,1
ae00574,c0591,o01219,20/08/2025 22:54,track_order,s22064,android,airport,517,TRUE,1
ae00575,c0509,o00011,26/12/2024 18:38,track_order,s44128,ios,airport,456,TRUE,1
ae00576,c0218,o00901,04/11/2024 21:00,search_route,s39058,android,west,488,TRUE,1
ae00577,c0050,o00217,29/10/2025 03:52,payment_retry,s25608,ios,south,280,TRUE,1
ae00578,c0289,o01215,28/06/2025 05:20,chat_opened,s40958,android,ctr,1462,TRUE,1
ae00579,c0088,o01143,28/07/2025 12:36,search_route,s48311,android,north,730,TRUE,1
ae00580,c0442,o00629,11/10/2025 08:12,delivery_instruction_update,s87300,android,east,60,TRUE,1
ae00582,c0509,o00053,01/01/2025 20:04,chat_escalated,s17952,ios,central,1402,FALSE,0
ae00583,c0040,o00424,19/12/2024 02:44,eta_refresh,s38065,ios,east,60,TRUE,1
ae00585,c0183,o00458,21/06/2025 10:17,eta_refresh,s16357,android,central,152,TRUE,1
ae00588,c0046,o00582,03/06/2025 08:19,payment_retry,s73412,ios,riverside,516,FALSE,0
ae00591,c0099,o00801,06/11/2024 12:29,eta_refresh,s78327,android,central,755,TRUE,1
ae00594,c0208,o00618,03/03/2024 09:59,track_order,s43752,ios,west,308,TRUE,1
ae00595,c0610,o00716,02/10/2025 23:19,eta_refresh,s26110,android,south,142,TRUE,1
ae00596,c0174,o00190,01/01/2024 19:53,eta_refresh,s32843,ios,airport,462,TRUE,1
ae00597,c0514,o00030,02/12/2024 18:45,track_order,s92720,ios,riverside,234,TRUE,1
ae00599,c0410,o00517,10/09/2024 00:17,chat_escalated,s52699,web,riverside,282,TRUE,1
ae00600,c0634,o00251,03/12/2024 03:06,payment_retry,s11815,ios,west,432,TRUE,1
ae00601,c0503,o00374,06/01/2025 09:15,delivery_instruction_update,s37139,android,north,850,TRUE,1
ae00602,c0278,o00559,29/11/2024 17:16,chat_opened,s47257,android,south,355,TRUE,1
ae00603,c0232,o00960,04/07/2024 16:58,search_route,s62391,web,south,552,TRUE,1
ae00604,c0378,o00338,05/05/2024 23:01,search_route,s93133,ios,ctr,266,TRUE,1
ae00605,c0576,o01052,20/07/2024 03:58,chat_escalated,s79827,web,north,235,FALSE,0
ae00606,c0442,o00536,20/01/2025 17:25,eta_refresh,s68063,ios,south,394,TRUE,1
ae00607,c0128,o01228,05/10/2024 00:14,eta_refresh,s70979,ios,north,609,TRUE,1
ae00608,c0032,o00812,21/10/2025 12:26,eta_refresh,s22172,web,riverside,60,TRUE,1
ae00609,c0003,o00895,27/06/2025 12:45,payment_retry,s43719,ios,riverside,715,TRUE,1
ae00611,c0038,o00716,01/11/2024 15:56,track_order,s52284,android,riverside,60,TRUE,1
ae00612,c0446,o00508,26/07/2024 04:10,track_order,s42727,web,west,605,TRUE,1
ae00613,c0263,o00620,03/03/2025 17:24,search_route,s70320,android,west,355,TRUE,1
ae00614,c0351,o00652,01/05/2024 01:28,eta_refresh,s73106,android,ctr,154,TRUE,1
ae00615,c0450,o00983,04/09/2025 00:03,eta_refresh,s99323,ios,west,322,TRUE,1
ae00616,c0340,o00578,08/04/2025 21:34,delivery_instruction_update,s42991,android,south,569,TRUE,1
ae00618,c0058,o01053,14/05/2025 10:54,track_order,s64470,ios,north,294,TRUE,1
ae00619,c0279,o00904,14/03/2024 15:05,cancel_attempt,s29439,ios,west,551,TRUE,1
ae00620,c0017,o01083,02/08/2025 12:06,track_order,s69072,android,north,448,TRUE,1
ae00621,c0141,o01114,30/10/2025 17:01,delivery_instruction_update,s54683,android,east,778,TRUE,1
ae00623,c0168,o00809,04/01/2025 07:15,track_order,s80005,android,airport,444,TRUE,1
ae00624,c0214,o00374,27/06/2025 06:15,delivery_instruction_update,s81380,ios,airport,1285,TRUE,1
ae00625,c0650,o00427,18/08/2024 13:02,search_route,s41166,android,south,333,TRUE,1
ae00626,c0159,o00492,29/09/2024 13:26,track_order,s38639,android,west,414,TRUE,1
ae00628,c0264,o00101,06/05/2025 06:56,eta_refresh,s90532,android,east,462,TRUE,1
ae00629,c0412,o01113,29/08/2025 10:33,track_order,s17041,android,west,211,TRUE,1
ae00630,c0161,o00372,18/06/2025 06:26,chat_opened,s53370,ios,south,60,TRUE,1
ae00631,c0106,o00340,03/04/2024 16:30,chat_escalated,s75165,ios,south,313,TRUE,1
ae00632,c0459,o00658,03/10/2024 01:10,chat_opened,s57477,android,south,283,TRUE,1
ae00633,c0298,o00533,22/07/2024 05:38,delivery_instruction_update,s42849,web,north,242,TRUE,1
ae00635,c0175,o00485,04/09/2025 14:17,delivery_instruction_update,s65669,ios,north,245,TRUE,1
ae00636,c0431,o00575,07/12/2025 01:24,chat_opened,s12829,web,south,172,TRUE,1
ae00637,c0550,o01112,22/05/2024 07:43,search_route,s63179,web,central,535,TRUE,1
ae00638,c0184,o01227,08/09/2024 23:22,eta_refresh,s73176,android,east,758,TRUE,1
ae00639,c0191,o00991,06/01/2025 07:47,eta_refresh,s77218,android,ctr,223,TRUE,1
