order_id,customer_id,service_type,order_created_at,promised_window_hours,pickup_zone,dropoff_zone,priority_level,order_value,booking_channel,special_handling_flag
o00001,c0292,passenger,20/08/2024,6,airport,south,medium,126.65,app,FALSE
o00002,c0459,passenger,14/05/2024,24,north,airport,low,109.3,app,FALSE
o00003,c0161,passenger,02/09/2025,4,west,airport,high,33.5,phone,FALSE
o00004,c0520,parcel,11/01/2025,2,riverside,north,medium,10.04,app,TRUE
o00005,c0558,retail,17/02/2025,12,riverside,south,low,125.58,phone,FALSE
o00006,c0437,retail,05/08/2024,1,central,east,high,151.44,web,TRUE
o00007,c0001,business,05/05/2024,2,central,airport,low,76.12,app,FALSE
o00008,c0157,parcel,03/04/2024,4,riverside,riverside,medium,35.06,phone,FALSE
o00009,c0141,retail,03/10/2024,12,north,east,critical,78.93,app,FALSE
o00010,c0171,retail,29/01/2025,6,south,north,low,34.55,phone,FALSE
o00011,c0340,parcel,04/08/2025,12,west,central,low,79.1,phone,FALSE
o00012,c0567,business,16/01/2024,12,east,airport,medium,135.67,app,FALSE
o00013,c0234,retail,29/03/2024,24,airport,central,medium,302.7,app,FALSE
o00014,c0318,passenger,25/08/2024,6,ctr,ctr,low,90.96,phone,FALSE
o00015,c0300,business,09/11/2025,6,south,east,high,145.58,web,FALSE
o00016,c0022,parcel,29/07/2025,6,central,ctr,medium,92.66,app,FALSE
o00017,c0499,parcel,27/05/2025,24,airport,south,low,60.9,app,FALSE
o00018,c0506,passenger,08/03/2024,6,north,riverside,high,121.11,phone,FALSE
o00019,c0425,passenger,31/03/2024,6,north,central,low,56.26,phone,FALSE
o00020,c0249,retail,09/05/2024,2,west,airport,medium,100.78,app,FALSE
o00021,c0218,passenger,16/10/2024,2,west,north,medium,49.99,web,FALSE
o00022,c0594,retail,20/04/2025,12,riverside,central,medium,134.88,phone,FALSE
o00023,c0077,passenger,05/10/2025,4,north,north,medium,122.25,app,FALSE
o00024,c0397,passenger,10/10/2024,6,south,riverside,high,132.2,app,TRUE
o00025,c0297,passenger,10/01/2025,6,north,riverside,critical,66.51,app,FALSE
o00026,c0193,parcel,10/11/2025,24,east,west,high,51.09,app,FALSE
o00027,c0024,parcel,26/02/2025,4,riverside,north,medium,96.62,app,FALSE
o00028,c0160,retail,21/12/2025,4,north,south,high,59.44,app,FALSE
o00029,c0366,medical,11/09/2024,24,east,ctr,medium,190.94,web,FALSE
o00030,c0406,medical,05/10/2025,12,north,east,low,44.84,app,FALSE
o00031,c0573,passenger,25/10/2024,24,east,airport,medium,55.14,app,FALSE
o00032,c0297,passenger,15/09/2025,1,central,east,medium,126.43,app,TRUE
o00033,c0471,retail,30/12/2025,6,north,east,low,36.7,phone,TRUE
o00034,c0023,retail,18/02/2025,2,north,south,low,40.88,app,FALSE
o00035,c0524,business,14/06/2024,4,north,central,medium,209.07,web,FALSE
o00036,c0126,parcel,06/11/2024,4,riverside,north,medium,73.14,app,FALSE
o00037,c0015,retail,10/02/2024,24,east,airport,low,119.31,phone,FALSE
o00038,c0142,retail,06/10/2025,2,riverside,east,medium,168.48,phone,FALSE
o00039,c0351,parcel,01/08/2025,6,east,riverside,low,54.85,web,TRUE
o00040,c0014,parcel,24/05/2025,1,north,airport,low,74.65,app,FALSE
o00041,c0243,retail,17/09/2024,12,riverside,west,low,19.15,app,FALSE
o00042,c0606,retail,01/12/2025,24,riverside,ctr,medium,133.72,phone,TRUE
o00043,c0416,retail,01/01/2024,12,east,riverside,medium,48.59,app,FALSE
o00044,c0227,business,02/11/2025,4,west,riverside,medium,61.45,phone,TRUE
o00046,c0538,parcel,13/12/2025,4,north,central,high,85.48,app,FALSE
o00047,c0220,medical,28/11/2025,2,west,north,medium,39.57,app,FALSE
o00048,c0145,medical,22/11/2024,4,riverside,north,low,43.37,app,FALSE
o00049,c0380,passenger,19/12/2024,2,west,south,low,66.46,phone,TRUE
o00050,c0544,passenger,29/03/2024,1,north,ctr,low,33.93,app,FALSE
o00051,c0185,business,07/02/2025,12,airport,east,critical,14.48,web,TRUE
o00052,c0150,retail,14/08/2024,12,north,riverside,medium,293.65,app,FALSE
o00053,c0054,parcel,02/04/2024,24,east,east,low,73.56,app,FALSE
o00054,c0478,medical,29/03/2025,4,north,north,low,54.41,web,FALSE
o00055,c0454,retail,30/05/2025,2,airport,riverside,medium,73.7,app,FALSE
o00056,c0271,parcel,05/10/2025,4,south,central,high,160.35,web,FALSE
o00057,c0226,business,04/06/2025,4,east,north,medium,194.03,app,FALSE
o00058,c0083,passenger,16/12/2025,2,south,east,critical,51.95,web,FALSE
o00059,c0640,passenger,20/11/2025,2,central,airport,medium,20.32,web,FALSE
o00060,c0258,medical,10/05/2024,6,north,east,critical,37.52,web,FALSE
o00061,c0289,passenger,12/07/2024,6,airport,north,high,238.9,web,TRUE
o00062,c0177,passenger,26/07/2025,4,west,airport,medium,45.44,web,FALSE
o00063,c0168,retail,13/07/2025,12,south,airport,low,57.56,app,FALSE
o00064,c0346,business,14/10/2025,12,central,riverside,high,45.43,app,FALSE
o00065,c0285,parcel,23/09/2024,4,south,west,high,61.59,app,FALSE
o00066,c0421,passenger,21/06/2024,4,south,east,low,237.58,app,FALSE
o00067,c0339,passenger,25/02/2025,6,west,west,critical,131.1,web,FALSE
o00068,c0084,parcel,13/10/2025,2,riverside,east,medium,40.58,app,FALSE
o00069,c0369,passenger,19/05/2024,12,airport,riverside,medium,103.29,phone,TRUE
o00070,c0125,retail,13/05/2025,4,ctr,airport,low,165.63,app,FALSE
o00071,c0109,medical,31/08/2024,1,north,south,low,157.58,phone,FALSE
o00072,c0060,medical,07/01/2024,2,west,riverside,medium,7.32,app,FALSE
o00073,c0331,passenger,31/03/2025,4,ctr,south,high,30.82,app,FALSE
o00074,c0644,parcel,18/10/2025,6,riverside,riverside,critical,20.6,app,FALSE
o00075,c0026,business,02/11/2024,2,north,east,medium,85.65,web,FALSE
o00076,c0075,retail,25/12/2025,4,ctr,riverside,low,100.62,phone,FALSE
o00077,c0543,medical,30/07/2025,4,riverside,central,low,150.98,app,FALSE
o00078,c0434,parcel,06/10/2025,6,west,riverside,medium,94.04,app,FALSE
o00079,c0353,parcel,10/03/2025,2,west,airport,medium,48.85,app,FALSE
o00080,c0082,parcel,13/11/2025,4,south,south,medium,135.71,app,FALSE
o00081,c0004,passenger,17/04/2025,6,west,airport,low,208.38,app,FALSE
o00082,c0531,retail,30/07/2024,12,central,west,medium,36.55,app,FALSE
o00083,c0215,medical,23/10/2024,2,airport,south,low,127.88,app,FALSE
o00084,c0103,passenger,13/05/2025,4,west,north,high,157.73,phone,TRUE
o00085,c0505,passenger,02/03/2024,4,north,riverside,low,23.13,app,FALSE
o00086,c0255,passenger,20/07/2024,4,central,airport,high,66.09,app,FALSE
o00087,c0476,business,12/11/2024,4,south,north,critical,56.73,phone,FALSE
o00088,c0157,medical,14/06/2024,24,riverside,east,low,101.67,app,FALSE
o00089,c0339,medical,24/04/2025,6,south,north,high,52.58,web,TRUE
o00090,c0490,business,23/10/2024,4,riverside,south,medium,86.48,app,FALSE
o00091,c0564,parcel,14/03/2024,6,west,airport,critical,43.61,web,FALSE
o00092,c0268,retail,24/04/2025,6,south,east,medium,56.53,web,FALSE
o00093,c0083,business,05/12/2024,4,ctr,west,low,184.11,web,FALSE
o00094,c0361,parcel,27/09/2024,6,airport,north,medium,62.08,phone,FALSE
o00095,c0378,medical,15/05/2025,24,south,north,low,103.06,app,FALSE
o00096,c0441,business,13/07/2024,2,north,west,critical,153.48,web,FALSE
o00097,c0303,parcel,09/01/2024,24,airport,airport,medium,72.64,app,TRUE
o00098,c0586,passenger,03/04/2024,1,north,south,medium,79.53,phone,FALSE
o00099,c0079,retail,04/10/2025,12,airport,east,low,75.64,app,FALSE
o00100,c0300,passenger,30/10/2025,6,riverside,north,medium,23.64,web,FALSE
o00101,c0633,parcel,30/10/2025,24,west,west,low,42.02,app,FALSE
o00102,c0253,passenger,21/05/2024,2,central,north,high,146.42,app,FALSE
o00103,c0456,business,26/01/2024,12,south,west,low,77.37,app,FALSE
o00104,c0395,passenger,28/05/2024,4,east,central,medium,34.3,web,FALSE
o00105,c0070,passenger,09/07/2024,4,north,east,high,18.19,web,FALSE
o00106,c0065,business,29/11/2025,6,east,riverside,low,68.37,app,FALSE
o00107,c0205,medical,13/11/2024,2,riverside,ctr,low,182.35,app,FALSE
o00108,c0046,medical,30/11/2024,12,west,east,medium,70.18,app,FALSE
o00109,c0427,medical,24/10/2025,4,west,east,medium,9.68,app,FALSE
o00110,c0446,passenger,23/08/2024,4,central,south,low,72.23,app,FALSE
o00111,c0521,retail,18/07/2025,24,east,central,medium,52.06,web,FALSE
o00112,c0051,passenger,16/09/2024,2,central,west,medium,86.44,app,FALSE
o00113,c0640,business,12/02/2024,2,east,north,high,113.54,app,FALSE
o00114,c0144,business,05/10/2025,12,south,riverside,high,15.52,app,TRUE
o00115,c0157,passenger,21/02/2024,6,east,north,high,256.93,web,FALSE
o00116,c0452,passenger,09/03/2025,4,north,airport,low,56.59,app,FALSE
o00117,c0516,passenger,10/06/2024,12,east,south,medium,87.81,phone,FALSE
o00118,c0087,retail,18/08/2025,6,south,south,medium,74.68,app,FALSE
o00119,c0229,medical,25/05/2024,4,north,north,low,66.42,app,FALSE
o00120,c0182,passenger,16/06/2024,6,airport,north,medium,85.27,phone,TRUE
o00121,c0604,parcel,14/10/2025,6,east,north,medium,75.67,app,TRUE
o00122,c0597,medical,10/02/2024,1,riverside,north,medium,27.55,app,FALSE
o00123,c0649,retail,14/07/2024,2,west,east,high,21.55,app,FALSE
o00124,c0481,passenger,16/01/2025,24,central,airport,low,34.31,web,TRUE
o00125,c0191,retail,17/09/2025,24,west,south,medium,70.05,app,FALSE
o00126,c0146,parcel,26/05/2024,12,airport,south,medium,55.22,web,FALSE
o00127,c0572,parcel,08/11/2025,2,east,north,medium,171.31,app,FALSE
o00128,c0611,medical,28/12/2025,24,airport,airport,medium,136.66,app,FALSE
o00129,c0538,retail,12/12/2024,12,central,north,high,63.08,phone,FALSE
o00130,c0259,passenger,10/01/2024,6,central,airport,medium,77.97,app,FALSE
o00131,c0478,retail,29/06/2024,24,east,west,medium,14.11,app,FALSE
o00132,c0224,passenger,22/01/2025,2,ctr,central,medium,11.07,app,FALSE
o00133,c0365,passenger,29/03/2025,24,airport,north,medium,128.19,app,TRUE
o00134,c0010,parcel,22/12/2024,4,south,west,critical,23.34,app,FALSE
o00135,c0364,passenger,25/04/2025,24,riverside,north,low,118.96,app,FALSE
o00136,c0413,medical,27/11/2024,1,north,south,high,20.82,app,FALSE
o00137,c0295,parcel,14/03/2025,12,east,south,high,81.5,app,FALSE
o00138,c0149,business,02/10/2025,2,south,airport,medium,99.38,phone,FALSE
o00139,c0545,retail,15/09/2025,2,west,airport,high,4.22,web,FALSE
o00140,c0621,passenger,02/03/2024,4,north,north,low,89.5,app,FALSE
o00141,c0605,business,05/12/2024,1,north,south,high,83.09,web,FALSE
o00142,c0628,retail,31/10/2024,12,ctr,airport,high,83.93,app,FALSE
o00143,c0545,passenger,07/03/2025,24,ctr,central,medium,69.38,app,FALSE
o00144,c0063,business,03/11/2025,4,riverside,central,high,288.86,app,FALSE
o00145,c0595,business,02/11/2024,12,north,riverside,medium,35.95,app,FALSE
o00146,c0168,passenger,10/10/2025,12,east,south,medium,14.05,web,FALSE
o00147,c0096,retail,12/07/2024,6,north,west,critical,32.27,app,FALSE
o00148,c0401,medical,03/04/2025,2,east,east,high,86.3,phone,FALSE
o00149,c0289,business,30/05/2024,4,west,north,high,31.06,app,FALSE
o00150,c0246,business,15/01/2025,6,west,riverside,medium,136.44,web,FALSE
o00151,c0446,retail,02/03/2025,4,west,east,medium,179.57,web,FALSE
o00152,c0239,retail,03/09/2024,24,east,north,medium,139.65,web,FALSE
o00153,c0378,parcel,09/02/2025,24,north,airport,low,33.01,web,FALSE
o00154,c0535,business,20/08/2024,12,north,airport,low,105.88,web,TRUE
o00155,c0039,retail,26/07/2024,24,south,central,low,155.77,phone,FALSE
o00156,c0035,parcel,24/04/2024,6,west,north,medium,68.58,web,TRUE
o00157,c0513,business,16/09/2024,2,airport,north,low,60.52,app,FALSE
o00158,c0620,business,11/07/2024,24,central,west,high,67.81,phone,FALSE
o00159,c0505,parcel,14/09/2024,12,north,south,low,105.17,app,FALSE
o00160,c0478,parcel,20/08/2024,6,central,east,high,68.1,web,FALSE
o00161,c0025,parcel,19/08/2024,12,south,airport,high,123.09,phone,FALSE
o00162,c0476,business,14/12/2025,12,south,ctr,medium,139.13,app,FALSE
o00163,c0583,parcel,09/06/2025,4,central,north,low,67.97,phone,TRUE
o00164,c0622,parcel,23/03/2024,24,south,ctr,low,211.8,app,FALSE
o00165,c0275,retail,16/03/2024,24,north,central,low,122.59,app,FALSE
o00166,c0517,passenger,30/05/2025,4,east,south,medium,76.66,app,FALSE
o00167,c0325,medical,27/04/2024,24,east,east,medium,24.78,app,FALSE
o00168,c0464,parcel,11/06/2025,6,central,riverside,high,115.35,web,FALSE
o00169,c0399,retail,03/12/2025,4,east,north,medium,84.09,app,TRUE
o00170,c0005,business,24/06/2024,4,airport,airport,high,58.3,app,TRUE
o00171,c0447,parcel,01/05/2025,1,airport,airport,critical,63.41,app,FALSE
o00172,c0343,passenger,17/01/2025,4,east,west,high,108.19,app,FALSE
o00173,c0371,passenger,18/02/2025,2,ctr,central,critical,249.32,app,TRUE
o00174,c0537,passenger,16/01/2025,4,central,north,low,19.65,web,FALSE
o00175,c0562,business,19/12/2025,4,riverside,west,high,150.9,app,FALSE
o00176,c0479,retail,15/04/2025,4,central,ctr,medium,14.76,phone,FALSE
o00177,c0477,passenger,25/12/2025,6,north,west,low,109.36,web,FALSE
o00178,c0287,medical,30/03/2024,4,east,south,low,55.9,app,FALSE
o00179,c0343,parcel,25/07/2024,12,central,riverside,medium,52.96,web,TRUE
o00180,c0615,parcel,29/12/2024,24,central,north,low,54.32,phone,FALSE
o00181,c0252,retail,15/12/2024,2,airport,airport,critical,108.19,app,TRUE
o00182,c0258,passenger,12/01/2024,2,west,west,medium,109.03,web,FALSE
o00183,c0102,business,02/09/2024,4,south,riverside,critical,11.5,app,FALSE
o00184,c0394,parcel,21/06/2025,2,central,riverside,medium,51.44,app,FALSE
o00185,c0482,retail,15/05/2025,24,east,central,low,62.26,web,FALSE
o00186,c0007,parcel,10/09/2025,1,east,west,low,7.45,app,FALSE
o00187,c0070,medical,30/12/2024,12,south,east,medium,49.72,app,FALSE
o00188,c0558,passenger,09/09/2025,4,riverside,ctr,medium,138.45,app,TRUE
o00189,c0388,parcel,22/11/2025,4,north,north,low,14.46,app,FALSE
o00190,c0622,parcel,28/12/2024,1,south,north,medium,31.72,phone,FALSE
o00191,c0641,parcel,02/04/2025,12,central,north,medium,151.09,phone,TRUE
o00192,c0404,retail,18/08/2025,24,ctr,north,high,83.79,app,TRUE
o00193,c0114,business,22/01/2024,4,east,ctr,medium,202.67,app,TRUE
o00194,c0191,passenger,16/03/2024,1,central,riverside,low,92.07,web,TRUE
o00195,c0404,retail,02/06/2024,12,ctr,east,medium,18.03,app,TRUE
o00196,c0314,retail,23/10/2024,6,ctr,central,high,151.74,app,FALSE
o00197,c0420,retail,24/01/2025,2,north,east,medium,175.96,phone,FALSE
o00198,c0487,parcel,13/09/2024,2,west,central,low,21.51,web,FALSE
o00201,c0486,passenger,13/05/2025,4,north,south,medium,118.29,web,FALSE
o00202,c0449,passenger,02/02/2024,1,south,west,low,20.68,web,FALSE
o00203,c0336,business,05/07/2024,6,central,airport,high,84.76,web,FALSE
o00204,c0355,passenger,22/10/2025,12,airport,west,high,61.59,app,FALSE
o00205,c0246,parcel,05/02/2025,6,north,south,medium,63.36,app,TRUE
o00206,c0255,parcel,10/12/2025,4,south,east,low,20.86,app,TRUE
o00207,c0023,business,22/08/2024,6,ctr,riverside,medium,80.33,app,FALSE
o00208,c0359,passenger,18/03/2024,2,west,riverside,high,90.19,phone,TRUE
o00209,c0201,retail,24/06/2025,4,airport,riverside,critical,178.55,app,TRUE
o00210,c0347,parcel,14/05/2024,4,east,west,high,106.23,phone,FALSE
o00211,c0488,business,14/02/2024,6,airport,east,medium,43.29,app,TRUE
o00212,c0121,parcel,04/01/2025,4,east,ctr,high,128.36,app,FALSE
o00213,c0512,parcel,05/12/2024,12,west,riverside,low,161.85,phone,TRUE
o00214,c0088,business,01/02/2025,2,east,east,high,102.83,app,FALSE
o00215,c0341,business,07/01/2024,1,west,west,medium,84.03,phone,TRUE
o00217,c0331,retail,22/01/2024,24,airport,airport,medium,40.42,phone,TRUE
o00218,c0154,passenger,15/09/2025,2,north,west,critical,77.97,app,FALSE
o00219,c0421,passenger,29/05/2024,2,east,south,medium,62.84,app,FALSE
o00220,c0428,medical,27/05/2024,6,central,west,low,136.63,phone,FALSE
o00221,c0298,parcel,06/10/2024,12,south,airport,medium,16.07,phone,FALSE
o00222,c0266,parcel,25/09/2024,4,riverside,west,high,27.35,phone,FALSE
o00223,c0172,retail,10/08/2025,4,ctr,airport,high,178.85,web,FALSE
o00224,c0045,parcel,22/05/2024,24,north,central,high,46.15,app,TRUE
o00226,c0292,parcel,23/07/2024,24,east,north,medium,63.79,app,FALSE
o00227,c0174,business,08/08/2025,4,airport,north,medium,21.79,app,FALSE
o00228,c0242,parcel,06/01/2025,6,east,airport,high,87.21,web,FALSE
o00229,c0335,passenger,31/08/2024,6,central,riverside,medium,33.48,app,FALSE
o00230,c0533,passenger,14/03/2024,1,central,north,low,25.84,app,TRUE
o00232,c0533,retail,05/06/2025,6,riverside,central,medium,122.94,app,TRUE
o00233,c0252,parcel,24/12/2024,1,riverside,south,high,100.64,phone,TRUE
o00234,c0145,parcel,19/02/2025,6,south,riverside,low,42.01,web,FALSE
o00235,c0502,retail,22/12/2025,2,ctr,central,medium,27.53,phone,FALSE
o00236,c0429,business,26/11/2024,2,east,south,medium,118.24,app,FALSE
o00237,c0431,parcel,11/01/2025,24,riverside,south,low,19.51,web,FALSE
o00238,c0141,parcel,28/08/2024,4,south,west,critical,192.22,phone,TRUE
o00239,c0399,parcel,18/05/2024,4,ctr,central,low,31.43,app,FALSE
o00240,c0289,passenger,18/11/2025,2,east,airport,low,71.85,app,FALSE
o00241,c0117,parcel,01/04/2025,2,west,north,low,99.3,app,TRUE
o00242,c0587,retail,05/11/2024,1,ctr,west,high,42.77,app,FALSE
o00243,c0153,passenger,08/03/2024,6,south,west,low,64.73,phone,FALSE
o00244,c0519,passenger,11/11/2024,1,north,riverside,medium,225.95,app,FALSE
o00245,c0096,parcel,08/08/2025,4,south,south,low,21.06,app,TRUE
o00246,c0023,parcel,14/12/2024,4,east,riverside,medium,68.11,web,FALSE
o00247,c0613,parcel,13/07/2024,4,east,south,high,124.3,app,FALSE
o00248,c0153,passenger,22/03/2024,4,south,airport,medium,16.18,phone,FALSE
o00249,c0566,business,07/11/2024,2,central,west,critical,218.68,app,FALSE
o00250,c0300,passenger,24/04/2025,24,central,north,medium,9.42,app,FALSE
o00251,c0581,parcel,07/12/2025,1,riverside,south,medium,42.45,app,FALSE
o00252,c0232,parcel,10/03/2024,1,east,north,low,66.88,phone,FALSE
o00253,c0543,retail,28/06/2024,4,ctr,west,high,144.86,web,FALSE
o00254,c0097,parcel,20/09/2024,4,north,west,medium,115.81,app,FALSE
o00255,c0225,retail,17/06/2024,12,south,central,critical,139.77,phone,FALSE
o00256,c0564,retail,30/08/2024,6,north,north,high,131.08,app,FALSE
o00257,c0128,passenger,11/08/2024,6,south,north,critical,87.95,phone,TRUE
o00258,c0107,business,03/04/2025,4,central,west,low,98.81,app,FALSE
o00259,c0122,retail,09/09/2025,24,south,east,high,172.55,app,TRUE
o00260,c0597,parcel,28/05/2025,6,central,riverside,low,198.61,app,TRUE
o00261,c0003,passenger,20/07/2024,12,west,east,low,165.8,app,FALSE
o00262,c0265,passenger,28/02/2024,6,central,central,high,151.47,phone,TRUE
o00263,c0031,parcel,19/02/2024,2,west,central,low,63.35,app,FALSE
o00264,c0633,business,12/08/2025,6,east,airport,medium,113.96,app,TRUE
o00265,c0244,parcel,19/05/2024,4,riverside,south,medium,20.51,app,FALSE
o00266,c0345,business,04/10/2024,2,ctr,north,high,41.27,app,TRUE
o00267,c0256,parcel,16/01/2024,6,airport,north,low,98.71,app,FALSE
o00268,c0475,medical,29/01/2024,4,west,west,medium,71.4,app,TRUE
o00269,c0175,passenger,30/11/2024,6,north,riverside,medium,19.29,app,FALSE
o00270,c0561,business,26/10/2025,4,west,central,medium,140.61,app,TRUE
o00271,c0381,passenger,16/09/2025,4,west,ctr,critical,192.54,app,FALSE
o00272,c0647,retail,11/12/2024,24,riverside,central,medium,55.63,app,FALSE
o00273,c0642,retail,28/02/2025,24,central,west,medium,16.14,app,FALSE
o00274,c0086,passenger,03/10/2025,24,north,west,high,90.93,app,TRUE
o00275,c0473,business,21/05/2025,6,south,east,medium,142.68,app,FALSE
o00276,c0442,parcel,20/09/2024,6,central,east,medium,61.64,app,FALSE
o00277,c0329,passenger,14/01/2024,6,west,central,medium,107.13,phone,FALSE
o00278,c0183,passenger,20/11/2024,12,ctr,north,high,32.25,phone,FALSE
o00279,c0246,business,16/11/2024,12,west,riverside,medium,61.44,app,FALSE
o00280,c0206,passenger,20/09/2025,12,east,airport,critical,151.49,app,TRUE
o00281,c0437,passenger,03/12/2024,4,airport,north,low,47.49,web,FALSE
o00282,c0630,parcel,20/01/2024,6,south,west,medium,207.38,web,FALSE
o00283,c0430,business,26/05/2024,6,north,west,medium,177.07,app,FALSE
o00284,c0363,passenger,02/04/2024,24,north,airport,high,116.68,phone,FALSE
o00285,c0180,business,05/01/2025,4,north,north,high,106.65,app,FALSE
o00286,c0402,business,05/07/2025,6,west,east,low,84.75,app,FALSE
o00287,c0201,retail,22/07/2025,1,west,airport,low,68.14,phone,FALSE
o00288,c0542,medical,08/09/2025,4,south,central,low,56.47,app,FALSE
o00289,c0574,parcel,23/08/2024,24,north,east,high,20.53,app,FALSE
o00290,c0028,medical,21/09/2024,2,central,west,high,54.76,app,FALSE
o00291,c0198,business,02/02/2024,4,airport,south,low,116.22,web,FALSE
o00292,c0060,parcel,29/10/2025,12,ctr,west,medium,59.59,app,FALSE
o00293,c0165,parcel,09/04/2025,6,ctr,east,critical,67.89,app,FALSE
o00294,c0486,parcel,05/01/2025,1,airport,airport,low,82.04,app,FALSE
o00295,c0123,passenger,07/10/2024,2,east,north,medium,45.46,app,FALSE
o00296,c0400,retail,10/01/2024,6,south,north,medium,10.85,app,FALSE
o00297,c0560,passenger,12/04/2024,6,airport,riverside,low,151.53,web,FALSE
o00298,c0184,parcel,06/01/2025,4,west,north,low,28.65,web,FALSE
o00299,c0566,retail,21/08/2024,6,south,ctr,low,172.53,app,FALSE
o00300,c0512,retail,02/04/2024,4,riverside,south,low,33.34,app,TRUE
o00301,c0181,business,17/05/2024,6,east,riverside,medium,63.32,app,FALSE
o00302,c0558,retail,10/07/2025,24,riverside,central,high,228.25,web,FALSE
o00303,c0514,retail,22/07/2025,4,central,south,medium,48.67,web,FALSE
o00304,c0253,passenger,12/09/2025,12,east,riverside,high,134.68,app,FALSE
o00305,c0322,parcel,01/06/2024,24,riverside,airport,low,46.14,phone,FALSE
o00306,c0613,passenger,14/06/2024,4,north,north,low,42.22,phone,FALSE
o00307,c0343,parcel,25/12/2024,4,east,riverside,low,73.14,app,FALSE
o00308,c0458,passenger,28/03/2025,12,airport,west,medium,100.44,app,FALSE
o00309,c0073,parcel,13/10/2025,1,south,airport,medium,175.54,phone,FALSE
o00310,c0094,retail,02/02/2025,24,central,west,high,28.08,app,FALSE
o00311,c0215,medical,27/11/2024,12,central,south,high,167.59,phone,FALSE
o00312,c0164,passenger,06/11/2025,6,east,east,medium,124.24,app,FALSE
o00313,c0616,medical,08/03/2024,24,south,north,low,11.11,app,FALSE
o00314,c0626,medical,15/02/2025,6,east,east,high,39.37,web,FALSE
o00315,c0494,parcel,25/12/2024,4,north,south,low,159.29,app,FALSE
o00316,c0094,medical,31/07/2025,6,west,west,low,53.63,app,FALSE
o00317,c0094,passenger,19/01/2025,6,riverside,west,high,236.09,app,TRUE
o00318,c0009,retail,17/08/2024,6,riverside,south,low,84.27,web,TRUE
o00319,c0335,business,22/01/2024,24,ctr,airport,low,124.48,app,FALSE
o00320,c0519,parcel,20/03/2025,1,central,west,high,97.13,phone,FALSE
o00321,c0016,medical,28/12/2024,4,central,west,medium,97.42,web,FALSE
o00322,c0495,business,11/03/2025,4,ctr,south,high,61.55,app,FALSE
o00323,c0487,retail,01/11/2024,4,south,north,low,22.09,phone,FALSE
o00324,c0019,passenger,06/08/2025,1,south,riverside,high,131.3,app,TRUE
o00325,c0259,passenger,30/09/2024,2,north,south,medium,70.71,web,FALSE
o00326,c0178,passenger,03/11/2024,12,west,west,medium,242.48,web,FALSE
o00327,c0435,retail,05/12/2024,4,north,north,low,90.61,app,FALSE
o00328,c0491,business,12/09/2024,2,east,south,medium,37.78,app,FALSE
o00329,c0278,parcel,30/11/2025,6,central,south,medium,7.02,web,TRUE
o00330,c0172,medical,08/04/2025,1,west,riverside,medium,49.61,web,FALSE
o00331,c0399,parcel,23/02/2024,6,riverside,east,medium,36.77,app,FALSE
o00332,c0110,business,04/01/2025,12,north,riverside,medium,93.33,phone,FALSE
o00333,c0123,medical,25/03/2025,6,east,central,medium,71.97,app,FALSE
o00334,c0500,parcel,23/05/2024,4,riverside,south,high,62.54,app,FALSE
o00335,c0482,passenger,26/01/2024,24,north,airport,high,227.61,app,TRUE
o00336,c0115,retail,10/01/2024,6,west,ctr,critical,108.38,app,FALSE
o00337,c0463,retail,05/11/2024,6,west,airport,critical,68.13,app,TRUE
o00338,c0648,passenger,26/12/2024,6,riverside,riverside,medium,38.31,app,FALSE
o00339,c0301,medical,21/06/2024,2,airport,north,high,238.92,web,FALSE
o00340,c0127,retail,10/02/2025,2,ctr,airport,high,89.8,app,FALSE
o00341,c0026,retail,13/12/2024,4,riverside,east,medium,36.59,app,FALSE
o00342,c0643,passenger,12/11/2025,6,north,south,low,187.9,web,FALSE
o00343,c0184,business,09/12/2024,2,ctr,south,medium,81.36,app,FALSE
o00344,c0594,parcel,28/08/2024,6,central,north,medium,104.62,app,TRUE
o00345,c0337,retail,04/10/2025,6,east,central,high,27.35,phone,FALSE
o00346,c0500,retail,08/02/2024,2,riverside,east,medium,84.74,app,FALSE
o00348,c0372,parcel,16/03/2025,2,north,south,high,58.25,web,FALSE
o00349,c0161,business,21/01/2024,2,north,central,medium,55.21,app,FALSE
o00350,c0197,retail,20/11/2024,4,east,west,high,13.42,app,FALSE
o00351,c0259,parcel,22/04/2024,1,airport,west,medium,20.77,web,TRUE
o00352,c0097,parcel,19/05/2024,4,airport,north,low,271.29,app,FALSE
o00353,c0354,business,03/01/2024,4,west,airport,low,135.85,phone,FALSE
o00354,c0154,parcel,02/12/2025,2,east,riverside,low,78.37,web,FALSE
o00355,c0006,passenger,10/10/2025,4,riverside,riverside,medium,59.47,app,FALSE
o00356,c0430,medical,27/05/2025,4,riverside,airport,medium,64.6,app,FALSE
o00357,c0608,retail,28/12/2024,2,central,south,medium,171.28,phone,FALSE
o00358,c0273,passenger,20/03/2024,4,riverside,central,low,94.51,app,FALSE
o00359,c0048,passenger,17/08/2024,24,east,central,high,134.58,web,FALSE
o00360,c0506,passenger,06/10/2024,1,central,central,high,111.56,app,FALSE
o00361,c0345,business,16/01/2024,1,east,south,low,256.22,app,FALSE
o00362,c0586,medical,11/03/2024,4,central,riverside,high,43.69,phone,FALSE
o00363,c0230,passenger,04/06/2025,4,riverside,south,high,35.91,app,TRUE
o00364,c0354,medical,23/07/2025,12,west,central,critical,114.81,app,FALSE
o00365,c0237,medical,11/01/2024,4,east,west,low,21.18,phone,TRUE
o00366,c0592,business,12/02/2024,24,central,south,high,52.46,app,FALSE
o00367,c0162,passenger,11/07/2025,4,south,north,high,46.71,phone,FALSE
o00368,c0552,business,04/12/2024,4,central,north,high,89.38,app,TRUE
o00369,c0093,business,02/10/2024,6,ctr,riverside,medium,70.75,phone,FALSE
o00370,c0021,parcel,21/11/2024,4,south,south,high,74.04,phone,FALSE
o00371,c0530,business,27/01/2025,4,north,north,medium,73.83,web,TRUE
o00372,c0536,parcel,29/01/2025,2,south,riverside,low,57.99,app,TRUE
o00373,c0372,parcel,26/05/2024,24,north,central,medium,95.4,app,FALSE
o00374,c0343,parcel,01/09/2024,24,north,riverside,medium,93.34,web,FALSE
o00375,c0012,medical,17/09/2024,4,central,east,high,150.39,phone,FALSE
o00376,c0286,passenger,21/01/2025,12,north,west,critical,33.38,app,FALSE
o00377,c0131,retail,22/07/2024,12,airport,east,medium,213.06,app,TRUE
o00378,c0485,retail,29/03/2024,6,north,north,high,172.56,web,TRUE
o00379,c0648,parcel,04/02/2024,4,north,east,medium,52.58,web,FALSE
o00380,c0057,passenger,19/02/2025,6,north,north,low,95.96,app,FALSE
o00381,c0420,parcel,28/11/2024,24,east,west,low,67.67,web,FALSE
o00382,c0463,retail,29/03/2025,6,central,riverside,high,54.18,app,FALSE
o00383,c0442,retail,19/11/2024,4,west,east,critical,109.08,app,FALSE
o00384,c0469,medical,01/01/2024,4,ctr,central,low,12.58,web,FALSE
o00385,c0646,passenger,24/10/2025,4,riverside,riverside,medium,226.69,phone,FALSE
o00386,c0250,medical,16/12/2024,6,central,ctr,medium,95.67,web,FALSE
o00387,c0470,passenger,24/01/2025,1,south,east,high,107.34,phone,FALSE
o00388,c0292,retail,06/10/2025,4,north,riverside,high,66.17,app,FALSE
o00389,c0361,passenger,22/01/2025,4,central,riverside,low,65.05,app,FALSE
o00390,c0150,passenger,06/03/2024,6,north,north,medium,42.46,web,FALSE
o00391,c0541,retail,29/09/2024,1,west,riverside,high,12.76,app,FALSE
o00392,c0356,retail,24/11/2025,6,east,riverside,medium,73.04,app,FALSE
o00393,c0573,parcel,05/10/2025,4,central,east,low,64.93,web,FALSE
o00394,c0479,retail,16/08/2024,12,airport,west,medium,71.08,app,TRUE
o00395,c0060,passenger,28/09/2024,1,west,east,medium,20.16,web,FALSE
o00396,c0475,retail,29/04/2025,12,central,east,medium,63.67,app,FALSE
o00397,c0417,parcel,18/06/2025,12,airport,south,medium,42.94,app,TRUE
o00398,c0382,business,07/08/2025,4,east,airport,medium,56.33,app,FALSE
o00399,c0644,parcel,08/03/2024,4,central,airport,low,30.74,app,FALSE
o00400,c0426,retail,20/06/2025,6,north,east,high,145.15,web,TRUE
o00401,c0252,medical,22/06/2024,24,east,airport,low,28.61,web,FALSE
o00402,c0104,retail,20/11/2025,4,west,east,medium,121.87,app,TRUE
o00403,c0573,business,08/11/2025,4,riverside,airport,critical,44.48,app,TRUE
o00404,c0139,passenger,17/10/2025,1,south,airport,medium,213.39,phone,FALSE
o00405,c0055,business,14/02/2024,6,ctr,riverside,critical,142.88,app,FALSE
o00406,c0631,retail,05/01/2025,2,airport,riverside,critical,59.17,app,FALSE
o00407,c0575,medical,23/02/2025,12,west,ctr,high,189.02,web,FALSE
o00408,c0446,parcel,14/09/2024,24,north,west,high,58.75,app,FALSE
o00409,c0065,passenger,08/01/2025,6,south,north,medium,38.48,app,FALSE
o00410,c0174,medical,19/06/2025,1,east,west,medium,39.34,phone,TRUE
o00411,c0497,business,08/04/2025,4,central,central,medium,71.11,app,FALSE
o00412,c0601,passenger,08/10/2024,6,north,airport,critical,54.76,app,FALSE
o00413,c0183,passenger,01/04/2025,4,airport,north,low,35.52,app,FALSE
o00414,c0023,parcel,05/04/2025,6,south,west,medium,283.98,app,FALSE
o00415,c0591,retail,27/06/2024,4,ctr,riverside,medium,19.76,app,FALSE
o00416,c0552,medical,07/01/2024,2,airport,airport,high,26.83,app,FALSE
o00418,c0467,passenger,07/11/2025,12,riverside,south,critical,46.83,web,FALSE
o00419,c0013,retail,14/01/2025,24,west,east,medium,187.6,app,FALSE
o00420,c0506,business,25/01/2025,4,riverside,east,low,40.04,phone,FALSE
o00421,c0599,parcel,23/07/2025,24,riverside,east,medium,37.25,app,FALSE
o00422,c0034,passenger,07/08/2025,6,central,west,medium,15.05,app,FALSE
o00423,c0403,passenger,27/08/2025,2,south,riverside,high,189.36,phone,FALSE
o00424,c0563,business,11/07/2025,12,riverside,west,medium,43.18,app,FALSE
o00425,c0550,passenger,27/11/2024,4,airport,east,high,78.8,web,FALSE
o00426,c0383,business,28/09/2024,2,riverside,riverside,low,82,web,FALSE
o00427,c0151,parcel,21/06/2025,1,ctr,west,medium,166.06,app,FALSE
o00428,c0275,medical,31/03/2024,1,west,airport,high,72.42,web,FALSE
o00429,c0466,passenger,09/03/2025,1,riverside,south,medium,20.27,app,FALSE
o00430,c0029,retail,15/01/2025,12,central,south,medium,40.49,app,FALSE
o00431,c0425,retail,29/03/2025,4,south,riverside,medium,24.45,app,FALSE
o00432,c0648,retail,12/02/2024,4,central,west,high,158.21,web,FALSE
o00433,c0633,retail,29/10/2024,12,ctr,central,medium,85.59,phone,FALSE
o00434,c0500,parcel,25/10/2025,1,airport,riverside,high,45.89,app,FALSE
o00435,c0102,retail,19/09/2024,4,south,ctr,medium,47.28,phone,TRUE
o00436,c0218,medical,29/01/2025,1,airport,north,critical,56.57,web,FALSE
o00437,c0618,retail,25/09/2025,4,airport,riverside,medium,98.88,app,FALSE
o00438,c0491,business,29/12/2025,4,north,west,low,27.39,phone,FALSE
o00439,c0577,medical,05/03/2024,1,north,ctr,high,53.87,web,FALSE
o00440,c0032,passenger,03/12/2024,12,east,east,high,56.81,app,FALSE
o00441,c0509,passenger,01/04/2025,12,east,central,critical,77.58,app,FALSE
o00442,c0080,business,22/06/2025,4,ctr,west,high,81.32,app,TRUE
o00443,c0378,parcel,20/10/2025,12,north,riverside,medium,63.8,app,TRUE
o00444,c0319,retail,30/08/2025,4,west,airport,medium,23.99,phone,FALSE
o00445,c0054,passenger,18/04/2025,2,south,riverside,high,68.98,app,FALSE
o00446,c0172,passenger,22/03/2025,12,airport,east,medium,233.36,web,FALSE
o00447,c0082,retail,29/06/2024,1,west,east,medium,24.57,phone,FALSE
o00448,c0487,medical,11/02/2025,4,central,north,low,68.78,web,FALSE
o00449,c0544,passenger,08/06/2025,2,north,airport,low,102.53,app,FALSE
o00450,c0527,retail,25/08/2024,2,riverside,riverside,low,31.33,app,FALSE
o00451,c0012,retail,15/02/2025,12,east,riverside,critical,97.23,phone,FALSE
o00452,c0583,passenger,27/11/2025,2,central,central,medium,56.63,phone,TRUE
o00453,c0224,retail,04/12/2024,6,south,west,medium,27.48,phone,FALSE
o00454,c0251,medical,15/04/2025,12,west,north,medium,51.66,app,FALSE
o00455,c0178,passenger,14/08/2024,6,airport,airport,high,144.79,app,FALSE
o00456,c0124,parcel,16/01/2024,2,east,riverside,high,87.85,app,FALSE
o00457,c0396,parcel,31/03/2024,12,east,east,medium,123.49,app,FALSE
o00458,c0546,parcel,10/04/2025,12,ctr,east,high,87.24,app,FALSE
o00459,c0478,retail,28/11/2025,24,south,south,low,203.99,app,FALSE
o00460,c0097,passenger,09/12/2024,4,central,north,low,72.35,web,FALSE
o00461,c0153,passenger,26/02/2024,4,west,east,critical,55.94,web,FALSE
o00462,c0381,parcel,03/03/2025,6,riverside,east,medium,55.77,app,FALSE
o00463,c0370,medical,20/02/2025,2,east,central,low,96.83,app,FALSE
o00464,c0063,parcel,03/10/2025,2,south,east,critical,51.61,phone,FALSE
o00465,c0149,medical,08/12/2024,2,east,north,low,20.53,app,FALSE
o00466,c0028,business,07/01/2024,6,west,airport,high,88.87,web,FALSE
o00467,c0612,passenger,08/10/2024,2,north,south,high,193.9,web,FALSE
o00468,c0062,retail,29/03/2024,2,east,south,medium,22.82,app,FALSE
o00469,c0186,parcel,18/09/2024,4,east,east,low,92.55,app,FALSE
o00470,c0265,business,01/11/2024,12,east,east,low,131.93,web,FALSE
o00471,c0346,passenger,07/06/2025,6,east,airport,medium,69.38,web,FALSE
o00472,c0636,parcel,22/02/2024,4,south,riverside,medium,287.3,web,FALSE
o00473,c0266,medical,11/09/2024,2,east,airport,high,40.6,app,TRUE
o00474,c0029,medical,22/03/2025,2,airport,central,medium,283.42,phone,FALSE
o00475,c0498,passenger,08/11/2024,24,central,west,high,156.78,app,FALSE
o00476,c0078,passenger,23/02/2024,24,west,east,low,89.17,app,FALSE
o00477,c0441,passenger,29/10/2025,2,west,central,medium,189.25,phone,FALSE
o00478,c0521,medical,20/04/2025,2,west,south,critical,160.09,app,FALSE
o00479,c0226,retail,27/12/2025,12,central,north,low,87.76,app,FALSE
o00480,c0088,passenger,09/01/2025,6,east,west,low,51.54,phone,FALSE
o00481,c0010,retail,12/04/2025,1,south,west,medium,10.74,app,TRUE
o00482,c0268,retail,10/11/2025,6,east,west,medium,114.62,phone,FALSE
o00483,c0285,business,17/11/2024,1,riverside,north,medium,117.11,phone,FALSE
o00484,c0152,parcel,10/03/2024,24,east,riverside,critical,134.61,app,FALSE
o00485,c0168,passenger,27/11/2024,1,north,ctr,high,95.19,app,FALSE
o00486,c0316,retail,12/08/2024,2,central,north,high,50.89,app,FALSE
o00487,c0263,passenger,24/07/2024,4,riverside,west,medium,57.27,phone,FALSE
o00488,c0050,medical,29/08/2025,4,north,south,low,111.27,phone,FALSE
o00489,c0483,medical,19/02/2025,24,central,east,medium,41.11,web,TRUE
o00490,c0562,retail,27/07/2024,4,north,south,low,73.56,app,FALSE
o00491,c0460,business,03/07/2024,1,south,west,critical,41.62,app,TRUE
o00492,c0243,retail,16/10/2025,6,west,south,critical,70.04,app,FALSE
o00493,c0370,parcel,20/05/2024,6,east,north,critical,55.91,web,FALSE
o00494,c0304,parcel,02/09/2025,1,east,airport,medium,50.08,app,FALSE
o00495,c0590,passenger,15/01/2024,6,east,south,low,133.15,app,FALSE
o00496,c0627,passenger,17/06/2024,4,south,airport,critical,117.66,app,FALSE
o00497,c0631,medical,21/11/2025,12,south,ctr,low,169.24,app,FALSE
o00498,c0081,retail,28/10/2024,4,south,ctr,medium,68.95,web,FALSE
o00499,c0198,passenger,11/06/2024,4,east,central,medium,62.77,phone,FALSE
o00500,c0131,retail,30/07/2024,12,north,west,low,64.83,app,FALSE
o00501,c0547,retail,21/04/2025,1,ctr,east,low,36.69,web,TRUE
o00502,c0169,parcel,03/04/2024,4,riverside,south,medium,61.9,app,FALSE
o00503,c0242,passenger,17/08/2024,6,central,riverside,low,41.14,web,FALSE
o00504,c0362,parcel,20/09/2024,2,ctr,east,low,47.18,app,FALSE
o00505,c0319,retail,29/03/2025,12,airport,west,high,84.65,web,FALSE
o00506,c0603,retail,07/06/2024,6,east,east,medium,33.03,phone,FALSE
o00507,c0484,parcel,13/12/2025,4,south,west,medium,62.89,app,FALSE
o00508,c0584,parcel,12/06/2024,24,north,central,medium,68.61,phone,FALSE
o00509,c0535,retail,26/08/2024,1,east,central,medium,160.38,phone,FALSE
o00511,c0119,parcel,06/06/2024,24,west,west,high,150.89,app,FALSE
o00512,c0242,parcel,21/09/2024,4,north,central,critical,10.74,app,FALSE
o00513,c0202,passenger,07/08/2024,4,west,south,high,111.28,phone,TRUE
o00514,c0280,passenger,12/11/2025,2,east,central,low,126.79,phone,FALSE
o00515,c0578,retail,03/02/2024,6,north,north,medium,65.74,phone,FALSE
o00516,c0473,passenger,08/06/2024,2,south,east,medium,117.13,app,FALSE
o00517,c0015,medical,16/08/2024,4,south,west,low,49.24,app,FALSE
o00518,c0112,medical,11/12/2025,12,north,east,high,61.85,web,FALSE
o00519,c0437,passenger,20/04/2025,2,south,riverside,low,47.89,phone,FALSE
o00520,c0539,passenger,07/07/2024,2,central,airport,low,36.42,app,FALSE
o00521,c0109,parcel,26/11/2025,1,airport,south,high,76.48,web,FALSE
o00522,c0594,passenger,09/02/2024,24,riverside,central,medium,152.25,phone,FALSE
o00523,c0181,medical,04/11/2025,6,airport,airport,low,82.31,web,TRUE
o00524,c0052,passenger,20/06/2025,4,airport,riverside,medium,40.41,app,TRUE
o00525,c0223,parcel,24/10/2024,1,south,airport,high,29.46,app,FALSE
o00526,c0630,parcel,19/01/2024,4,airport,west,low,69.63,app,FALSE
o00527,c0203,parcel,05/04/2024,6,south,airport,medium,65.29,app,TRUE
o00528,c0152,passenger,13/10/2024,12,central,ctr,medium,126.48,app,FALSE
o00529,c0422,retail,20/08/2025,4,east,airport,medium,355.62,app,FALSE
o00530,c0618,medical,31/03/2024,4,airport,north,low,45.66,app,TRUE
o00531,c0013,business,26/04/2025,24,airport,airport,high,157.07,app,FALSE
o00532,c0527,retail,20/08/2024,2,riverside,ctr,low,55.72,phone,FALSE
o00533,c0338,retail,03/11/2024,4,ctr,north,medium,74.26,app,FALSE
o00534,c0159,parcel,05/09/2025,2,airport,ctr,critical,188.05,app,TRUE
o00535,c0093,retail,18/12/2024,6,riverside,riverside,medium,24.09,app,FALSE
o00536,c0372,medical,03/11/2025,12,west,central,low,204.12,web,TRUE
o00537,c0153,business,25/06/2024,6,central,ctr,medium,50.23,web,TRUE
o00538,c0377,business,05/04/2025,1,west,ctr,high,50.6,app,FALSE
o00539,c0098,business,03/12/2024,6,ctr,east,high,167.91,app,FALSE
o00540,c0232,retail,02/07/2024,4,east,west,high,142.72,web,FALSE
o00541,c0272,retail,01/11/2024,4,west,east,low,126.42,app,FALSE
o00542,c0504,passenger,26/07/2025,4,central,east,low,76.58,app,TRUE
o00543,c0468,passenger,18/07/2025,4,airport,riverside,medium,68.06,app,FALSE
o00544,c0212,retail,14/06/2024,24,central,west,low,53.15,phone,FALSE
o00545,c0211,parcel,17/04/2025,24,central,north,low,100.18,web,FALSE
o00546,c0242,business,10/02/2024,24,riverside,south,high,51.06,app,TRUE
o00547,c0640,retail,09/04/2024,24,central,south,high,43.73,app,FALSE
o00548,c0105,passenger,14/12/2025,2,airport,east,medium,34.87,phone,FALSE
o00549,c0119,business,14/08/2025,6,east,west,medium,86.89,phone,FALSE
o00550,c0502,business,18/01/2025,24,central,riverside,medium,64.79,web,TRUE
o00551,c0317,retail,16/06/2024,6,ctr,east,high,82.67,phone,FALSE
o00552,c0341,passenger,09/11/2025,4,riverside,south,low,76.7,app,FALSE
o00553,c0408,retail,06/01/2024,6,north,riverside,high,32.16,app,FALSE
o00554,c0117,medical,06/05/2025,2,airport,riverside,high,129.89,app,FALSE
o00555,c0233,retail,24/09/2024,6,west,south,medium,234.04,app,FALSE
o00556,c0643,business,01/09/2024,2,riverside,airport,medium,101.94,app,TRUE
o00557,c0079,passenger,23/05/2025,24,riverside,riverside,low,176.32,web,FALSE
o00558,c0057,parcel,08/07/2025,1,riverside,central,critical,99.68,app,FALSE
o00559,c0167,business,24/04/2025,12,north,east,medium,107.27,phone,FALSE
o00560,c0260,passenger,05/08/2025,6,riverside,east,medium,62.52,web,TRUE
o00561,c0595,retail,02/06/2025,4,central,airport,high,86.87,app,FALSE
o00563,c0284,parcel,22/07/2025,6,airport,riverside,low,40.2,web,FALSE
o00564,c0535,retail,02/09/2024,12,north,ctr,medium,59.68,app,FALSE
o00565,c0600,parcel,01/07/2025,1,north,south,low,155.2,phone,FALSE
o00566,c0455,parcel,07/04/2024,6,ctr,central,medium,97.68,phone,FALSE
o00567,c0144,retail,24/02/2024,24,south,riverside,low,33.6,phone,FALSE
o00568,c0412,passenger,19/12/2025,6,central,riverside,medium,119.95,phone,FALSE
o00569,c0467,parcel,06/12/2025,6,central,airport,critical,104.77,app,FALSE
o00570,c0379,parcel,30/03/2024,2,riverside,riverside,medium,56.89,phone,FALSE
o00571,c0213,passenger,27/09/2024,24,central,riverside,medium,64.21,web,FALSE
o00572,c0202,parcel,06/02/2025,4,west,riverside,high,134.79,app,TRUE
o00573,c0269,retail,22/04/2024,4,central,central,high,150.38,app,FALSE
o00574,c0110,retail,03/05/2024,6,riverside,north,medium,59.99,app,FALSE
o00575,c0179,retail,15/08/2025,12,riverside,riverside,medium,30.5,phone,FALSE
o00576,c0393,retail,06/09/2024,6,south,south,medium,113.92,app,FALSE
o00577,c0641,parcel,09/06/2025,2,airport,east,high,16.62,phone,TRUE
o00578,c0639,retail,04/03/2024,4,ctr,central,high,18.53,app,FALSE
o00579,c0624,medical,05/09/2025,4,airport,south,low,24.91,phone,FALSE
o00580,c0461,retail,12/02/2024,1,west,riverside,critical,78.71,app,FALSE
o00581,c0495,passenger,09/12/2025,12,north,south,low,138.33,app,FALSE
o00582,c0275,parcel,06/11/2024,2,south,central,medium,48.36,phone,FALSE
o00583,c0469,retail,17/04/2025,6,south,riverside,medium,89.45,web,TRUE
o00584,c0377,retail,06/07/2024,6,airport,west,medium,137.29,app,FALSE
o00585,c0160,medical,25/02/2025,1,south,riverside,medium,215.96,web,TRUE
o00587,c0113,retail,07/06/2025,4,east,airport,high,115.16,web,FALSE
o00588,c0515,passenger,03/06/2024,4,airport,airport,low,236.46,web,FALSE
o00589,c0344,parcel,23/05/2024,6,riverside,central,high,81.6,phone,FALSE
o00590,c0386,parcel,12/08/2024,2,north,north,medium,20.52,phone,FALSE
o00591,c0228,passenger,26/12/2025,4,north,riverside,medium,15.8,app,TRUE
o00592,c0563,business,06/05/2025,2,riverside,east,low,220.79,phone,FALSE
o00593,c0406,passenger,22/06/2025,1,central,riverside,high,63.86,phone,FALSE
o00594,c0116,retail,11/03/2024,4,central,east,medium,149.86,app,TRUE
o00595,c0377,business,05/03/2024,12,south,airport,medium,71.08,app,TRUE
o00596,c0394,parcel,02/10/2025,12,south,east,low,119.64,app,FALSE
o00597,c0238,parcel,09/01/2025,6,north,north,high,169.18,app,FALSE
o00598,c0621,retail,28/10/2025,24,riverside,ctr,medium,201.88,app,FALSE
o00599,c0077,passenger,19/08/2025,1,south,east,medium,179.87,app,FALSE
o00600,c0476,parcel,19/05/2025,24,airport,north,low,235.8,app,FALSE
o00601,c0335,retail,23/05/2025,6,north,south,low,49.24,phone,FALSE
o00602,c0257,passenger,11/12/2025,6,ctr,airport,medium,127.09,web,FALSE
o00603,c0351,parcel,24/02/2024,24,west,riverside,medium,66.39,app,FALSE
o00604,c0584,passenger,27/11/2025,4,ctr,airport,medium,65.15,web,FALSE
o00605,c0585,medical,21/03/2025,1,riverside,airport,low,47.71,web,TRUE
o00606,c0050,medical,17/10/2025,1,central,west,high,37.75,web,FALSE
o00607,c0576,parcel,30/08/2025,12,west,west,low,219.79,app,TRUE
o00608,c0394,medical,09/10/2025,4,west,east,high,71.8,web,FALSE
o00609,c0621,parcel,15/09/2024,12,east,east,low,71.86,app,FALSE
o00610,c0635,passenger,21/07/2024,24,south,riverside,medium,169.63,app,FALSE
o00611,c0374,retail,29/07/2025,2,west,west,low,132.01,app,FALSE
o00612,c0169,retail,19/05/2025,4,west,east,critical,60.06,phone,FALSE
o00613,c0650,retail,02/12/2025,4,airport,central,low,84.48,app,FALSE
o00614,c0393,passenger,05/02/2025,2,west,riverside,medium,259.73,app,FALSE
o00615,c0295,parcel,08/02/2025,1,west,west,high,44.37,app,FALSE
o00616,c0114,retail,16/12/2024,6,east,ctr,medium,50.57,phone,FALSE
o00617,c0352,medical,30/03/2024,1,central,riverside,medium,77.56,web,FALSE
o00618,c0581,parcel,19/11/2025,12,central,south,medium,41.64,app,FALSE
o00619,c0268,retail,01/09/2025,1,central,north,medium,86.7,app,FALSE
o00620,c0467,retail,08/11/2024,2,south,west,low,27.57,app,FALSE
o00621,c0026,parcel,15/05/2025,12,airport,airport,medium,103.8,app,FALSE
o00622,c0439,passenger,23/04/2024,24,central,central,high,48.84,phone,FALSE
o00623,c0361,business,24/02/2025,24,airport,south,high,193.96,web,FALSE
o00624,c0117,passenger,13/04/2025,24,west,ctr,medium,25.82,web,FALSE
o00625,c0376,business,12/07/2025,24,west,south,medium,77.48,phone,TRUE
o00626,c0072,parcel,28/12/2024,4,north,north,medium,24.6,web,TRUE
o00627,c0114,parcel,22/04/2025,6,central,central,medium,67.07,web,TRUE
o00628,c0056,passenger,26/10/2024,12,riverside,north,medium,52.85,app,TRUE
o00629,c0368,retail,04/10/2024,6,riverside,south,low,55.3,app,TRUE
o00630,c0369,retail,28/03/2025,2,central,ctr,low,86.61,app,FALSE
o00631,c0574,business,05/07/2025,2,south,riverside,low,47.21,app,FALSE
o00632,c0611,passenger,09/08/2024,1,central,central,high,33.21,web,TRUE
o00633,c0235,passenger,12/02/2024,2,airport,central,low,79.57,app,FALSE
o00634,c0536,parcel,07/07/2024,4,east,south,medium,171.58,app,FALSE
o00635,c0314,parcel,06/12/2024,2,central,north,low,73.66,app,FALSE
o00636,c0208,medical,20/06/2024,4,west,north,medium,134.63,app,TRUE
o00637,c0304,passenger,16/09/2025,2,north,south,critical,89.63,phone,FALSE
o00638,c0257,passenger,26/05/2025,6,west,west,medium,54.63,app,FALSE
o00639,c0480,medical,02/06/2025,2,central,north,medium,141.93,web,FALSE
o00640,c0102,passenger,15/06/2024,12,airport,west,medium,72.31,app,TRUE
o00641,c0403,parcel,10/01/2024,24,north,airport,high,119,phone,FALSE
o00643,c0349,parcel,10/04/2025,1,airport,riverside,low,181.69,web,TRUE
o00644,c0084,business,03/11/2025,6,east,airport,high,6.28,app,FALSE
o00645,c0517,passenger,26/12/2024,6,south,central,medium,82.91,app,FALSE
o00646,c0518,retail,19/07/2025,2,east,south,medium,63.73,app,TRUE
o00647,c0592,passenger,10/06/2025,12,west,airport,high,109.87,app,FALSE
o00648,c0032,passenger,18/05/2024,2,west,south,medium,52.97,app,FALSE
o00649,c0361,parcel,02/03/2025,4,east,riverside,low,30.88,app,FALSE
o00650,c0206,parcel,30/09/2025,6,riverside,airport,low,39.65,app,FALSE
o00651,c0345,parcel,29/09/2024,6,south,south,high,7.14,app,FALSE
o00652,c0331,retail,08/11/2024,4,south,west,medium,35.54,app,FALSE
o00653,c0397,retail,09/10/2025,12,riverside,south,medium,36.56,app,FALSE
o00654,c0617,parcel,18/06/2025,24,ctr,airport,high,47.22,app,FALSE
o00655,c0590,passenger,01/11/2025,4,south,east,low,52.51,phone,FALSE
o00656,c0211,parcel,07/01/2025,6,west,north,high,82.24,web,FALSE
o00657,c0135,passenger,28/02/2024,6,south,central,low,155.89,app,FALSE
o00658,c0533,retail,24/07/2025,12,north,north,medium,68.43,app,FALSE
o00659,c0002,retail,14/11/2024,12,south,north,low,135.53,app,FALSE
o00660,c0288,passenger,04/06/2024,4,central,airport,high,27.65,web,TRUE
o00661,c0241,retail,14/04/2025,4,ctr,riverside,high,97.98,phone,FALSE
o00662,c0117,parcel,09/05/2025,12,south,airport,high,30.01,web,FALSE
o00663,c0380,retail,04/10/2024,2,east,east,low,75.21,app,TRUE
o00664,c0584,passenger,24/08/2025,4,airport,west,medium,176.19,app,FALSE
o00665,c0522,passenger,17/02/2024,4,west,central,low,176.48,app,TRUE
o00666,c0001,parcel,26/08/2025,24,airport,central,low,185.32,app,FALSE
o00667,c0392,passenger,04/10/2025,2,east,west,medium,68.27,web,TRUE
o00668,c0649,parcel,11/07/2025,6,airport,north,medium,135.89,app,FALSE
o00669,c0529,parcel,15/07/2025,12,north,east,critical,80.79,app,FALSE
o00670,c0305,retail,27/03/2024,4,south,west,high,128.5,app,TRUE
o00671,c0111,retail,24/01/2025,1,north,north,medium,118.56,phone,FALSE
o00672,c0567,retail,03/01/2025,24,airport,riverside,high,20.28,web,FALSE
o00673,c0579,passenger,11/10/2024,24,west,west,high,133.78,phone,FALSE
o00674,c0235,passenger,11/08/2025,2,central,east,medium,65.56,web,FALSE
o00675,c0445,business,19/02/2024,24,riverside,north,low,47.44,app,FALSE
o00676,c0494,business,23/05/2024,2,south,west,low,110.61,app,FALSE
o00677,c0519,passenger,04/03/2024,4,east,west,high,79.31,web,FALSE
o00678,c0197,business,17/06/2025,12,airport,airport,low,14.72,app,TRUE
o00679,c0244,medical,15/11/2024,24,west,south,high,74.53,web,FALSE
o00680,c0412,passenger,31/10/2024,2,ctr,west,high,56.97,web,FALSE
o00681,c0438,parcel,03/01/2025,24,south,east,medium,47.11,phone,FALSE
o00682,c0529,retail,05/10/2024,2,north,ctr,low,97.9,phone,FALSE
o00684,c0064,parcel,24/11/2024,24,central,airport,high,81.01,app,FALSE
o00685,c0010,business,21/04/2024,6,west,west,low,107.85,phone,FALSE
o00686,c0476,retail,05/01/2025,6,east,south,medium,72.67,web,FALSE
o00687,c0253,passenger,29/01/2025,4,central,airport,medium,221.31,app,FALSE
o00688,c0332,passenger,25/04/2024,6,north,west,high,38.09,phone,FALSE
o00689,c0349,passenger,29/09/2025,4,riverside,riverside,medium,6.04,app,TRUE
o00690,c0013,retail,22/02/2025,4,airport,north,high,159.46,app,FALSE
o00691,c0532,retail,18/11/2024,12,north,east,high,231.13,app,FALSE
o00692,c0223,parcel,12/10/2024,4,east,east,medium,73.56,web,FALSE
o00693,c0199,retail,08/11/2025,2,airport,airport,medium,115.09,app,FALSE
o00694,c0380,passenger,17/11/2025,6,ctr,riverside,medium,307.5,web,FALSE
o00695,c0006,passenger,19/03/2024,6,south,east,low,92.36,app,FALSE
o00696,c0090,passenger,06/01/2025,1,central,riverside,medium,67.44,app,FALSE
o00697,c0454,medical,09/02/2025,6,east,west,medium,7.69,app,FALSE
o00698,c0550,medical,22/10/2024,2,south,central,high,179.24,app,FALSE
o00699,c0310,medical,22/09/2024,12,south,riverside,medium,202.46,web,FALSE
o00700,c0443,passenger,13/01/2024,4,west,west,medium,110.49,phone,FALSE
o00701,c0021,parcel,15/12/2025,4,east,riverside,medium,19.97,app,FALSE
o00702,c0228,retail,28/12/2024,4,east,riverside,critical,77.66,app,FALSE
o00703,c0493,medical,28/09/2024,6,airport,north,medium,250.93,phone,FALSE
o00704,c0031,retail,12/03/2024,4,north,north,high,141.29,phone,FALSE
o00705,c0013,parcel,09/09/2025,6,north,riverside,high,118.52,app,FALSE
o00706,c0243,retail,26/02/2025,2,riverside,south,low,39.03,app,TRUE
o00707,c0156,parcel,10/11/2024,4,central,east,medium,95.62,app,FALSE
o00708,c0058,parcel,29/06/2024,4,west,west,low,108.04,phone,FALSE
o00709,c0369,medical,09/12/2025,12,north,airport,critical,49.66,app,FALSE
o00710,c0322,passenger,17/02/2025,6,south,south,low,91.43,web,FALSE
o00711,c0412,passenger,15/12/2024,2,south,south,high,69.11,web,FALSE
o00712,c0512,passenger,26/05/2025,2,north,west,high,105.64,phone,TRUE
o00713,c0316,medical,09/07/2024,6,south,north,low,48.38,phone,FALSE
o00714,c0456,passenger,26/05/2024,24,south,north,low,187.87,app,FALSE
o00715,c0477,medical,17/06/2025,6,riverside,north,critical,125.92,app,FALSE
o00716,c0072,passenger,22/10/2024,6,east,north,medium,5.92,app,FALSE
o00717,c0508,retail,12/12/2024,4,east,south,low,72.1,web,FALSE
o00718,c0533,passenger,27/02/2025,2,west,airport,low,144.45,phone,FALSE
o00719,c0395,passenger,04/01/2024,2,west,central,low,11.54,web,FALSE
o00720,c0140,business,29/08/2024,2,airport,airport,high,111.88,app,FALSE
o00721,c0001,retail,17/02/2025,24,east,ctr,medium,70.79,app,TRUE
o00722,c0523,business,07/10/2024,12,central,central,medium,72.65,phone,FALSE
o00723,c0075,passenger,15/05/2024,1,north,central,low,94.32,app,FALSE
o00724,c0317,passenger,18/11/2025,4,airport,north,low,98.05,app,FALSE
o00725,c0153,passenger,07/05/2024,12,east,west,medium,61.87,app,FALSE
o00726,c0284,retail,04/02/2024,4,airport,airport,medium,59.57,web,FALSE
o00727,c0499,business,26/10/2025,2,south,south,medium,85,app,FALSE
o00728,c0610,parcel,21/10/2024,24,south,riverside,low,50.95,app,FALSE
o00729,c0574,parcel,22/12/2025,6,east,east,medium,51.28,app,FALSE
o00730,c0353,retail,19/09/2025,1,east,east,high,112.07,app,FALSE
o00731,c0014,passenger,09/03/2024,2,east,central,high,38.48,web,FALSE
o00732,c0579,passenger,05/06/2025,4,east,central,medium,165.97,phone,FALSE
o00733,c0609,passenger,06/08/2024,6,airport,west,medium,161.44,phone,FALSE
o00734,c0087,retail,06/04/2024,12,east,east,medium,166.21,app,TRUE
o00735,c0602,retail,05/08/2025,4,central,north,high,35.89,app,FALSE
o00736,c0390,parcel,24/01/2024,12,central,east,medium,78.13,app,FALSE
o00737,c0368,retail,14/03/2024,2,central,central,medium,117.82,web,TRUE
o00738,c0354,retail,28/11/2024,2,airport,west,high,66.54,app,TRUE
o00739,c0144,passenger,13/04/2025,12,south,north,low,76.04,phone,FALSE
o00740,c0151,medical,22/05/2024,4,east,east,medium,67.9,web,TRUE
o00741,c0552,retail,30/05/2025,6,airport,north,low,72.44,app,TRUE
o00742,c0017,passenger,27/08/2025,12,airport,west,critical,45.26,app,FALSE
o00743,c0166,retail,03/02/2024,2,east,south,medium,92.51,web,FALSE
o00744,c0146,retail,23/04/2025,6,east,riverside,low,33.49,app,TRUE
o00745,c0442,passenger,17/08/2024,24,south,airport,medium,46.93,app,FALSE
o00746,c0014,medical,14/12/2024,1,north,riverside,low,73.76,web,FALSE
o00747,c0264,retail,05/08/2025,2,east,south,medium,122.21,app,FALSE
o00748,c0412,parcel,23/07/2025,24,west,south,low,41.63,app,FALSE
o00749,c0196,retail,14/08/2025,6,east,riverside,low,47.61,app,FALSE
o00750,c0368,retail,01/02/2024,6,north,south,low,62.8,phone,TRUE
o00751,c0282,business,26/06/2024,4,north,west,medium,152.61,phone,FALSE
o00752,c0628,retail,31/05/2025,2,riverside,central,medium,119.26,web,FALSE
o00753,c0369,parcel,18/01/2025,2,airport,riverside,high,176.31,web,FALSE
o00754,c0479,parcel,07/10/2024,4,central,airport,medium,65.19,app,FALSE
o00755,c0014,passenger,21/08/2025,6,south,south,high,25.11,app,FALSE
o00756,c0413,retail,03/02/2025,24,airport,north,medium,83.09,app,TRUE
o00757,c0466,passenger,22/02/2025,12,east,south,medium,81.59,web,FALSE
o00758,c0359,parcel,26/02/2024,6,east,west,low,144.81,phone,FALSE
o00759,c0556,passenger,03/12/2024,1,central,north,medium,22.3,app,FALSE
o00760,c0051,medical,14/03/2024,24,south,west,low,108.03,app,FALSE
o00761,c0237,passenger,12/08/2025,12,north,east,low,109.93,app,FALSE
o00762,c0118,retail,09/04/2025,4,east,south,medium,21.57,app,FALSE
o00763,c0020,retail,26/12/2025,4,east,airport,low,154.35,app,FALSE
o00764,c0452,retail,14/07/2024,2,north,west,medium,72.77,app,FALSE
o00765,c0187,retail,13/07/2024,12,ctr,west,medium,60.26,app,TRUE
o00766,c0118,parcel,18/06/2024,2,east,south,low,79.18,phone,FALSE
o00767,c0107,business,17/07/2024,6,riverside,west,medium,57.81,web,FALSE
o00768,c0606,retail,12/06/2025,4,central,west,medium,69.17,app,FALSE
o00769,c0559,retail,21/07/2024,4,south,central,high,189,app,FALSE
o00770,c0096,retail,20/07/2024,2,south,west,medium,68.11,app,FALSE
o00771,c0208,passenger,27/07/2025,6,east,west,high,32.94,app,FALSE
o00772,c0103,parcel,30/10/2024,24,east,north,high,152.15,app,FALSE
o00773,c0172,parcel,24/01/2024,4,north,south,medium,114.02,app,FALSE
o00774,c0639,parcel,19/09/2025,12,ctr,north,high,34.69,web,TRUE
o00775,c0068,business,05/03/2024,12,riverside,central,high,94.46,app,FALSE
o00776,c0571,parcel,03/03/2025,4,riverside,east,low,108.49,phone,FALSE
o00777,c0226,retail,18/10/2025,6,east,riverside,high,14.64,app,FALSE
o00778,c0514,parcel,07/10/2025,4,north,ctr,low,84.4,app,FALSE
o00779,c0397,retail,25/07/2025,24,riverside,ctr,critical,69.68,app,FALSE
o00780,c0490,parcel,16/06/2024,1,west,north,medium,80.48,web,FALSE
o00781,c0049,retail,19/11/2024,12,north,ctr,high,75.82,web,FALSE
o00782,c0610,passenger,17/04/2024,2,south,south,medium,37.19,web,FALSE
o00783,c0507,parcel,28/06/2024,4,north,east,critical,46.36,app,TRUE
o00784,c0308,passenger,07/03/2025,12,east,south,low,21.26,phone,TRUE
o00785,c0378,passenger,31/12/2025,4,east,central,high,98.07,phone,FALSE
o00786,c0473,medical,14/04/2024,6,riverside,west,medium,69.28,app,FALSE
o00787,c0483,parcel,06/06/2024,6,north,riverside,low,192.62,web,FALSE
o00788,c0444,medical,27/04/2025,4,airport,north,medium,116.09,phone,FALSE
o00789,c0201,business,11/12/2024,6,central,riverside,high,163,app,TRUE
o00790,c0028,retail,11/05/2024,2,airport,west,high,283.08,web,FALSE
o00791,c0632,passenger,30/07/2025,4,east,airport,medium,107.8,app,FALSE
o00792,c0173,retail,02/02/2025,4,riverside,south,medium,156.57,app,FALSE
o00793,c0259,business,14/09/2024,12,central,south,medium,70.51,phone,FALSE
o00794,c0415,retail,16/07/2024,12,central,airport,low,154.5,app,FALSE
o00795,c0142,retail,15/06/2025,2,riverside,central,medium,42.52,app,FALSE
o00796,c0385,business,28/01/2025,6,ctr,north,high,209.05,app,FALSE
o00797,c0231,passenger,23/03/2025,4,riverside,riverside,medium,47.39,app,TRUE
o00798,c0547,retail,14/01/2024,4,south,north,low,55.01,app,FALSE
o00799,c0289,passenger,22/08/2025,24,east,south,high,260,web,FALSE
o00800,c0032,medical,29/01/2024,6,south,north,medium,102.47,phone,FALSE
o00801,c0138,retail,29/03/2024,6,south,north,medium,111.28,app,FALSE
o00802,c0187,passenger,14/02/2024,24,west,west,medium,32.72,phone,FALSE
o00803,c0509,retail,09/08/2025,6,east,airport,high,60.3,app,FALSE
o00804,c0383,parcel,13/03/2024,24,central,riverside,medium,278.77,phone,FALSE
o00805,c0426,passenger,01/10/2025,6,north,central,low,180.16,app,FALSE
o00806,c0622,business,17/04/2025,12,north,central,medium,100.44,app,TRUE
o00807,c0162,parcel,16/10/2025,4,south,riverside,medium,155.63,app,TRUE
o00808,c0598,passenger,06/09/2024,4,riverside,west,high,79.62,app,FALSE
o00810,c0408,parcel,16/04/2024,12,north,south,high,129.12,app,FALSE
o00811,c0267,retail,09/05/2024,6,north,riverside,medium,104.5,app,TRUE
o00812,c0219,parcel,12/04/2025,24,west,airport,medium,55.92,app,FALSE
o00813,c0642,parcel,13/10/2025,4,north,north,medium,75.79,app,FALSE
o00814,c0464,passenger,26/03/2025,12,east,riverside,medium,27.9,phone,FALSE
o00815,c0347,parcel,25/02/2024,24,airport,airport,high,216.89,app,TRUE
o00816,c0113,passenger,13/02/2025,12,east,ctr,low,62.91,web,FALSE
o00817,c0391,retail,31/12/2025,2,north,south,low,208.48,phone,FALSE
o00818,c0561,business,27/10/2025,1,riverside,north,medium,82.82,web,TRUE
o00819,c0098,retail,28/04/2025,4,airport,west,low,93.02,app,FALSE
o00820,c0121,passenger,01/05/2024,6,riverside,north,low,231.32,app,FALSE
o00821,c0266,parcel,25/01/2025,6,central,south,medium,78.86,phone,FALSE
o00822,c0186,parcel,01/09/2024,1,west,south,medium,55.85,phone,FALSE
o00823,c0264,passenger,05/02/2025,12,east,north,medium,122.9,app,FALSE
o00824,c0074,retail,17/08/2024,12,south,east,medium,271.33,web,FALSE
o00825,c0010,business,25/10/2025,4,south,west,medium,58.21,phone,FALSE
o00826,c0055,parcel,06/04/2024,4,airport,ctr,medium,118.93,app,FALSE
o00827,c0152,medical,01/01/2024,24,east,south,medium,19.26,web,FALSE
o00828,c0025,passenger,19/02/2024,24,west,west,low,61.71,app,FALSE
o00829,c0032,passenger,12/08/2024,4,south,west,high,32.2,phone,TRUE
o00830,c0347,passenger,23/07/2025,2,south,south,high,71.2,phone,FALSE
o00831,c0560,business,27/02/2025,4,riverside,central,medium,130.28,app,FALSE
o00832,c0436,parcel,06/06/2024,6,central,airport,low,99.75,app,TRUE
o00833,c0431,parcel,05/05/2025,2,central,riverside,medium,141.48,app,FALSE
o00834,c0526,parcel,28/12/2025,1,east,airport,low,265.72,web,FALSE
o00835,c0317,passenger,26/05/2024,6,south,airport,medium,51,app,FALSE
o00836,c0186,passenger,22/09/2025,6,south,north,low,45.9,app,TRUE
o00837,c0578,parcel,18/04/2024,24,east,west,low,35.47,app,FALSE
o00838,c0549,passenger,25/01/2025,6,ctr,central,low,48.73,web,FALSE
o00839,c0046,parcel,31/01/2024,6,riverside,west,low,229.63,app,FALSE
o00840,c0358,passenger,28/03/2024,6,south,east,medium,142.01,web,FALSE
o00841,c0132,business,26/09/2025,6,airport,south,medium,21.71,app,FALSE
o00842,c0588,retail,04/07/2025,12,central,east,low,153.82,web,FALSE
o00843,c0095,medical,25/02/2024,12,north,riverside,critical,84.18,phone,TRUE
o00844,c0276,medical,21/09/2025,6,riverside,riverside,high,76.02,app,FALSE
o00845,c0276,business,10/02/2025,4,airport,north,medium,65.51,phone,FALSE
o00846,c0372,parcel,27/07/2025,2,east,east,high,117.43,web,FALSE
o00847,c0303,retail,25/01/2024,12,central,ctr,low,47.99,app,TRUE
o00849,c0412,passenger,05/05/2024,4,airport,north,high,230.22,app,FALSE
o00850,c0601,parcel,31/07/2024,6,west,east,high,24.48,app,FALSE
o00851,c0480,business,23/04/2024,12,south,riverside,medium,49.34,phone,FALSE
o00853,c0335,parcel,24/11/2025,24,south,east,low,22.04,app,FALSE
o00854,c0343,parcel,01/09/2024,4,airport,airport,low,90.75,web,FALSE
o00855,c0342,parcel,11/01/2025,6,airport,south,critical,140.01,web,FALSE
o00856,c0574,parcel,12/11/2024,12,south,central,high,58.06,app,FALSE
o00857,c0104,retail,20/05/2025,1,ctr,west,high,140.14,app,TRUE
o00858,c0045,parcel,08/12/2024,1,riverside,west,critical,129.56,web,FALSE
o00859,c0476,retail,21/03/2024,6,airport,ctr,low,83.53,app,TRUE
o00860,c0076,medical,26/04/2024,2,east,south,medium,292.33,app,FALSE
o00861,c0265,passenger,05/09/2025,2,east,central,medium,90.82,app,FALSE
o00862,c0599,retail,29/01/2025,4,east,north,medium,84.14,phone,FALSE
o00863,c0274,passenger,17/09/2025,12,riverside,west,low,29.36,phone,FALSE
o00864,c0246,business,03/08/2024,4,airport,central,low,45.78,phone,FALSE
o00865,c0597,parcel,22/03/2024,2,east,south,medium,55.13,web,FALSE
o00866,c0317,parcel,01/03/2024,24,west,riverside,medium,117.83,web,FALSE
o00867,c0313,parcel,01/02/2024,6,riverside,ctr,low,34.43,app,FALSE
o00868,c0037,passenger,18/05/2024,4,central,west,medium,117.19,phone,TRUE
o00869,c0490,parcel,26/02/2024,4,central,riverside,medium,59.8,app,TRUE
o00870,c0092,passenger,27/10/2024,12,south,airport,high,144.13,web,FALSE
o00871,c0298,parcel,24/12/2025,6,riverside,north,high,46.35,phone,FALSE
o00872,c0294,medical,03/11/2024,2,east,south,low,113.37,app,FALSE
o00874,c0360,parcel,15/06/2024,6,east,west,high,246.43,phone,FALSE
o00875,c0027,business,31/10/2025,12,north,east,high,64.89,web,FALSE
o00876,c0301,parcel,29/04/2025,4,west,airport,low,75.93,app,FALSE
o00877,c0277,retail,29/11/2024,4,east,west,medium,14.29,phone,FALSE
o00878,c0190,medical,12/09/2024,6,riverside,west,low,35.24,app,FALSE
o00879,c0419,medical,04/07/2025,4,south,west,low,123.72,app,FALSE
o00880,c0020,parcel,24/08/2024,24,south,north,low,51.19,app,TRUE
o00881,c0545,passenger,31/12/2024,6,riverside,south,low,83.23,app,FALSE
o00882,c0204,parcel,01/09/2024,2,ctr,central,high,141.57,phone,FALSE
o00883,c0335,business,22/03/2024,12,north,north,medium,139.75,web,FALSE
o00884,c0339,parcel,17/04/2024,6,central,west,medium,16.66,web,FALSE
o00885,c0338,medical,17/11/2024,24,riverside,central,critical,125.38,app,FALSE
o00886,c0618,passenger,11/12/2024,1,east,central,low,88.24,app,TRUE
o00887,c0434,retail,04/07/2025,24,central,north,low,173.81,phone,FALSE
o00888,c0254,medical,13/06/2024,2,riverside,riverside,low,139.5,app,FALSE
o00889,c0322,retail,24/02/2024,4,west,west,critical,40.25,app,FALSE
o00890,c0232,retail,05/07/2025,24,central,east,high,88.41,app,FALSE
o00891,c0449,passenger,21/02/2025,2,ctr,airport,medium,82.47,web,FALSE
o00892,c0157,passenger,08/10/2025,2,airport,airport,medium,326.38,web,FALSE
o00893,c0391,business,05/08/2024,2,south,south,high,33.29,phone,FALSE
o00894,c0636,parcel,14/01/2024,2,east,airport,low,114.94,web,FALSE
o00895,c0599,parcel,17/03/2025,4,riverside,central,medium,63.95,app,FALSE
o00896,c0145,passenger,29/06/2024,6,east,south,low,50.35,app,FALSE
o00897,c0434,passenger,21/09/2025,6,south,west,low,101.28,web,FALSE
o00898,c0643,passenger,08/12/2025,24,east,north,low,82.8,app,FALSE
o00899,c0440,passenger,04/02/2025,6,airport,riverside,critical,184.27,web,FALSE
o00900,c0248,passenger,20/09/2024,2,riverside,airport,high,100.64,app,FALSE
o00901,c0222,retail,08/12/2025,2,central,airport,critical,136.84,phone,FALSE
o00902,c0309,parcel,22/09/2024,6,east,west,medium,70.09,app,FALSE
o00903,c0380,parcel,20/10/2025,4,ctr,east,low,18.78,web,TRUE
o00904,c0618,passenger,25/05/2024,4,airport,airport,low,95.34,app,FALSE
o00905,c0622,parcel,04/09/2025,6,east,central,medium,63.25,app,FALSE
o00906,c0480,passenger,04/02/2025,24,west,riverside,high,133.71,app,FALSE
o00907,c0173,business,06/03/2024,6,east,east,medium,37.24,phone,FALSE
o00908,c0167,parcel,02/07/2025,6,airport,east,low,142.89,app,TRUE
o00909,c0324,business,05/01/2025,12,north,east,high,117.13,app,FALSE
o00910,c0465,business,24/07/2025,6,north,north,medium,159.86,app,FALSE
o00911,c0214,retail,20/05/2025,4,riverside,central,high,24.34,app,FALSE
o00912,c0325,business,05/12/2025,6,east,west,low,39.19,phone,TRUE
o00913,c0091,retail,05/04/2025,6,west,south,low,14.48,phone,FALSE
o00914,c0258,retail,12/04/2024,6,south,north,medium,217.46,app,FALSE
o00915,c0499,parcel,08/02/2025,24,south,riverside,critical,93.22,web,FALSE
o00916,c0328,passenger,07/12/2025,12,south,south,medium,68.21,app,FALSE
o00918,c0147,business,26/11/2024,1,riverside,north,critical,50.49,app,TRUE
o00919,c0619,retail,01/02/2025,4,riverside,north,low,229.93,app,FALSE
o00920,c0242,passenger,01/08/2024,12,riverside,east,low,74.71,app,FALSE
o00921,c0448,retail,09/12/2024,4,east,central,medium,198.22,app,FALSE
o00922,c0467,retail,11/01/2024,12,west,central,low,41.3,phone,FALSE
o00923,c0334,parcel,01/04/2024,1,west,west,low,69.93,app,FALSE
o00924,c0139,retail,06/11/2025,24,west,ctr,low,44.93,app,TRUE
o00925,c0530,business,15/11/2024,12,south,airport,low,162.25,web,FALSE
o00926,c0322,parcel,03/07/2024,12,east,east,low,50.92,phone,FALSE
o00927,c0533,medical,07/05/2025,6,north,west,medium,76.32,app,FALSE
o00928,c0231,parcel,28/02/2024,24,south,airport,medium,60.36,app,FALSE
o00929,c0195,parcel,29/10/2025,2,central,riverside,medium,117.07,phone,FALSE
o00930,c0370,retail,20/08/2025,4,ctr,riverside,high,133.79,app,FALSE
o00931,c0213,parcel,07/03/2024,4,north,north,high,70.8,app,FALSE
o00932,c0221,parcel,01/10/2024,2,airport,west,medium,51.33,phone,FALSE
o00933,c0534,passenger,29/12/2024,6,south,airport,high,96.98,phone,TRUE
o00934,c0437,business,29/06/2024,4,north,east,medium,80.26,app,FALSE
o00935,c0404,parcel,14/09/2024,12,east,east,high,132.13,phone,TRUE
o00936,c0498,passenger,19/06/2024,4,central,airport,high,129,web,FALSE
o00937,c0549,parcel,24/04/2024,4,riverside,south,high,31.56,app,FALSE
o00938,c0567,business,18/06/2024,6,central,central,medium,151.14,web,FALSE
o00939,c0085,medical,24/01/2025,12,south,south,critical,91.71,app,TRUE
o00940,c0575,parcel,26/10/2025,6,west,west,high,99.21,phone,FALSE
o00941,c0571,passenger,12/08/2024,1,west,west,high,110.52,web,FALSE
o00942,c0291,passenger,09/01/2025,12,ctr,riverside,high,101.75,app,FALSE
o00943,c0372,passenger,28/04/2025,4,north,west,low,157.16,app,TRUE
o00944,c0343,passenger,08/01/2024,24,ctr,north,low,216.6,app,TRUE
o00945,c0567,retail,10/11/2025,6,north,north,medium,155.97,app,FALSE
o00946,c0558,parcel,13/01/2025,24,south,south,medium,113.57,app,FALSE
o00947,c0467,passenger,31/01/2024,4,north,north,high,89.52,app,FALSE
o00948,c0626,business,14/05/2025,6,north,west,low,60.77,app,FALSE
o00949,c0023,medical,15/04/2025,24,west,west,medium,71.3,web,FALSE
o00950,c0564,passenger,18/05/2025,24,south,airport,medium,82.99,phone,FALSE
o00951,c0199,passenger,30/04/2024,6,east,airport,low,208.66,phone,FALSE
o00952,c0156,passenger,26/06/2024,4,central,riverside,medium,183.79,app,FALSE
o00953,c0193,parcel,26/03/2025,12,south,south,medium,3.57,app,FALSE
o00954,c0599,passenger,14/07/2024,4,south,south,critical,62.7,web,FALSE
o00956,c0257,medical,01/09/2024,4,west,south,medium,53.1,app,FALSE
o00957,c0385,passenger,28/02/2024,1,north,north,critical,12.91,app,FALSE
o00958,c0132,passenger,15/08/2024,4,airport,central,critical,33.24,web,FALSE
o00959,c0545,medical,09/08/2024,12,airport,south,low,88.7,phone,TRUE
o00960,c0554,passenger,20/01/2025,1,riverside,north,medium,86.06,app,FALSE
o00961,c0307,parcel,18/03/2025,4,ctr,airport,medium,168.98,app,TRUE
o00963,c0528,medical,06/06/2025,24,north,east,medium,30.53,app,FALSE
o00964,c0247,retail,13/04/2024,2,central,south,high,178.23,phone,FALSE
o00965,c0384,passenger,28/09/2024,6,east,north,low,76.97,web,FALSE
o00966,c0568,retail,16/04/2025,12,ctr,central,high,29.24,app,TRUE
o00967,c0343,business,17/03/2024,6,north,west,medium,50.8,app,FALSE
o00968,c0529,business,21/11/2024,12,south,central,medium,76.41,app,FALSE
o00969,c0372,parcel,14/10/2024,2,north,riverside,high,36.75,phone,FALSE
o00970,c0099,retail,04/01/2025,2,north,airport,medium,29.04,web,FALSE
o00971,c0405,parcel,21/12/2025,6,central,south,high,14.62,app,FALSE
o00972,c0396,parcel,20/09/2024,24,east,south,medium,95.82,web,TRUE
o00973,c0506,parcel,12/01/2024,1,airport,west,low,81.56,app,FALSE
o00974,c0071,retail,11/06/2025,4,east,riverside,medium,74.02,app,FALSE
o00975,c0455,retail,26/04/2025,4,central,south,medium,33.56,app,FALSE
o00976,c0078,medical,02/02/2024,24,central,east,high,40.78,phone,FALSE
o00977,c0235,retail,27/08/2024,4,west,west,medium,25.58,app,TRUE
o00978,c0515,parcel,11/09/2025,24,riverside,central,high,124.25,app,FALSE
o00979,c0257,business,08/01/2025,12,north,west,low,54.09,phone,FALSE
o00980,c0545,parcel,25/11/2024,4,west,riverside,medium,510.06,app,FALSE
o00981,c0597,medical,11/01/2025,24,airport,riverside,high,107.45,app,FALSE
o00982,c0616,parcel,28/10/2025,4,east,north,critical,131.9,app,FALSE
o00983,c0538,passenger,20/08/2024,4,central,north,medium,122.09,web,FALSE
o00984,c0155,parcel,14/04/2025,6,east,west,medium,79.05,app,FALSE
o00985,c0461,parcel,05/04/2025,6,north,west,low,117.68,app,FALSE
o00986,c0303,parcel,06/02/2024,24,south,south,medium,111.61,phone,FALSE
o00987,c0612,retail,23/05/2024,24,west,ctr,high,115.17,app,FALSE
o00988,c0330,parcel,17/11/2024,6,central,riverside,low,43.93,app,FALSE
o00989,c0351,medical,08/03/2024,1,north,central,medium,89.8,app,FALSE
o00990,c0053,retail,26/11/2025,4,south,central,high,199.17,phone,FALSE
o00991,c0175,business,03/01/2025,4,east,ctr,high,61.06,app,FALSE
o00992,c0438,retail,08/03/2024,4,ctr,south,high,54.25,phone,FALSE
o00993,c0440,passenger,07/06/2025,24,east,north,high,51.85,phone,TRUE
o00994,c0521,retail,19/11/2025,1,south,south,high,40.11,app,FALSE
o00995,c0622,passenger,09/08/2024,24,central,west,medium,202.67,phone,FALSE
o00996,c0238,passenger,26/04/2025,4,central,east,high,52.53,app,TRUE
o00997,c0560,retail,12/04/2025,4,south,west,critical,59.22,web,FALSE
o00998,c0169,parcel,25/11/2024,6,north,south,medium,23.86,phone,TRUE
o00999,c0613,retail,30/06/2024,24,riverside,south,high,170.69,web,TRUE
o01000,c0576,retail,15/11/2025,6,airport,west,medium,59.9,app,TRUE
o01001,c0413,passenger,05/08/2025,12,west,ctr,high,78.37,web,FALSE
o01002,c0607,business,14/06/2024,12,west,west,medium,109.31,web,TRUE
o01003,c0473,passenger,01/01/2024,24,airport,west,low,60.87,web,FALSE
o01004,c0056,retail,21/09/2024,2,central,airport,high,98.19,web,FALSE
o01005,c0104,business,01/05/2025,12,riverside,south,high,127.67,app,FALSE
o01006,c0112,parcel,29/12/2025,12,central,east,high,74.48,phone,TRUE
o01007,c0556,medical,24/09/2024,12,riverside,riverside,medium,46.92,app,FALSE
o01008,c0575,parcel,03/05/2024,12,west,north,high,76.64,app,FALSE
o01009,c0545,passenger,01/06/2024,4,east,riverside,medium,167.86,web,TRUE
o01011,c0257,business,28/02/2024,12,airport,south,low,103.05,app,TRUE
o01012,c0532,retail,08/03/2025,1,riverside,ctr,critical,99.1,app,FALSE
o01013,c0185,passenger,22/08/2025,4,ctr,north,low,76.79,web,FALSE
o01014,c0106,medical,22/02/2025,1,south,airport,medium,47.39,app,FALSE
o01015,c0226,passenger,06/08/2025,6,riverside,ctr,high,40.54,phone,FALSE
o01017,c0201,retail,30/12/2025,6,central,west,high,30.84,phone,FALSE
o01018,c0180,parcel,22/02/2024,12,west,airport,medium,98.9,app,FALSE
o01019,c0626,parcel,16/04/2024,4,west,east,high,206.52,app,FALSE
o01020,c0321,retail,23/10/2024,2,airport,south,high,77.64,app,FALSE
o01021,c0625,retail,28/06/2024,6,west,central,high,78.29,app,FALSE
o01022,c0061,retail,16/03/2024,24,east,south,medium,43.98,web,FALSE
o01024,c0396,passenger,23/12/2025,4,north,west,low,129.76,app,FALSE
o01025,c0390,parcel,29/04/2024,6,west,north,medium,75.72,app,FALSE
o01026,c0309,business,26/05/2025,1,west,ctr,high,20.25,phone,FALSE
o01027,c0492,parcel,23/08/2025,4,east,central,medium,97.55,app,FALSE
o01028,c0373,passenger,13/01/2025,4,south,south,medium,109.71,app,TRUE
o01029,c0478,retail,16/07/2024,1,east,north,medium,87.86,app,FALSE
o01030,c0279,parcel,29/08/2025,6,ctr,west,high,186.34,web,TRUE
o01031,c0578,business,26/01/2025,6,east,central,medium,80.04,web,FALSE
o01032,c0357,passenger,09/12/2025,4,west,east,high,74.27,phone,FALSE
o01033,c0234,medical,30/08/2024,1,west,central,low,11.57,phone,TRUE
o01034,c0032,business,20/06/2025,24,east,south,medium,9.2,web,FALSE
o01035,c0508,business,16/03/2024,6,east,riverside,low,54.57,app,FALSE
o01036,c0647,medical,28/02/2024,4,central,north,low,66.82,app,TRUE
o01037,c0226,passenger,28/04/2025,6,south,north,high,55.58,web,FALSE
o01038,c0141,business,01/12/2024,6,west,south,critical,20.72,phone,FALSE
o01039,c0171,passenger,01/05/2025,6,west,riverside,low,84.17,app,TRUE
o01040,c0290,passenger,27/12/2025,4,airport,central,medium,59.93,web,TRUE
o01041,c0551,passenger,03/07/2024,4,south,west,medium,41.43,app,FALSE
o01042,c0571,passenger,26/08/2024,12,airport,east,low,54.55,phone,FALSE
o01043,c0371,retail,31/07/2024,12,central,riverside,medium,93.72,phone,TRUE
o01044,c0190,retail,14/02/2025,12,airport,riverside,low,70.39,app,TRUE
o01045,c0506,parcel,26/08/2024,1,ctr,airport,high,53.78,web,TRUE
o01046,c0591,retail,26/12/2025,24,south,east,high,169.64,phone,FALSE
o01047,c0121,parcel,10/11/2025,4,west,riverside,high,32.59,phone,FALSE
o01048,c0458,medical,08/01/2025,12,airport,airport,medium,160.1,phone,TRUE
o01049,c0527,retail,17/10/2025,12,west,west,medium,69.8,app,FALSE
o01050,c0363,passenger,29/09/2024,6,central,south,medium,73.98,app,FALSE
o01051,c0288,retail,06/06/2025,4,central,airport,low,74.57,phone,FALSE
o01052,c0429,retail,19/02/2025,6,east,south,low,91.5,app,FALSE
o01053,c0106,passenger,23/10/2025,6,east,west,low,285.05,app,FALSE
o01054,c0216,retail,19/08/2025,4,south,airport,medium,260.15,web,FALSE
o01055,c0621,parcel,13/08/2025,6,north,south,medium,33.59,web,FALSE
o01056,c0203,retail,19/12/2024,4,east,airport,medium,111.26,phone,TRUE
o01057,c0579,passenger,23/03/2025,4,airport,north,medium,50.3,app,FALSE
o01058,c0215,retail,08/05/2025,6,airport,west,low,179.11,app,FALSE
o01059,c0107,business,23/11/2025,6,east,east,medium,19.55,app,FALSE
o01060,c0277,parcel,13/06/2024,2,west,north,low,103.55,web,FALSE
o01061,c0535,retail,29/04/2024,2,central,west,medium,13.17,app,FALSE
o01062,c0559,medical,26/10/2024,4,east,central,medium,128.73,app,TRUE
o01063,c0054,retail,27/07/2024,12,east,riverside,medium,47.11,app,TRUE
o01064,c0095,passenger,22/12/2025,12,central,airport,medium,48.29,app,TRUE
o01065,c0436,parcel,20/07/2024,4,south,south,medium,35.51,web,TRUE
o01066,c0084,business,04/11/2024,2,east,airport,low,54.18,phone,TRUE
o01067,c0304,retail,16/06/2024,12,north,west,low,8.17,app,FALSE
o01068,c0089,passenger,10/04/2025,2,riverside,west,low,53.32,app,FALSE
o01069,c0219,passenger,25/08/2025,12,central,north,high,18.2,app,TRUE
o01070,c0335,parcel,16/01/2024,24,east,north,low,153.81,phone,FALSE
o01071,c0055,retail,26/02/2025,12,south,east,medium,97.8,app,FALSE
o01072,c0384,passenger,05/10/2024,6,west,north,high,172.79,app,FALSE
o01073,c0047,passenger,05/01/2024,6,central,airport,medium,34.23,app,FALSE
o01074,c0499,passenger,13/12/2025,2,ctr,south,low,51.75,app,FALSE
o01075,c0260,passenger,26/06/2024,2,east,airport,high,181.2,app,FALSE
o01076,c0035,business,28/09/2024,6,south,airport,critical,46.37,app,FALSE
o01077,c0021,retail,30/08/2024,4,north,riverside,low,130.85,app,FALSE
o01078,c0622,parcel,26/04/2024,6,airport,riverside,low,91.33,web,TRUE
o01079,c0017,passenger,31/03/2024,24,south,riverside,medium,190.5,app,FALSE
o01080,c0107,passenger,26/04/2025,1,ctr,north,high,65.57,app,TRUE
o01081,c0581,medical,18/06/2025,2,west,airport,critical,10.07,app,TRUE
o01082,c0530,medical,25/10/2024,24,riverside,west,medium,43.58,web,FALSE
o01083,c0156,retail,05/05/2025,12,east,south,low,29.43,phone,FALSE
o01084,c0416,passenger,26/02/2024,4,central,south,medium,64.17,app,FALSE
o01085,c0051,medical,15/06/2024,6,central,west,high,150.85,app,FALSE
o01086,c0276,passenger,05/03/2024,4,airport,south,low,140.6,phone,FALSE
o01087,c0248,parcel,14/12/2025,1,airport,west,low,116.34,web,FALSE
o01088,c0444,parcel,02/12/2024,6,north,west,medium,49.16,web,TRUE
o01089,c0035,retail,18/05/2025,2,riverside,north,low,7.74,phone,FALSE
o01090,c0414,medical,11/09/2025,24,south,airport,critical,58.6,app,FALSE
o01091,c0471,business,22/02/2024,2,riverside,airport,medium,49.37,app,FALSE
o01092,c0482,passenger,10/12/2025,6,north,east,low,97.48,web,FALSE
o01093,c0205,retail,29/10/2024,12,riverside,west,low,38.72,app,TRUE
o01094,c0204,parcel,22/08/2024,2,east,riverside,medium,208.68,phone,FALSE
o01095,c0612,business,14/03/2024,6,south,airport,high,23.65,web,FALSE
o01096,c0036,passenger,08/03/2024,4,north,airport,medium,163.56,app,FALSE
o01097,c0390,retail,14/07/2024,12,airport,north,low,59.58,app,FALSE
o01098,c0093,retail,24/04/2025,2,north,riverside,low,17.79,web,FALSE
o01099,c0302,retail,05/04/2024,24,east,ctr,critical,35.33,app,FALSE
o01100,c0239,business,01/08/2025,4,airport,east,high,41.49,app,FALSE
o01101,c0023,parcel,14/01/2024,6,riverside,north,medium,38.39,phone,TRUE
o01102,c0323,passenger,19/08/2025,4,airport,west,medium,81.39,app,TRUE
o01103,c0337,passenger,11/10/2025,24,north,east,medium,95.68,app,FALSE
o01104,c0480,parcel,21/09/2024,12,east,riverside,low,55.13,web,FALSE
o01105,c0239,business,18/06/2025,12,east,west,medium,13.4,phone,FALSE
o01106,c0175,business,28/02/2024,12,east,ctr,medium,22.49,web,FALSE
o01107,c0182,business,25/01/2024,12,airport,central,medium,282.35,app,FALSE
o01108,c0235,parcel,24/10/2024,4,north,central,critical,164.37,web,FALSE
o01109,c0598,business,08/12/2025,2,airport,riverside,low,16.12,phone,FALSE
o01110,c0232,passenger,15/07/2024,1,south,airport,low,82.48,app,FALSE
o01111,c0167,retail,14/11/2024,6,south,north,low,18.03,app,TRUE
o01112,c0301,business,24/09/2024,2,east,west,critical,278.14,app,FALSE
o01113,c0599,passenger,04/03/2024,6,riverside,north,high,94.63,web,FALSE
o01114,c0278,passenger,13/12/2024,1,riverside,east,medium,94.52,app,FALSE
o01115,c0492,business,28/11/2025,1,west,ctr,medium,63.15,web,FALSE
o01116,c0556,medical,13/11/2024,6,east,west,medium,61.33,app,FALSE
o01117,c0296,parcel,19/06/2025,6,airport,east,high,59.12,app,FALSE
o01118,c0106,passenger,26/02/2024,4,west,west,high,65.93,app,FALSE
o01119,c0627,medical,01/04/2024,6,ctr,north,medium,47.89,phone,FALSE
o01120,c0182,medical,28/11/2024,2,south,west,low,62.79,app,FALSE
o01121,c0078,retail,03/06/2024,12,central,south,high,73.49,app,FALSE
o01122,c0390,parcel,06/10/2025,12,south,riverside,high,131.53,app,FALSE
o01123,c0274,parcel,31/01/2024,24,south,west,high,98.07,app,TRUE
o01124,c0015,business,02/05/2024,4,riverside,south,high,148.02,app,TRUE
o01125,c0510,parcel,17/06/2025,12,west,central,low,47.38,phone,FALSE
o01126,c0587,parcel,02/05/2025,4,south,central,medium,15.01,web,FALSE
o01127,c0296,retail,17/03/2024,1,riverside,central,medium,104.37,web,TRUE
o01128,c0588,passenger,12/03/2024,6,west,airport,medium,12.73,app,FALSE
o01129,c0292,medical,23/03/2025,6,north,airport,low,139.29,app,FALSE
o01130,c0649,business,15/09/2024,4,east,north,low,94.24,app,FALSE
o01131,c0110,medical,15/08/2024,4,airport,north,low,150.77,app,TRUE
o01132,c0588,business,03/05/2025,2,south,riverside,low,81.66,app,FALSE
o01133,c0318,parcel,23/12/2025,24,east,west,medium,8.61,phone,FALSE
o01134,c0248,retail,02/04/2025,4,central,south,low,87.01,app,FALSE
o01135,c0505,parcel,18/11/2024,4,west,west,high,103.41,web,FALSE
o01137,c0213,passenger,14/10/2025,2,south,central,medium,101.93,app,TRUE
o01138,c0409,parcel,08/02/2024,2,airport,south,medium,41.05,app,FALSE
o01139,c0474,medical,05/03/2024,6,east,east,medium,87.44,app,FALSE
o01140,c0244,passenger,26/09/2025,6,east,south,low,97.23,app,FALSE
o01141,c0630,business,04/11/2025,4,east,north,low,36.73,app,TRUE
o01142,c0136,retail,07/11/2025,24,east,west,high,91.95,app,FALSE
o01143,c0467,retail,16/06/2025,2,riverside,east,low,217.11,phone,FALSE
o01144,c0571,passenger,07/02/2025,4,riverside,south,medium,17.71,app,TRUE
o01145,c0548,passenger,22/02/2024,24,east,north,medium,301.38,app,FALSE
o01146,c0118,business,17/11/2025,6,south,east,high,61.63,phone,FALSE
o01147,c0165,retail,19/04/2024,2,south,south,low,149.49,app,FALSE
o01148,c0606,passenger,19/11/2024,24,ctr,riverside,medium,122.59,app,FALSE
o01149,c0246,business,28/06/2025,24,riverside,airport,low,34.67,app,FALSE
o01150,c0270,passenger,20/02/2025,1,north,west,low,144.76,phone,FALSE
o01151,c0100,retail,26/06/2024,12,south,north,medium,94.09,app,FALSE
o01152,c0247,passenger,12/03/2025,24,riverside,west,high,192.23,app,FALSE
o01153,c0004,business,06/01/2025,2,ctr,airport,high,59.44,app,FALSE
o01154,c0588,medical,05/09/2024,12,south,south,low,25.19,phone,FALSE
o01155,c0021,parcel,29/04/2024,4,airport,east,low,56.45,web,FALSE
o01156,c0430,passenger,30/01/2025,12,south,west,medium,47,app,FALSE
o01157,c0012,parcel,08/07/2024,1,riverside,east,high,123.37,web,FALSE
o01158,c0075,parcel,22/10/2024,24,north,west,medium,40.06,phone,FALSE
o01159,c0069,passenger,25/07/2024,24,west,north,low,47.65,phone,TRUE
o01160,c0548,parcel,12/05/2024,4,riverside,airport,high,171.67,app,FALSE
o01161,c0359,passenger,17/05/2025,4,riverside,north,high,32.02,app,FALSE
o01162,c0261,passenger,09/06/2025,2,riverside,east,medium,89.31,app,FALSE
o01163,c0399,parcel,10/09/2024,4,north,east,low,13.49,app,TRUE
o01164,c0530,parcel,09/06/2025,4,riverside,west,high,197.5,app,FALSE
o01165,c0478,passenger,13/12/2025,6,east,west,low,118.02,phone,FALSE
o01166,c0053,parcel,22/09/2025,4,west,north,medium,57.89,web,TRUE
o01167,c0336,parcel,25/06/2024,6,central,east,low,103.78,app,FALSE
o01168,c0575,passenger,15/12/2024,12,airport,central,medium,30.78,web,TRUE
o01169,c0158,parcel,06/11/2025,4,airport,east,medium,145.59,web,FALSE
o01170,c0321,passenger,01/01/2024,6,ctr,west,low,104.64,web,FALSE
o01171,c0508,passenger,18/12/2024,6,riverside,ctr,medium,52.73,web,FALSE
o01172,c0383,medical,17/09/2024,4,north,riverside,medium,111.98,phone,FALSE
o01173,c0194,passenger,08/02/2024,6,north,airport,medium,41.11,phone,FALSE
o01174,c0605,passenger,21/11/2024,6,riverside,airport,critical,104.71,web,FALSE
o01175,c0623,retail,04/11/2024,24,west,airport,low,63.42,web,FALSE
o01176,c0461,parcel,27/12/2024,6,north,riverside,high,93.51,app,TRUE
o01177,c0611,parcel,17/10/2024,12,ctr,south,high,63.29,app,FALSE
o01178,c0362,medical,13/01/2024,4,west,riverside,critical,2.04,web,FALSE
o01179,c0207,passenger,13/10/2025,6,riverside,central,high,64.87,app,FALSE
o01180,c0197,passenger,07/09/2024,2,airport,central,high,109.31,web,TRUE
o01181,c0346,retail,23/02/2024,6,west,east,high,95.57,app,FALSE
o01182,c0256,passenger,03/06/2024,6,airport,north,high,128.45,app,FALSE
o01183,c0351,retail,31/05/2025,2,west,ctr,medium,53.74,app,FALSE
o01184,c0253,business,24/01/2025,12,riverside,west,medium,25.61,web,FALSE
o01185,c0591,parcel,10/11/2024,12,airport,riverside,medium,59.09,app,FALSE
o01186,c0184,medical,06/07/2025,1,riverside,west,medium,96.23,web,FALSE
o01187,c0451,medical,17/11/2025,1,north,airport,low,53.13,app,FALSE
o01188,c0291,parcel,25/06/2024,1,ctr,west,critical,83.85,phone,FALSE
o01189,c0353,parcel,22/05/2024,6,airport,riverside,low,129.6,web,FALSE
o01190,c0168,parcel,24/11/2025,4,east,central,high,34.37,app,FALSE
o01191,c0258,business,19/02/2024,2,east,north,low,91.82,app,FALSE
o01192,c0200,business,13/12/2024,2,airport,ctr,medium,79.83,web,FALSE
o01193,c0519,medical,17/04/2025,6,east,central,medium,11.71,app,FALSE
o01194,c0229,passenger,07/08/2024,2,south,airport,medium,88.17,app,TRUE
o01195,c0529,retail,04/01/2025,2,airport,central,medium,94.26,phone,FALSE
o01196,c0109,parcel,12/04/2024,4,south,east,low,79.58,phone,FALSE
o01197,c0359,retail,27/01/2024,24,ctr,airport,medium,63.08,app,FALSE
o01198,c0013,retail,13/01/2025,6,north,east,high,36.61,app,FALSE
o01199,c0225,business,10/03/2024,1,ctr,west,medium,119.36,app,FALSE
o01200,c0433,passenger,23/02/2024,6,riverside,riverside,low,68.78,web,FALSE
o01201,c0650,parcel,18/04/2025,12,riverside,north,medium,80.58,app,FALSE
o01202,c0459,retail,14/11/2024,6,east,north,medium,65.73,phone,FALSE
o01203,c0445,parcel,13/11/2024,24,west,riverside,medium,141.68,web,FALSE
o01204,c0498,passenger,13/08/2025,1,east,central,critical,162.33,app,FALSE
o01205,c0559,parcel,19/12/2024,4,west,north,low,65.7,web,FALSE
o01206,c0236,medical,15/11/2024,4,central,riverside,high,142.54,web,FALSE
o01207,c0197,business,26/12/2024,6,central,riverside,medium,321.68,app,FALSE
o01208,c0098,medical,18/04/2024,12,riverside,south,medium,116.78,phone,TRUE
o01209,c0182,parcel,14/06/2025,2,riverside,central,medium,12.79,app,FALSE
o01210,c0581,medical,01/04/2025,2,riverside,riverside,medium,198.15,app,FALSE
o01211,c0345,medical,12/11/2025,24,south,south,medium,17.36,app,FALSE
o01212,c0262,parcel,01/08/2024,2,west,south,low,45.3,app,TRUE
o01213,c0502,retail,06/01/2025,12,south,riverside,high,90.58,app,FALSE
o01214,c0386,medical,07/05/2024,4,central,north,high,17.33,phone,TRUE
o01215,c0054,business,05/08/2025,12,north,airport,medium,205.06,app,FALSE
o01217,c0263,passenger,25/01/2024,12,central,south,high,121.06,phone,FALSE
o01218,c0065,retail,15/03/2025,4,airport,north,medium,101.68,phone,FALSE
o01219,c0164,passenger,20/06/2025,4,north,riverside,high,81.91,app,FALSE
o01220,c0006,passenger,11/06/2025,6,west,airport,high,76.75,phone,FALSE
o01221,c0243,passenger,13/04/2024,4,east,ctr,medium,183.7,app,FALSE
o01222,c0361,retail,10/09/2025,12,north,east,critical,105.79,phone,FALSE
o01223,c0522,parcel,10/01/2025,12,east,riverside,medium,97.73,web,FALSE
o01224,c0296,passenger,10/06/2024,4,riverside,central,low,136.16,app,FALSE
o01225,c0074,parcel,27/12/2025,24,north,ctr,high,165.46,app,TRUE
o01226,c0140,passenger,02/03/2025,6,south,south,medium,131.87,app,FALSE
o01227,c0282,medical,05/11/2024,2,ctr,north,high,95.27,phone,FALSE
o01228,c0431,retail,10/07/2024,6,west,north,low,110.84,web,FALSE
o01229,c0399,passenger,27/05/2025,1,east,riverside,medium,84.74,phone,FALSE
o01230,c0564,parcel,26/05/2024,1,central,north,high,86.63,app,FALSE
o01231,c0305,medical,28/07/2025,6,airport,east,medium,45.16,app,TRUE
o01232,c0189,passenger,18/01/2024,6,west,east,medium,55.4,app,TRUE
o01233,c0520,retail,25/04/2024,4,west,south,high,51.7,phone,FALSE
o01234,c0163,parcel,24/02/2024,2,west,north,medium,119.86,phone,TRUE
o01235,c0636,medical,01/06/2025,1,north,riverside,low,67.31,phone,FALSE
o01236,c0543,business,29/05/2025,12,south,airport,low,156.71,app,FALSE
o01237,c0357,parcel,30/12/2025,12,ctr,east,high,195.64,app,FALSE
o01238,c0318,passenger,18/04/2025,12,south,north,medium,79.85,app,FALSE
o01239,c0392,retail,06/08/2024,2,south,west,medium,57.51,web,FALSE
o01240,c0649,passenger,08/10/2025,2,east,east,high,178.86,phone,FALSE
o01241,c0537,passenger,01/02/2024,2,airport,south,high,51.66,web,FALSE
o01242,c0550,business,08/09/2025,1,ctr,riverside,low,284.98,app,FALSE
o01243,c0428,retail,10/09/2025,12,east,central,medium,113.08,web,TRUE
o01244,c0279,passenger,06/03/2025,24,airport,north,high,58.93,phone,FALSE
o01245,c0237,retail,05/10/2025,2,airport,airport,high,24.93,app,TRUE
o01246,c0198,business,04/04/2024,4,airport,north,medium,60.45,app,FALSE
o01247,c0397,parcel,14/12/2024,4,central,riverside,low,23.58,web,FALSE
o01248,c0517,retail,30/08/2024,24,south,riverside,medium,28.17,app,FALSE
o01249,c0572,medical,25/08/2024,1,central,riverside,high,188.73,web,FALSE
o01250,c0180,retail,28/06/2024,1,north,east,high,128.53,app,FALSE
