vehicle_id,vehicle_type,assigned_zone,commission_date,battery_health_pct,odometer_km,maintenance_status,telematics_version
v001,ev,north,28/12/2024,71.8,56928,active,v2.2
v002,ev,airport,21/04/2024,67.9,159368,inrepair,v2.2
v003,cargovan,north,24/11/2025,91.7,219359,active,v2.1
v005,cargovan,west,15/11/2025,58.6,146638,active,v2.2
v006,ev,central,22/11/2025,78.6,141381,active,v2.1
v007,diesel,airport,17/09/2025,68.6,78468,active,v2.2
v008,ev,riverside,14/06/2025,90.5,49711,active,v2.0
v009,cargovan,south,01/05/2025,68.8,156687,active,v2.1
v010,cargovan,north,07/10/2025,50.7,129032,inrepair,v2.1
v011,diesel,riverside,21/12/2025,74.1,43518,inrepair,v2.1
v012,hybrid,south,15/04/2024,56.2,52021,active,v2.1
v013,cargovan,west,17/07/2025,68.3,153106,scheduled,v2.0
v014,ev,airport,24/05/2025,100,206339,scheduled,v2.0
v015,cargovan,airport,02/06/2024,78.2,67614,inrepair,v1.9
v016,ev,west,13/10/2024,63.5,84395,active,v2.1
v017,hybrid,riverside,23/04/2024,82.4,169703,inrepair,v2.2
v018,diesel,riverside,08/04/2025,86.8,98363,scheduled,v2.1
v019,diesel,south,21/10/2024,70.4,151460,scheduled,v2.2
v020,hybrid,riverside,26/10/2024,82.3,187051,scheduled,v2.1
v021,diesel,central,22/06/2025,83,71294,active,v2.2
v022,hybrid,south,28/01/2025,89.6,44499,scheduled,v2.1
v023,hybrid,east,07/01/2024,70.7,188387,active,v2.1
v024,ev,east,26/05/2025,74.9,56967,active,v2.1
v025,diesel,airport,03/11/2024,42,52074,active,v2.1
v026,cargovan,riverside,07/11/2024,78.7,200276,inrepair,v2.2
v027,diesel,south,12/08/2025,78.6,51052,inrepair,v2.2
v028,ev,east,25/08/2024,75.4,149698,active,v2.0
v030,cargovan,north,14/09/2025,78,134360,active,v2.1
v031,ev,east,28/07/2024,89.3,193526,active,v1.9
v032,cargovan,north,11/01/2024,74.1,102207,active,v1.9
v033,ev,airport,19/09/2024,78.6,55241,inrepair,v2.2
v034,ev,riverside,24/05/2025,94.2,210683,inrepair,v2.0
v035,cargovan,east,03/07/2025,83.6,73804,active,v2.0
v036,diesel,north,26/09/2025,90.4,215767,inrepair,v2.1
v037,cargovan,south,13/06/2025,56.6,52146,inrepair,v1.9
v038,cargovan,central,16/03/2025,81.6,68032,active,v2.1
v039,ev,east,01/01/2025,69.5,37024,inrepair,v1.9
v040,ev,central,23/11/2025,90,133770,active,v2.0
v041,ev,east,11/01/2024,78.4,88129,active,v2.2
v042,ev,east,21/06/2025,80.5,215870,inrepair,v1.9
v043,ev,south,23/02/2025,76.4,149922,scheduled,v2.0
v044,ev,airport,14/02/2025,91.8,111243,active,v2.2
v045,ev,east,10/08/2025,88,190688,active,v2.2
v046,ev,north,11/07/2024,95.8,101425,active,v1.9
v047,ev,ctr,15/02/2025,93.7,134347,scheduled,v2.2
v048,diesel,central,01/10/2025,76.1,87659,active,v2.1
v049,diesel,east,09/12/2025,55.9,15278,active,v2.2
v050,ev,riverside,04/04/2024,96.5,114188,active,v2.1
v051,ev,north,21/11/2024,87.8,141107,active,v2.0
v052,hybrid,riverside,14/11/2024,95.4,182486,active,v1.9
v053,cargovan,west,23/04/2024,73.7,122638,scheduled,v2.0
v054,hybrid,north,28/10/2024,76.7,90558,scheduled,v2.2
v055,hybrid,east,05/06/2025,83.3,85635,active,v2.1
v056,ev,central,09/06/2024,78.4,29849,active,v2.2
v057,ev,riverside,07/06/2025,76,160770,inrepair,v2.0
v058,hybrid,central,11/07/2024,74.1,15138,active,v2.0
v059,hybrid,airport,02/03/2024,85.2,188332,inrepair,v2.1
v060,cargovan,ctr,09/09/2025,80.2,65113,inrepair,v2.0
v061,diesel,south,06/08/2025,60.3,126438,active,v2.2
v062,hybrid,north,13/02/2024,89.9,113343,active,v2.0
v063,ev,central,11/01/2024,73.6,159860,active,v2.1
v064,cargovan,west,28/12/2025,67.3,219116,inrepair,v2.2
v065,ev,west,05/01/2024,84.3,217057,active,v2.1
v066,hybrid,north,10/04/2024,77.7,98535,scheduled,v2.2
v067,hybrid,ctr,15/11/2025,57.3,176145,active,v2.0
v068,hybrid,riverside,28/06/2024,97.5,73769,inrepair,v2.0
v069,hybrid,central,20/07/2025,71.4,187158,active,v2.1
v070,cargovan,north,24/10/2025,62.6,39859,inrepair,v2.0
v071,ev,west,27/05/2024,73.8,195310,scheduled,v1.9
v072,cargovan,airport,24/02/2025,78.1,89109,inrepair,v2.1
v074,cargovan,east,05/06/2025,62.4,18034,active,v2.1
v075,diesel,west,12/04/2024,85.5,32441,inrepair,v2.1
v076,diesel,central,19/06/2025,65.8,106063,inrepair,v1.9
v077,ev,south,23/04/2025,67.6,116877,scheduled,v2.1
v078,cargovan,north,04/03/2024,78.4,153638,active,v2.1
v079,ev,airport,01/12/2025,100,117995,active,v2.2
v080,ev,east,27/05/2024,100,68844,active,v1.9
v081,ev,west,28/12/2024,86.6,165481,active,v2.2
v082,ev,ctr,03/02/2024,81.2,81518,active,v2.1
v083,cargovan,north,11/04/2024,79.3,42073,active,v2.2
v084,cargovan,riverside,23/12/2024,47.6,53872,inrepair,v2.1
v085,cargovan,south,30/09/2025,87.3,145652,active,v2.1
v086,ev,central,25/02/2024,82.8,42307,scheduled,v2.2
v087,hybrid,airport,09/02/2025,49.7,116811,active,v2.1
v088,diesel,north,14/02/2024,80.3,50427,inrepair,v2.1
v089,cargovan,central,27/09/2025,93.6,136082,inrepair,v1.9
v090,hybrid,west,16/08/2024,93.8,98472,inrepair,v2.0
v091,hybrid,east,24/08/2025,58.5,172956,active,v1.9
v092,hybrid,east,07/01/2024,80.5,36143,inrepair,v2.1
v093,cargovan,central,04/03/2025,69.2,119136,scheduled,v2.0
v094,cargovan,central,22/05/2025,65.9,159262,scheduled,v1.9
v095,cargovan,riverside,24/11/2025,79,104553,inrepair,v2.0
v096,cargovan,east,21/08/2025,85.1,193315,inrepair,v2.0
v097,ev,ctr,12/11/2024,92.1,18680,active,v2.1
v098,diesel,west,29/12/2025,69.7,73011,active,v2.1
v099,hybrid,south,06/09/2024,65.8,92896,active,v2.0
v100,cargovan,east,23/06/2024,60.1,31876,active,v2.0
v101,hybrid,north,10/07/2024,84.8,106932,inrepair,v2.1
v102,ev,west,24/10/2024,77,198326,active,v2.0
v103,hybrid,north,06/01/2025,100,181609,inrepair,v2.1
v104,ev,east,30/06/2025,73.9,91441,active,v2.1
v106,cargovan,north,06/05/2024,74.9,93084,active,v2.1
v107,cargovan,north,25/12/2024,87.9,96239,active,v2.0
v108,diesel,airport,31/01/2025,54.6,141290,inrepair,v1.9
v109,hybrid,airport,17/10/2024,60.6,193552,inrepair,v2.1
v110,ev,east,22/03/2025,85.1,63717,active,v2.1
v111,ev,west,11/11/2025,66.3,208147,active,v2.1
v112,ev,south,08/06/2024,94.1,19121,inrepair,v2.1
v113,hybrid,central,12/05/2024,58.9,52725,inrepair,v1.9
v114,hybrid,north,03/10/2024,90,84649,active,v2.2
v115,diesel,south,10/05/2024,57.9,85919,active,v2.2
v116,diesel,east,23/04/2025,62.7,71822,active,v2.1
v117,hybrid,south,11/01/2025,65.5,163683,scheduled,v2.2
v118,diesel,riverside,18/02/2025,78,145165,active,v2.1
v119,ev,riverside,17/08/2025,67.6,215407,inrepair,v2.1
v120,ev,central,02/05/2025,73.6,192246,active,v2.0
