delivery_id,order_id,driver_id,vehicle_id,hub_id,dispatch_time,delivery_completed_at,delivery_status,route_distance_km,manual_route_override_count,proof_of_completion_missing,customer_rating_post_delivery,fuel_or_charge_cost,missing_proof
dl00001,o00938,d004,v056,h05,10:57:00,09:05:59,failed,17.26,1,False,3.07,12.05,0
dl00002,o00004,d138,v007,h02,18:45:00,17:39:00,ontime,10.34,1,False,5.0,13.41,0
dl00003,o00639,d006,v049,h02,20:39:00,21:45:32,ontime,7.92,0,False,4.98,8.51,0
dl00004,o00313,d116,v055,h02,23:31:00,23:30:08,delayed,16.42,0,False,4.18,13.62,0
dl00005,o00844,d108,v034,h01,11:43:00,15:45:34,ontime,14.52,1,False,4.18,9.22,0
dl00006,o00029,d037,v098,h03,12:40:00,17:11:52,delayed,13.84,0,False,1.57,9.58,0
dl00007,o00097,d151,v037,h07,13:41:00,23:39:11,delayed,32.72,0,False,4.64,17.7,0
dl00008,o00207,d082,v066,h03,21:34:00,23:22:21,ontime,7.16,1,False,3.76,11.66,0
dl00009,o00297,d088,v029,h05,21:33:00,01:18:52,ontime,40.23,1,False,3.7,15.78,0
dl00010,o00836,d058,v057,h08,19:09:00,01:15:29,failed,9.85,1,False,3.2,9.31,0
dl00011,o00202,d074,v117,h04,03:09:00,02:29:05,ontime,13.85,0,False,4.36,15.17,0
dl00013,o01031,d105,v085,h04,08:29:00,10:33:30,ontime,6.01,2,False,3.96,11.52,0
dl00014,o00725,d102,v008,h05,12:40:00,20:50:43,ontime,16.46,0,False,3.67,11.74,0
dl00015,o00394,d067,v056,h04,22:47:00,08:15:56,ontime,26.58,3,False,4.47,21.64,0
dl00016,o01220,d010,v091,h08,01:47:00,04:51:00,ontime,18.25,1,False,5.0,12.61,0
dl00017,o01249,d002,v008,h05,18:26:00,03:05:42,delayed,20.79,0,False,1.0,15.62,0
dl00018,o00611,d011,v001,h01,10:52:00,09:54:19,ontime,13.67,0,False,4.46,16.18,0
dl00019,o01167,d026,v004,h06,23:58:00,07:52:41,ontime,16.35,4,False,4.97,13.97,0
dl00020,o00054,d157,v065,h01,12:59:00,14:40:37,ontime,24.31,0,False,4.15,12.61,0
dl00021,o00250,d117,v081,h08,14:20:00,11:20:52,ontime,9.77,4,False,4.07,6.43,0
dl00022,o01027,d088,v011,h07,00:21:00,04:25:39,failed,15.81,0,False,3.5,15.62,0
dl00023,o00768,d046,v021,h08,01:16:00,02:37:11,ontime,4.29,1,False,5.0,2.5,0
dl00024,o01054,d045,v029,h02,14:33:00,18:11:44,ontime,8.58,0,False,4.78,14.62,0
dl00025,o00288,d130,v098,h04,19:57:00,22:37:15,ontime,7.41,0,False,5.0,7.2,0
dl00026,o00906,d092,v055,h04,11:16:00,01:48:45,failed,14.27,2,False,2.23,10.04,0
dl00027,o00827,d057,v054,h02,03:20:00,00:13:30,ontime,13.27,0,False,4.15,9.05,0
dl00028,o00087,d165,v022,h08,15:52:00,04:15:00,delayed,15.53,2,False,2.7,13.05,0
dl00029,o00723,d126,v086,h07,06:49:00,04:38:00,ontime,9.43,1,False,3.72,8.72,0
dl00030,o00780,d034,v068,h03,18:57:00,19:22:12,ontime,7.71,1,False,4.1,16.42,0
dl00031,o00830,d037,v061,h01,23:32:00,23:21:38,ontime,12.06,0,False,4.1,14.98,0
dl00032,o00010,d045,v010,h08,02:58:00,05:57:46,ontime,15.58,1,False,4.23,13.75,0
dl00033,o00885,d041,v075,h06,14:01:00,06:51:25,failed,11.72,0,True,4.13,18.12,1
dl00034,o01081,d157,v110,h04,12:01:00,05:14:57,delayed,14.68,0,False,4.4,9.44,0
dl00035,o00275,d015,v038,h07,21:35:00,01:56:14,ontime,22.05,0,False,4.96,14.78,0
dl00036,o00652,d158,v106,h06,22:14:00,04:09:12,ontime,15.77,1,False,4.35,13.68,0
dl00037,o00185,d010,v113,h05,02:24:00,02:10:07,ontime,23.49,1,False,4.21,11.21,0
dl00038,o00727,d096,v002,h02,15:31:00,16:43:11,failed,8.82,2,False,3.43,13.21,0
dl00039,o00542,d090,v034,h08,15:58:00,04:22:45,failed,17.13,1,False,2.51,16.3,0
dl00040,o00919,d027,v036,h04,08:38:00,04:04:35,failed,9.53,1,False,1.68,11.11,0
dl00041,o00750,d100,v057,h08,08:58:00,19:53:37,failed,15.88,3,True,2.94,13.19,1
dl00042,o00009,d146,v020,h01,01:05:00,10:49:54,ontime,12.02,0,False,4.45,11.41,0
dl00043,o00453,d110,v039,h07,15:46:00,20:31:28,ontime,11.94,0,False,4.24,11.81,0
dl00044,o00147,d049,v020,h01,09:47:00,12:20:42,ontime,4.63,0,False,4.34,12.87,0
dl00045,o00924,d157,v051,h08,00:32:00,21:03:01,ontime,10.61,1,False,5.0,14.13,0
dl00046,o00101,d088,v046,h05,07:35:00,06:59:41,ontime,5.53,2,False,3.09,11.27,0
dl00047,o00263,d045,v091,h06,04:07:00,03:46:04,ontime,16.33,0,False,5.0,10.25,0
dl00048,o00358,d045,v093,h05,13:40:00,18:11:50,delayed,7.37,0,False,3.33,14.67,0
dl00049,o01076,d091,v018,h02,01:23:00,07:46:30,ontime,12.55,0,False,3.52,6.93,0
dl00050,o00534,d065,v046,h06,05:03:00,03:24:00,ontime,26.85,0,False,5.0,14.34,0
dl00051,o00785,d150,v055,h07,17:27:00,18:05:52,ontime,8.02,0,False,4.31,14.59,0
dl00052,o00554,d168,v020,h08,10:37:00,20:57:25,delayed,26.380000000000003,1,True,2.52,24.54,1
dl00053,o00302,d018,v099,h01,18:38:00,17:06:29,ontime,14.14,0,False,3.63,10.32,0
dl00054,o01044,d117,v079,h01,07:41:00,20:37:54,delayed,29.8,1,False,4.7,22.28,0
dl00055,o00819,d069,v018,h04,21:37:00,04:45:04,delayed,35.07,5,True,2.78,22.2,1
dl00056,o00698,d137,v081,h08,21:45:00,22:00:19,ontime,13.46,2,False,4.01,6.52,0
dl00057,o00921,d141,v077,h04,10:53:00,20:18:39,failed,10.91,0,False,1.22,6.59,0
dl00058,o01062,d125,v082,h02,18:46:00,22:22:57,ontime,15.33,0,False,5.0,7.95,0
dl00059,o00521,d027,v088,h05,14:07:00,18:49:47,delayed,36.28,3,False,3.11,17.45,0
dl00061,o00635,d083,v059,h08,06:18:00,05:02:21,ontime,10.51,1,False,3.8,10.6,0
dl00062,o00567,d061,v007,h02,16:31:00,15:31:54,ontime,1.2,0,False,5.0,7.32,0
dl00063,o00931,d154,v094,h03,11:20:00,15:02:37,ontime,15.95,0,False,5.0,14.6,0
dl00064,o01236,d075,v004,h03,00:35:00,23:36:22,delayed,10.36,0,False,2.34,7.13,0
dl00065,o01234,d050,v065,h01,01:55:00,01:52:27,ontime,1.67,1,False,4.63,6.2,0
dl00066,o00568,d118,v083,h01,20:41:00,00:15:32,ontime,22.39,0,False,4.03,18.25,0
dl00067,o00842,d152,v023,h01,04:43:00,14:29:14,ontime,12.34,1,False,4.61,11.04,0
dl00068,o00828,d104,v046,h08,15:15:00,03:47:37,failed,19.75,1,False,3.73,16.14,0
dl00069,o01039,d010,v074,h07,11:46:00,19:43:03,failed,16.76,1,False,4.17,10.73,0
dl00070,o00370,d018,v036,h07,18:37:00,21:57:39,ontime,16.35,0,False,4.64,18.11,0
dl00071,o00796,d093,v080,h02,06:57:00,22:41:11,delayed,20.37,1,False,3.57,18.14,0
dl00072,o00402,d110,v027,h05,06:20:00,19:21:38,delayed,28.51,0,False,3.28,15.11,0
dl00073,o00421,d141,v092,h08,07:06:00,05:47:40,ontime,19.34,3,False,4.68,17.54,0
dl00074,o01195,d030,v092,h04,08:41:00,00:01:18,failed,17.61,1,False,4.42,14.79,0
dl00075,o01239,d169,v047,h02,04:24:00,05:22:04,ontime,13.25,3,False,3.24,11.94,0
dl00076,o00815,d120,v004,h01,17:02:00,17:44:41,ontime,27.51,3,False,5.0,15.16,0
dl00077,o01040,d094,v067,h04,22:16:00,11:51:46,delayed,32.97,3,False,2.81,18.07,0
dl00078,o00173,d144,v088,h02,08:26:00,03:34:49,failed,10.92,1,False,2.87,9.05,0
dl00079,o00920,d009,v102,h08,12:06:00,23:56:00,ontime,7.18,0,False,4.91,12.79,0
dl00080,o01137,d030,v022,h04,08:21:00,08:32:00,ontime,16.29,0,False,4.42,14.17,0
dl00081,o00716,d166,v056,h04,06:38:00,19:18:42,delayed,9.77,1,True,3.58,12.68,1
dl00082,o00669,d008,v048,h03,15:38:00,00:44:17,ontime,3.98,1,False,4.76,5.86,0
dl00083,o00451,d053,v043,h05,18:28:00,13:33:28,delayed,2.13,0,False,1.44,11.27,0
dl00084,o00784,d063,v117,h05,03:24:00,07:43:35,failed,6.83,0,False,3.63,9.07,0
dl00086,o01013,d159,v063,h02,17:32:00,19:39:11,ontime,17.4,0,False,3.75,12.23,0
dl00087,o00630,d034,v099,h07,15:08:00,15:28:40,ontime,17.98,0,False,4.11,13.23,0
dl00088,o00657,d088,v043,h04,23:43:00,03:16:11,ontime,5.99,0,False,4.43,2.5,0
dl00089,o00241,d010,v112,h03,15:27:00,20:28:34,failed,8.27,0,False,2.56,6.94,0
dl00090,o01097,d027,v065,h04,23:21:00,09:00:31,ontime,33.86,3,False,4.76,24.2,0
dl00091,o00941,d116,v044,h04,15:04:00,14:48:31,ontime,14.47,0,False,5.0,10.57,0
dl00092,o00736,d105,v016,h01,00:39:00,10:47:51,ontime,7.66,1,False,4.72,8.17,0
dl00093,o00579,d028,v032,h05,12:14:00,12:49:10,ontime,19.68,3,False,3.69,18.64,0
dl00094,o01026,d034,v012,h04,22:56:00,09:41:42,delayed,4.66,0,False,3.72,16.6,0
dl00095,o00416,d031,v005,h08,23:00:00,21:37:11,ontime,28.69,1,False,5.0,13.48,0
dl00097,o00794,d170,v109,h07,22:51:00,01:52:17,failed,10.54,1,False,3.58,3.56,0
dl00098,o00631,d004,v072,h07,09:16:00,15:47:44,failed,3.86,1,False,4.43,15.58,0
dl00099,o00835,d127,v093,h01,18:57:00,21:53:38,ontime,5.6,2,False,4.75,13.26,0
dl00100,o00205,d120,v097,h05,16:42:00,07:09:53,failed,8.64,0,False,3.14,13.47,0
dl00101,o00354,d141,v115,h06,18:06:00,19:18:47,ontime,21.63,0,False,4.12,14.3,0
dl00102,o00578,d031,v022,h02,09:56:00,13:51:57,delayed,9.18,0,False,3.08,11.31,0
dl00103,o00269,d004,v036,h04,01:20:00,21:58:15,failed,6.26,2,False,2.24,9.31,0
dl00104,o00390,d102,v111,h06,12:50:00,20:08:19,ontime,8.75,0,False,4.45,7.5,0
dl00105,o00596,d020,v043,h01,04:09:00,10:54:51,ontime,18.52,0,False,3.73,20.45,0
dl00106,o00039,d040,v015,h05,08:30:00,12:18:45,ontime,18.02,0,False,4.92,15.57,0
dl00107,o00175,d120,v074,h05,20:22:00,21:26:01,ontime,6.47,1,False,4.69,8.8,0
dl00108,o00620,d084,v009,h06,01:38:00,03:02:54,ontime,13.73,1,False,4.73,17.52,0
dl00109,o00019,d014,v083,h05,09:02:00,12:20:28,ontime,16.7,1,False,3.52,16.91,0
dl00110,o00045,d024,v042,h03,21:24:00,01:15:37,ontime,14.39,1,False,4.74,8.64,0
dl00111,o00105,d081,v090,h06,23:17:00,22:43:25,ontime,18.8,0,False,5.0,20.02,0
dl00112,o00848,d068,v049,h05,14:51:00,20:37:51,ontime,10.88,3,False,3.68,8.03,0
dl00113,o00607,d072,v083,h05,19:15:00,06:58:55,ontime,7.42,0,False,2.94,15.7,0
dl00114,o01196,d074,v114,h02,03:31:00,20:47:55,delayed,16.99,0,False,2.62,19.44,0
dl00115,o01132,d030,v116,h04,01:04:00,01:53:19,ontime,18.75,1,False,4.35,8.08,0
dl00116,o00121,d023,v047,h06,13:45:00,08:06:51,delayed,19.9,0,False,2.92,21.64,0
dl00117,o00559,d080,v119,h06,08:49:00,23:39:56,delayed,11.84,0,True,2.46,17.91,1
dl00118,o00660,d143,v004,h01,01:27:00,16:05:09,failed,11.45,3,False,2.16,8.94,0
dl00119,o01011,d076,v037,h03,07:57:00,14:55:52,failed,32.37,3,False,1.71,25.09,0
dl00120,o00007,d128,v047,h06,22:10:00,07:05:17,delayed,9.07,1,True,3.93,9.76,1
dl00121,o00091,d078,v100,h05,02:36:00,09:52:56,ontime,18.81,0,False,3.92,11.62,0
dl00122,o00434,d122,v092,h01,21:25:00,20:15:00,ontime,29.52,4,False,4.63,10.56,0
dl00123,o00284,d030,v025,h04,13:26:00,09:11:28,ontime,13.45,2,False,4.75,12.86,0
dl00124,o00210,d113,v040,h05,20:07:00,00:02:59,ontime,14.23,2,False,4.78,19.49,0
dl00125,o00472,d021,v109,h05,10:05:00,12:39:44,ontime,14.25,3,False,3.68,12.59,0
dl00126,o00547,d159,v001,h07,14:36:00,19:11:28,delayed,17.68,0,False,2.6,10.92,0
dl00127,o01072,d026,v099,h02,00:19:00,18:08:10,delayed,16.56,2,False,2.12,11.9,0
dl00128,o00868,d089,v099,h07,16:31:00,18:54:46,ontime,9.43,0,False,4.47,10.47,0
dl00129,o00425,d030,v078,h08,08:41:00,12:07:10,ontime,21.27,3,False,5.0,11.59,0
dl00130,o00400,d113,v042,h03,08:41:00,12:30:11,ontime,17.1,0,False,3.87,13.53,0
dl00131,o00890,d037,v096,h07,10:26:00,08:48:04,ontime,16.59,0,False,4.33,3.25,0
dl00132,o00688,d058,v061,h03,08:29:00,16:02:10,ontime,19.79,0,False,4.62,5.66,0
dl00133,o00761,d083,v070,h03,05:33:00,17:33:17,ontime,17.73,1,False,3.29,10.88,0
dl00134,o00334,d135,v071,h03,12:01:00,14:46:57,ontime,13.27,0,False,3.88,7.63,0
dl00135,o00225,d069,v075,h03,04:31:00,01:14:21,failed,10.34,2,False,3.6,9.3,0
dl00136,o00527,d032,v106,h06,06:41:00,11:08:14,ontime,4.06,1,False,4.45,5.7,0
dl00137,o01216,d053,v109,h07,20:12:00,00:36:58,delayed,13.46,2,False,2.72,11.11,0
dl00138,o00705,d019,v071,h04,22:58:00,05:00:03,ontime,11.23,2,False,4.75,15.22,0
dl00139,o01215,d140,v084,h05,03:23:00,12:37:39,ontime,12.23,0,False,3.57,13.59,0
dl00140,o00656,d079,v050,h06,00:27:00,08:59:38,delayed,15.69,0,True,2.23,11.96,1
dl00141,o00021,d166,v094,h04,12:41:00,12:59:34,ontime,10.45,1,False,4.77,7.89,0
dl00142,o00612,d158,v016,h08,20:32:00,00:33:51,ontime,4.04,2,False,3.27,15.78,0
dl00143,o00757,d026,v051,h04,08:56:00,01:28:41,delayed,22.37,0,False,3.64,19.33,0
dl00144,o00170,d016,v016,h06,09:02:00,11:42:51,ontime,25.98,4,False,4.84,27.38,0
dl00145,o00668,d155,v081,h06,00:42:00,05:33:45,ontime,29.37,2,False,3.95,18.72,0
dl00146,o00058,d052,v094,h03,06:56:00,09:52:51,ontime,22.04,0,False,4.37,6.16,0
dl00147,o01116,d123,v017,h06,14:46:00,19:29:47,ontime,1.21,1,False,4.08,14.96,0
dl00148,o00817,d087,v120,h05,09:02:00,11:10:07,ontime,16.75,1,False,4.04,15.84,0
dl00149,o00789,d024,v099,h08,13:03:00,17:56:25,ontime,5.74,2,False,3.83,3.72,0
dl00150,o01164,d083,v042,h07,18:46:00,07:04:10,delayed,10.43,0,False,2.83,10.61,0
dl00151,o00376,d131,v048,h03,09:34:00,19:14:52,ontime,12.77,1,False,4.77,10.12,0
dl00152,o00146,d121,v047,h01,01:22:00,13:11:11,ontime,3.02,0,False,4.71,8.34,0
dl00153,o00893,d115,v007,h01,08:55:00,02:10:16,failed,12.85,1,False,3.96,15.21,0
dl00154,o00071,d018,v110,h08,00:47:00,02:07:26,failed,7.04,1,False,4.2,5.23,0
dl00155,o00061,d048,v052,h02,03:31:00,08:43:58,ontime,24.74,1,False,4.46,18.46,0
dl00156,o01086,d100,v085,h08,21:40:00,10:03:18,delayed,31.74,2,False,2.18,17.62,0
dl00157,o01089,d144,v040,h06,05:27:00,08:03:36,ontime,12.43,2,False,5.0,13.52,0
dl00158,o00643,d031,v072,h08,19:05:00,00:26:34,delayed,29.34,3,False,3.8,15.45,0
dl00159,o00213,d120,v020,h05,20:07:00,08:13:18,ontime,11.73,0,False,5.0,21.25,0
dl00160,o00874,d108,v085,h04,16:06:00,21:00:31,ontime,16.67,1,False,5.0,9.13,0
dl00161,o00624,d055,v098,h01,04:37:00,05:10:40,ontime,16.98,0,False,4.28,11.8,0
dl00162,o00854,d122,v071,h02,04:30:00,10:10:41,ontime,25.94,0,False,4.84,11.4,0
dl00163,o01007,d121,v056,h07,08:50:00,09:30:25,delayed,9.31,0,False,2.51,8.76,0
dl00164,o00066,d045,v120,h03,11:36:00,14:46:30,ontime,17.31,0,False,3.9,17.53,0
dl00165,o00852,d006,v022,h03,18:06:00,04:22:13,delayed,8.64,0,True,4.55,2.5,1
dl00166,o00904,d091,v017,h04,20:26:00,10:51:28,failed,24.07,0,False,2.08,13.51,0
dl00167,o00932,d116,v069,h08,07:37:00,19:14:50,failed,19.44,0,False,2.56,13.3,0
dl00168,o00126,d100,v066,h01,09:29:00,03:28:20,delayed,30.51,2,False,4.3,18.34,0
dl00169,o00996,d037,v115,h07,07:29:00,07:46:10,ontime,10.5,2,False,4.08,10.38,0
dl00170,o00363,d020,v093,h04,03:57:00,05:40:45,ontime,10.59,0,False,4.07,10.74,0
dl00171,o01055,d096,v085,h07,19:47:00,23:52:05,ontime,23.42,1,False,4.35,13.6,0
dl00172,o00127,d132,v106,h06,04:29:00,16:24:08,delayed,13.58,2,True,4.36,11.2,1
dl00173,o00459,d131,v026,h08,08:52:00,15:17:47,delayed,15.37,0,False,3.88,6.1,0
dl00174,o00162,d020,v066,h07,04:21:00,14:45:39,ontime,9.9,2,False,4.18,9.86,0
dl00175,o00583,d036,v118,h03,21:40:00,00:57:45,ontime,15.62,1,False,3.93,9.26,0
dl00176,o01200,d061,v116,h05,08:31:00,13:20:44,ontime,16.02,0,False,4.36,16.67,0
dl00177,o00164,d123,v045,h01,14:11:00,11:34:32,ontime,8.31,0,False,4.85,9.58,0
dl00178,o01166,d024,v052,h05,12:46:00,22:06:17,failed,13.01,2,True,3.36,6.79,1
dl00179,o00493,d016,v094,h08,04:07:00,19:35:01,delayed,9.15,1,False,2.32,12.14,0
dl00180,o00137,d135,v054,h08,19:37:00,06:15:52,ontime,19.65,0,False,4.25,14.94,0
dl00181,o00450,d073,v014,h02,23:47:00,23:58:42,ontime,12.74,1,False,5.0,14.37,0
dl00182,o00096,d071,v102,h04,18:06:00,18:46:16,ontime,7.62,0,False,4.64,14.41,0
dl00183,o00808,d049,v065,h05,07:26:00,12:08:53,ontime,15.14,0,False,4.23,13.23,0
dl00184,o01005,d023,v096,h07,19:42:00,02:37:43,failed,13.78,0,False,2.96,13.86,0
dl00185,o01217,d008,v065,h01,00:13:00,11:26:56,ontime,15.39,3,False,4.76,13.61,0
dl00186,o00798,d006,v081,h06,04:23:00,07:07:14,ontime,14.26,1,False,4.91,4.79,0
dl00187,o00439,d111,v069,h05,22:08:00,15:17:27,failed,17.61,1,False,1.53,16.92,0
dl00188,o00739,d008,v075,h08,23:14:00,09:05:27,ontime,5.37,0,False,5.0,5.73,0
dl00189,o01227,d011,v118,h06,11:52:00,18:23:23,failed,14.51,1,False,2.43,12.83,0
dl00190,o00875,d039,v003,h07,23:21:00,08:44:27,ontime,2.25,0,False,4.79,7.74,0
dl00191,o00755,d161,v006,h08,05:02:00,12:04:57,ontime,13.55,0,False,3.48,21.6,0
dl00192,o00118,d095,v112,h04,22:16:00,03:23:10,ontime,14.13,0,False,4.64,16.49,0
dl00193,o00032,d017,v013,h08,00:28:00,23:38:00,ontime,14.01,4,False,3.54,9.08,0
dl00194,o00422,d053,v110,h01,09:57:00,22:44:40,delayed,8.77,2,False,2.58,9.97,0
dl00195,o00462,d162,v028,h06,20:56:00,07:39:20,delayed,13.0,1,False,1.04,10.71,0
dl00196,o00469,d111,v009,h08,00:27:00,00:29:59,ontime,13.83,1,False,3.85,12.41,0
dl00197,o00478,d163,v053,h02,00:07:00,01:03:50,ontime,11.17,0,False,5.0,2.84,0
dl00198,o00465,d156,v111,h04,07:33:00,12:46:07,delayed,8.01,0,False,3.38,10.98,0
dl00199,o00821,d086,v088,h05,03:15:00,08:28:34,ontime,24.31,1,False,4.36,18.49,0
dl00200,o00406,d160,v106,h06,13:23:00,14:10:14,ontime,31.46,2,False,4.38,16.38,0
dl00201,o00008,d036,v041,h03,20:22:00,20:46:56,ontime,14.08,0,False,5.0,12.87,0
dl00202,o01057,d028,v054,h06,12:38:00,18:02:58,delayed,19.31,2,False,3.67,17.41,0
dl00203,o00901,d107,v086,h08,09:18:00,16:36:10,delayed,9.36,2,False,4.52,7.69,0
dl00204,o00025,d108,v062,h08,22:15:00,05:19:27,ontime,11.32,1,False,4.64,15.67,0
dl00205,o00375,d039,v024,h03,23:26:00,02:13:34,ontime,7.16,3,False,4.17,12.58,0
dl00206,o00634,d045,v107,h02,14:19:00,17:45:48,ontime,17.47,1,False,4.49,15.56,0
dl00207,o01035,d121,v114,h04,00:24:00,06:31:20,ontime,18.52,1,False,4.4,11.28,0
dl00208,o00964,d087,v018,h01,03:27:00,22:30:31,failed,21.73,0,True,3.09,13.36,1
dl00210,o01191,d142,v016,h02,19:24:00,23:40:57,delayed,16.24,3,False,3.43,13.43,0
dl00211,o01017,d102,v006,h08,15:47:00,19:01:17,ontime,12.39,1,False,4.57,13.18,0
dl00212,o01105,d142,v041,h01,18:46:00,18:15:30,delayed,13.85,1,True,4.29,11.45,1
dl00213,o00807,d025,v073,h02,07:59:00,10:10:20,ontime,8.57,0,False,4.33,10.42,0
dl00214,o00552,d096,v010,h04,03:20:00,06:33:06,ontime,6.09,0,False,3.02,7.3,0
dl00215,o01042,d100,v102,h06,13:15:00,08:07:20,delayed,22.0,1,False,4.79,19.64,0
dl00216,o00167,d146,v019,h07,21:19:00,19:51:43,ontime,30.01,0,False,3.37,18.54,0
dl00217,o01194,d020,v030,h01,01:50:00,01:09:07,ontime,22.61,1,False,4.41,12.17,0
dl00218,o00136,d149,v010,h03,17:12:00,22:54:50,delayed,3.51,1,False,3.27,4.15,0
dl00219,o00513,d087,v118,h07,05:33:00,09:00:38,ontime,14.41,1,False,4.59,12.65,0
dl00220,o00859,d079,v107,h08,03:17:00,07:59:50,ontime,33.71,4,False,5.0,13.79,0
dl00221,o00594,d151,v092,h02,21:43:00,22:58:44,ontime,12.09,3,False,3.25,11.03,0
dl00222,o01010,d121,v045,h06,21:01:00,23:50:57,ontime,9.72,0,False,5.0,8.53,0
dl00223,o00740,d155,v085,h08,15:11:00,20:28:55,delayed,12.99,0,False,3.19,12.3,0
dl00224,o00960,d034,v040,h07,03:14:00,03:27:00,ontime,11.88,0,False,3.79,14.2,0
dl00225,o00056,d150,v044,h05,20:44:00,00:53:02,ontime,6.21,2,False,3.98,14.94,0
dl00226,o00823,d119,v030,h06,21:33:00,09:56:15,delayed,9.28,0,False,2.17,10.29,0
dl00227,o01138,d083,v114,h04,18:51:00,20:38:03,ontime,16.490000000000002,2,False,4.65,13.68,0
dl00228,o01094,d052,v085,h04,11:22:00,10:34:20,ontime,6.68,2,False,4.05,11.59,0
dl00229,o00518,d050,v036,h02,02:26:00,13:40:02,ontime,14.89,0,False,3.97,13.89,0
dl00230,o00303,d055,v037,h06,05:41:00,00:56:58,failed,14.85,1,False,2.34,13.21,0
dl00231,o00670,d014,v046,h05,23:40:00,02:54:39,ontime,13.07,0,False,4.72,3.86,0
dl00232,o00397,d050,v101,h06,19:47:00,09:18:18,ontime,29.8,1,False,3.71,14.58,0
dl00233,o01173,d094,v020,h04,11:24:00,17:48:05,ontime,5.36,0,False,4.5,11.41,0
dl00234,o00340,d056,v028,h01,03:37:00,06:18:46,ontime,13.52,1,False,2.88,6.77,0
dl00235,o00507,d022,v109,h05,06:42:00,03:05:08,failed,18.87,0,False,3.68,19.15,0
dl00236,o00013,d163,v009,h07,22:48:00,20:39:02,ontime,20.12,2,False,3.74,17.02,0
dl00237,o00082,d135,v099,h06,05:49:00,15:01:15,ontime,12.83,1,False,3.62,20.26,0
dl00238,o00979,d146,v077,h04,05:27:00,15:41:00,ontime,14.2,2,False,4.02,13.01,0
dl00239,o00052,d019,v010,h06,09:02:00,01:09:18,delayed,13.6,1,False,3.72,16.0,0
dl00240,o01169,d131,v070,h06,15:56:00,02:10:49,failed,38.25,1,False,3.34,21.21,0
dl00241,o00187,d155,v084,h07,18:28:00,04:43:09,ontime,10.78,0,False,5.0,15.96,0
dl00242,o00119,d137,v108,h07,22:51:00,08:01:37,delayed,4.26,2,False,1.93,17.11,0
dl00243,o00544,d099,v079,h04,20:33:00,20:11:53,ontime,14.39,1,False,4.52,10.27,0
dl00244,o00610,d024,v077,h03,19:36:00,17:48:27,ontime,6.55,0,False,4.87,10.1,0
dl00245,o01206,d047,v061,h01,00:30:00,03:42:19,ontime,16.57,1,False,4.28,17.58,0
dl00246,o00603,d016,v061,h05,01:31:00,21:51:52,ontime,20.51,0,False,4.05,12.98,0
dl00248,o00799,d099,v047,h02,18:02:00,17:33:16,ontime,7.06,1,False,5.0,13.65,0
dl00249,o00770,d139,v107,h06,09:45:00,17:43:30,delayed,15.28,0,True,3.02,15.91,1
dl00250,o00977,d092,v067,h03,17:43:00,19:38:27,ontime,6.39,0,False,4.03,7.45,0
dl00251,o00122,d005,v030,h06,16:00:00,06:46:03,failed,14.27,0,False,3.89,16.33,0
dl00252,o00713,d109,v001,h05,01:06:00,05:10:04,ontime,11.34,0,False,4.06,10.82,0
dl00253,o00325,d126,v033,h08,05:43:00,07:09:22,ontime,5.12,1,False,4.24,9.16,0
dl00254,o00933,d053,v084,h05,13:26:00,18:18:06,ontime,11.34,1,False,4.09,12.33,0
dl00255,o00908,d154,v032,h06,02:14:00,12:52:13,delayed,28.05,3,False,3.35,18.76,0
dl00256,o00389,d105,v088,h01,12:35:00,19:44:37,delayed,8.17,1,False,3.16,14.91,0
dl00257,o00103,d034,v038,h02,14:25:00,12:53:16,delayed,15.88,1,False,3.54,14.05,0
dl00258,o01230,d003,v093,h02,21:11:00,03:52:09,delayed,15.09,2,False,3.74,8.22,0
dl00259,o00266,d120,v096,h06,19:45:00,01:21:38,delayed,16.86,1,False,1.0,19.95,0
dl00260,o00152,d001,v114,h04,19:25:00,16:41:43,ontime,21.6,0,False,3.32,17.16,0
dl00261,o00445,d051,v079,h02,01:20:00,11:53:50,failed,10.73,1,True,3.18,9.58,1
dl00262,o00762,d134,v038,h08,22:31:00,23:27:49,ontime,5.51,0,False,4.14,10.11,0
dl00263,o01006,d048,v098,h01,14:58:00,04:56:17,delayed,15.66,1,False,2.55,9.31,0
dl00264,o00802,d073,v067,h08,07:30:00,08:17:05,ontime,11.61,0,False,4.33,11.38,0
dl00265,o00253,d119,v054,h03,11:02:00,13:40:12,ontime,14.43,0,False,4.54,15.01,0
dl00267,o00665,d090,v015,h08,14:27:00,16:12:15,ontime,7.98,1,False,4.96,8.83,0
dl00269,o00131,d085,v052,h06,23:38:00,10:09:10,delayed,16.05,1,False,1.96,13.91,0
dl00270,o00764,d104,v023,h08,11:50:00,02:05:57,failed,5.37,1,False,4.29,12.93,0
dl00271,o00193,d036,v017,h06,16:51:00,01:31:56,delayed,9.24,2,False,4.25,2.78,0
dl00272,o00494,d132,v028,h05,15:53:00,15:52:14,ontime,21.67,1,False,4.27,20.58,0
dl00273,o00492,d071,v049,h01,03:34:00,06:45:29,ontime,9.75,0,False,2.95,14.1,0
dl00274,o01198,d080,v080,h02,05:25:00,06:53:29,ontime,9.06,0,False,4.14,6.22,0
dl00275,o00697,d002,v012,h07,18:46:00,23:36:15,ontime,1.96,0,False,4.25,8.32,0
dl00276,o00531,d119,v014,h02,10:59:00,08:38:51,ontime,30.31,2,False,4.17,18.74,0
dl00277,o00942,d104,v117,h04,09:51:00,19:32:27,ontime,7.7,2,False,4.03,12.17,0
dl00278,o00203,d135,v070,h07,21:38:00,14:21:54,failed,3.93,2,False,3.49,3.82,0
dl00279,o00201,d032,v111,h01,17:15:00,20:41:51,ontime,11.65,2,False,4.15,8.01,0
dl00281,o00801,d123,v046,h02,16:47:00,19:57:12,ontime,24.03,1,False,4.79,22.2,0
dl00282,o01232,d045,v114,h03,22:52:00,02:56:30,ontime,14.86,1,False,3.5,16.26,0
dl00284,o00999,d089,v075,h03,12:34:00,08:34:00,ontime,2.53,0,False,3.73,4.03,0
dl00285,o00442,d001,v097,h07,14:54:00,17:41:05,ontime,9.22,0,False,4.95,8.62,0
dl00287,o00352,d138,v099,h01,17:01:00,21:25:24,ontime,36.08,2,False,4.24,24.5,0
dl00288,o00636,d004,v064,h03,10:05:00,21:12:47,delayed,14.61,0,False,1.0,15.39,0
dl00289,o00233,d027,v095,h01,20:17:00,18:09:00,ontime,13.45,3,False,4.34,9.29,0
dl00290,o00524,d035,v083,h03,16:54:00,19:14:45,ontime,30.93,0,False,5.0,19.1,0
dl00291,o00485,d100,v068,h04,02:51:00,04:40:02,ontime,17.86,1,False,3.97,19.28,0
dl00292,o00811,d149,v103,h01,08:13:00,11:59:25,ontime,15.21,1,False,4.41,18.9,0
dl00293,o00888,d098,v104,h07,07:40:00,10:45:19,ontime,16.53,1,False,3.97,12.62,0
dl00294,o00443,d093,v100,h08,02:48:00,11:47:02,ontime,12.21,0,False,4.39,15.82,0
dl00295,o01101,d131,v087,h07,09:50:00,14:16:20,ontime,20.39,2,False,5.0,18.38,0
dl00296,o01064,d062,v044,h03,19:59:00,10:18:27,delayed,16.44,2,False,4.7,11.33,0
dl00298,o01051,d111,v109,h05,07:00:00,23:06:57,delayed,11.95,0,False,3.03,8.36,0
dl00299,o01061,d121,v088,h07,22:39:00,23:45:53,ontime,15.83,3,False,4.49,12.5,0
dl00300,o00222,d039,v056,h05,13:54:00,13:33:56,ontime,10.01,1,False,3.41,14.32,0
dl00301,o01152,d165,v009,h04,00:37:00,23:37:06,ontime,9.27,0,False,5.0,9.21,0
dl00302,o01208,d117,v008,h06,21:38:00,09:44:14,ontime,14.89,0,False,3.6,10.25,0
dl00303,o00813,d143,v005,h06,00:12:00,05:00:10,ontime,10.29,1,False,5.0,18.54,0
dl00304,o00433,d036,v024,h08,16:23:00,06:42:08,failed,11.81,0,True,2.83,10.31,1
dl00305,o00584,d028,v045,h06,01:06:00,04:24:49,ontime,27.25,0,False,3.81,15.04,0
dl00306,o01168,d136,v099,h07,22:14:00,09:57:18,delayed,34.53,4,True,2.96,19.47,1
dl00307,o00699,d089,v021,h03,15:57:00,01:06:05,ontime,11.84,1,False,3.9,12.44,0
dl00308,o00495,d146,v046,h01,01:13:00,07:46:08,ontime,8.6,0,False,3.55,10.89,0
dl00309,o00783,d164,v089,h02,23:56:00,03:09:24,ontime,10.02,0,False,3.2,6.99,0
dl00310,o00285,d149,v077,h08,13:48:00,21:27:35,ontime,9.55,2,False,4.67,12.27,0
dl00311,o00797,d086,v077,h05,04:36:00,08:18:19,ontime,8.21,2,False,5.0,10.01,0
dl00312,o00204,d142,v043,h03,23:06:00,17:41:31,failed,31.38,0,False,4.79,14.35,0
dl00313,o00601,d136,v005,h08,04:56:00,11:22:17,ontime,17.43,2,False,3.9,12.77,0
dl00314,o00499,d078,v092,h08,07:00:00,09:11:43,ontime,5.63,2,False,4.16,6.47,0
dl00315,o01107,d082,v041,h04,08:28:00,02:41:51,delayed,37.41,2,False,4.22,17.73,0
dl00316,o00081,d108,v095,h08,15:01:00,07:30:05,failed,7.85,1,False,4.11,9.08,0
dl00317,o00711,d105,v106,h06,15:16:00,16:55:42,ontime,13.76,1,False,4.67,13.99,0
dl00318,o00281,d054,v041,h03,07:14:00,09:03:19,ontime,26.53,3,False,4.48,16.02,0
dl00319,o00937,d153,v103,h04,08:08:00,03:22:25,failed,1.2,0,False,2.72,10.96,0
dl00320,o01030,d059,v006,h08,10:29:00,14:24:55,ontime,5.12,1,False,5.0,10.77,0
dl00321,o00438,d119,v052,h03,18:51:00,22:33:53,ontime,8.71,3,False,4.26,14.34,0
dl00322,o01025,d023,v030,h04,16:53:00,08:03:31,delayed,11.02,1,False,5.0,13.23,0
dl00323,o00666,d011,v107,h04,20:36:00,21:37:46,ontime,24.58,3,False,4.21,18.25,0
dl00324,o00455,d042,v059,h07,04:59:00,10:11:51,failed,21.07,1,False,3.21,12.52,0
dl00325,o00582,d108,v001,h08,12:05:00,11:51:52,ontime,14.87,0,False,5.0,14.0,0
dl00326,o00500,d137,v103,h07,17:04:00,05:16:59,ontime,17.24,0,False,4.02,17.18,0
dl00327,o00418,d102,v023,h04,07:55:00,19:57:47,ontime,9.17,0,False,4.78,9.88,0
dl00328,o00060,d009,v072,h02,18:12:00,23:00:20,ontime,4.02,1,False,3.26,8.95,0
dl00329,o00805,d100,v047,h08,20:47:00,23:37:09,ontime,1.62,0,False,4.03,11.74,0
dl00330,o00246,d049,v026,h04,03:40:00,21:45:40,failed,15.83,1,False,2.59,16.95,0
dl00331,o01059,d005,v036,h07,22:50:00,01:57:10,ontime,12.94,2,False,3.72,15.48,0
dl00332,o00949,d121,v088,h06,19:23:00,22:34:29,delayed,5.96,1,False,3.42,9.99,0
dl00333,o00930,d119,v063,h06,08:58:00,16:13:50,delayed,21.85,0,False,1.76,16.51,0
dl00334,o00925,d018,v093,h03,22:49:00,17:18:41,failed,17.65,0,True,3.01,12.27,1
dl00335,o00347,d082,v069,h05,08:39:00,19:54:32,ontime,12.56,0,False,4.4,15.64,0
dl00337,o00659,d116,v100,h06,19:53:00,05:59:09,ontime,23.37,1,False,4.48,14.95,0
dl00338,o00331,d085,v053,h05,09:42:00,14:36:51,ontime,12.27,2,False,4.32,14.93,0
dl00339,o00593,d073,v111,h04,11:57:00,16:52:49,delayed,4.33,0,False,1.57,12.76,0
dl00340,o00435,d086,v024,h05,13:43:00,14:58:25,ontime,22.6,0,False,3.8,20.75,0
dl00341,o01203,d050,v037,h07,21:57:00,21:39:10,ontime,2.78,0,False,3.72,12.39,0
dl00342,o00123,d028,v090,h08,07:47:00,04:17:08,failed,6.8,0,False,2.47,8.94,0
dl00343,o00505,d015,v012,h04,21:38:00,10:54:47,ontime,34.31,1,False,2.98,15.09,0
dl00344,o00238,d164,v081,h02,12:22:00,15:44:24,ontime,11.63,0,False,5.0,11.55,0
dl00346,o00614,d097,v060,h03,00:08:00,23:06:08,ontime,15.26,1,False,3.93,14.52,0
dl00347,o00343,d026,v030,h03,02:01:00,11:31:00,delayed,15.62,0,True,3.94,18.0,1
dl00348,o00754,d098,v062,h01,23:24:00,16:07:55,delayed,2.21,4,False,2.89,13.34,0
dl00349,o00231,d016,v042,h07,02:23:00,09:57:31,delayed,15.82,0,False,2.75,11.11,0
dl00350,o01209,d019,v017,h06,03:56:00,09:51:38,failed,13.23,1,False,3.05,11.77,0
dl00351,o00069,d142,v050,h07,21:58:00,09:27:10,ontime,33.129999999999995,0,False,4.53,22.56,0
dl00352,o00989,d133,v112,h05,14:47:00,06:10:35,failed,9.57,0,False,2.25,15.47,0
dl00353,o00159,d018,v014,h03,23:08:00,09:25:14,ontime,4.49,0,False,3.9,6.4,0
dl00354,o00776,d014,v034,h04,01:09:00,05:31:01,ontime,10.43,0,False,4.54,9.64,0
dl00355,o00561,d162,v106,h07,10:12:00,18:34:59,delayed,7.43,1,False,3.96,12.85,0
dl00356,o01181,d031,v118,h04,01:34:00,05:12:32,ontime,13.12,0,False,4.84,6.12,0
dl00357,o00235,d134,v030,h08,12:39:00,01:10:03,delayed,14.75,1,False,3.27,7.91,0
dl00358,o00497,d022,v005,h02,01:45:00,02:04:47,delayed,19.28,1,False,3.57,14.5,0
dl00359,o00654,d068,v057,h01,22:44:00,08:19:56,delayed,18.71,1,True,2.94,15.84,1
dl00360,o00595,d100,v062,h02,07:09:00,01:44:19,delayed,12.5,1,False,2.59,21.14,0
dl00361,o00377,d007,v051,h07,23:59:00,12:06:00,ontime,25.24,0,False,4.4,13.28,0
dl00362,o00460,d156,v012,h04,18:44:00,19:57:19,ontime,6.09,0,False,3.51,8.56,0
dl00363,o00710,d069,v090,h07,14:58:00,20:44:29,ontime,19.08,1,False,5.0,17.76,0
dl00364,o00277,d056,v014,h04,01:45:00,08:12:31,ontime,23.79,1,False,3.98,11.43,0
dl00365,o00861,d064,v012,h01,09:13:00,09:38:01,ontime,10.33,0,False,4.19,9.22,0
dl00366,o00910,d146,v095,h06,04:05:00,11:38:55,ontime,17.03,0,False,3.63,18.63,0
dl00367,o00575,d128,v106,h02,07:04:00,20:10:40,delayed,3.02,0,False,2.94,16.73,0
dl00368,o00474,d147,v067,h01,20:07:00,19:20:56,ontime,35.4,2,False,3.94,18.88,0
dl00369,o00366,d011,v044,h05,22:37:00,06:15:16,delayed,13.48,0,False,1.44,12.48,0
dl00370,o00902,d131,v021,h05,21:11:00,05:17:24,delayed,1.87,3,False,1.24,10.71,0
dl00371,o01079,d158,v069,h03,08:45:00,08:18:08,ontime,17.43,0,False,3.57,10.98,0
dl00372,o00300,d087,v090,h02,01:57:00,04:31:19,ontime,6.81,0,False,4.87,8.41,0
dl00374,o00841,d090,v061,h01,21:47:00,05:08:21,ontime,23.47,5,False,3.73,14.32,0
dl00375,o00466,d102,v021,h05,05:49:00,11:01:08,ontime,22.12,1,False,4.22,17.86,0
dl00376,o01104,d090,v114,h04,17:50:00,04:54:45,ontime,6.72,0,False,4.51,5.92,0
dl00377,o00510,d075,v113,h07,00:12:00,15:31:47,failed,5.45,4,False,2.23,10.45,0
dl00378,o00070,d111,v037,h02,23:09:00,15:42:14,failed,7.92,0,False,2.14,7.93,0
dl00380,o00120,d130,v106,h01,04:55:00,10:04:33,ontime,39.900000000000006,2,False,3.71,19.33,0
dl00381,o00488,d015,v005,h05,19:57:00,01:45:13,ontime,11.24,0,False,5.0,10.97,0
dl00382,o00141,d163,v021,h02,21:45:00,20:24:16,ontime,7.31,0,False,4.39,11.68,0
dl00383,o00846,d057,v017,h08,23:24:00,06:19:36,delayed,9.53,1,True,2.92,9.76,1
dl00384,o00618,d017,v054,h05,13:06:00,14:27:52,failed,14.52,4,False,2.82,10.94,0
dl00385,o00617,d123,v086,h08,09:37:00,08:15:11,ontime,17.51,1,False,4.44,14.04,0
dl00386,o00135,d144,v002,h05,03:12:00,22:39:24,failed,1.21,1,False,3.35,13.97,0
dl00387,o00274,d016,v017,h01,21:33:00,15:40:35,failed,11.96,0,False,2.85,11.86,0
dl00388,o00886,d088,v086,h05,11:37:00,14:15:40,ontime,10.71,1,False,4.64,9.36,0
dl00389,o00649,d054,v065,h01,03:12:00,07:50:19,ontime,12.41,1,False,4.57,12.55,0
dl00390,o01242,d013,v052,h02,23:34:00,22:52:36,ontime,12.86,0,False,4.75,11.06,0
dl00391,o00242,d119,v060,h06,05:50:00,08:19:49,ontime,20.65,0,False,3.63,15.9,0
dl00392,o00832,d063,v021,h04,15:50:00,05:31:03,delayed,4.77,1,True,1.15,12.67,1
dl00393,o01128,d108,v060,h04,19:57:00,03:36:11,failed,13.97,1,False,3.11,5.79,0
dl00394,o00718,d145,v079,h02,04:58:00,07:05:30,ontime,15.43,0,False,4.14,8.78,0
dl00395,o00219,d012,v072,h06,02:33:00,04:15:54,ontime,10.75,0,False,4.29,6.99,0
dl00396,o01093,d105,v063,h06,00:23:00,09:36:43,ontime,14.79,2,False,4.55,21.09,0
dl00397,o01199,d125,v049,h04,16:57:00,19:12:57,delayed,10.5,2,False,4.61,9.36,0
dl00398,o00671,d106,v099,h05,17:36:00,23:28:38,delayed,1.2,1,False,3.08,9.73,0
dl00399,o00966,d129,v107,h08,00:14:00,16:46:22,delayed,5.64,1,False,2.38,12.78,0
dl00400,o00867,d165,v037,h06,22:23:00,20:40:14,failed,25.59,2,False,2.48,16.84,0
dl00401,o00870,d067,v009,h08,15:49:00,00:42:45,ontime,10.23,0,False,4.47,6.79,0
dl00402,o00539,d037,v005,h03,02:08:00,04:09:15,ontime,10.83,0,False,5.0,9.69,0
dl00403,o00044,d131,v092,h07,10:07:00,12:43:42,ontime,11.6,1,False,4.58,13.74,0
dl00404,o00502,d049,v025,h02,03:48:00,04:25:17,ontime,7.84,0,False,3.14,11.38,0
dl00406,o00720,d126,v006,h01,21:02:00,20:33:10,ontime,29.85,1,False,5.0,15.78,0
dl00407,o00598,d010,v068,h06,01:00:00,22:58:05,ontime,6.92,0,False,4.04,10.86,0
dl00408,o01019,d071,v057,h08,01:49:00,04:58:04,ontime,8.49,0,False,3.3,8.4,0
dl00409,o00348,d047,v094,h04,00:31:00,22:30:00,ontime,8.1,0,False,2.89,10.1,0
dl00410,o00249,d042,v004,h05,21:14:00,03:32:06,delayed,5.13,3,False,4.44,9.64,0
dl00411,o00108,d122,v065,h01,15:03:00,22:46:22,ontime,11.22,0,False,4.68,5.75,0
dl00412,o00156,d025,v114,h02,08:07:00,13:40:54,ontime,8.68,0,False,4.63,8.76,0
dl00413,o01077,d046,v035,h01,00:32:00,11:34:46,failed,6.34,1,False,4.22,10.75,0
dl00414,o00704,d002,v083,h02,18:01:00,20:55:25,ontime,8.47,1,False,5.0,14.75,0
dl00415,o01145,d116,v031,h03,02:27:00,02:36:12,ontime,13.31,0,False,4.23,10.05,0
dl00416,o00293,d067,v059,h04,18:24:00,00:16:42,ontime,4.61,1,False,4.01,10.53,0
dl00417,o00615,d054,v085,h04,21:37:00,23:17:10,ontime,13.05,0,False,4.08,18.58,0
dl00418,o00075,d167,v019,h06,06:29:00,08:58:56,ontime,4.73,1,False,5.0,10.5,0
dl00419,o00782,d043,v109,h06,03:24:00,05:51:51,ontime,12.37,0,False,5.0,12.37,0
dl00420,o00412,d093,v078,h05,14:08:00,18:14:08,ontime,10.0,0,False,4.12,9.3,0
dl00421,o00286,d026,v039,h02,22:02:00,03:09:23,ontime,17.73,1,False,4.49,8.92,0
dl00422,o01178,d135,v066,h01,23:04:00,23:29:03,ontime,14.18,0,False,4.88,10.37,0
dl00423,o01245,d113,v110,h05,16:04:00,14:27:00,ontime,22.08,1,False,4.11,10.84,0
dl00424,o00503,d061,v007,h08,00:53:00,03:41:51,ontime,8.14,1,False,5.0,14.49,0
dl00425,o00564,d070,v090,h04,00:37:00,11:49:53,ontime,13.09,1,False,4.82,4.86,0
dl00426,o00814,d150,v053,h05,04:54:00,14:37:28,ontime,12.88,1,False,4.57,19.14,0
dl00427,o00414,d165,v058,h07,22:47:00,01:32:54,ontime,9.53,0,False,3.92,9.98,0
dl00428,o00496,d109,v073,h07,16:14:00,19:20:06,ontime,10.72,0,False,4.32,7.53,0
dl00429,o00738,d030,v021,h07,07:27:00,18:58:36,delayed,41.94,3,True,2.92,21.55,1
dl00430,o00779,d025,v065,h01,14:03:00,11:55:38,ontime,12.92,0,False,5.0,11.78,0
dl00431,o00737,d164,v082,h01,04:04:00,04:29:01,ontime,10.56,1,False,4.7,16.33,0
dl00432,o00658,d119,v011,h05,13:29:00,06:07:11,failed,14.42,0,False,4.06,19.62,0
dl00433,o00148,d133,v056,h01,23:41:00,23:45:53,ontime,14.34,2,False,2.92,12.9,0
dl00434,o00395,d031,v063,h04,10:53:00,18:08:55,delayed,16.69,0,True,3.34,16.51,1
dl00435,o00198,d129,v087,h08,18:46:00,22:25:00,ontime,10.63,0,False,5.0,4.82,0
dl00436,o01063,d034,v076,h04,22:20:00,11:09:31,ontime,9.89,0,False,4.0,12.8,0
dl00437,o01223,d167,v120,h05,00:36:00,12:06:30,ontime,13.43,0,False,4.8,11.05,0
dl00438,o00992,d083,v078,h04,16:52:00,09:52:27,failed,27.82,1,False,3.12,15.69,0
dl00439,o00983,d117,v026,h07,00:58:00,12:12:47,delayed,13.81,1,True,3.68,19.27,1
dl00440,o00758,d028,v046,h03,13:10:00,22:13:07,delayed,10.74,4,False,3.54,9.77,0
dl00441,o00014,d141,v068,h01,12:01:00,15:01:44,ontime,8.82,0,False,4.7,7.36,0
dl00442,o01090,d150,v099,h02,20:27:00,18:27:20,ontime,8.63,1,False,4.98,6.69,0
dl00443,o01170,d070,v097,h06,08:44:00,16:11:11,ontime,3.65,0,False,3.34,12.85,0
dl00444,o01221,d017,v109,h05,09:44:00,02:35:05,failed,11.43,0,False,3.0,9.78,0
dl00445,o00055,d074,v008,h03,02:19:00,06:24:33,delayed,37.02,0,False,3.55,21.88,0
dl00446,o00903,d002,v069,h07,01:25:00,07:22:35,delayed,8.25,1,False,2.26,10.76,0
dl00447,o00812,d070,v043,h01,19:06:00,16:08:07,ontime,9.36,1,False,4.55,9.47,0
dl00448,o01033,d101,v108,h03,13:56:00,13:47:00,ontime,11.14,0,False,4.65,14.25,0
dl00449,o00454,d047,v025,h07,03:39:00,16:29:42,ontime,14.65,0,False,4.58,12.62,0
dl00450,o01161,d049,v108,h06,04:32:00,01:37:48,failed,10.61,1,False,3.99,12.55,0
dl00451,o01188,d145,v114,h01,12:25:00,12:45:53,ontime,11.19,0,False,3.58,14.22,0
dl00452,o00468,d125,v051,h01,12:52:00,14:01:48,ontime,8.52,1,False,3.65,12.49,0
dl00454,o00408,d102,v088,h04,14:20:00,12:01:49,ontime,8.57,0,False,3.94,18.59,0
dl00455,o00914,d094,v098,h01,08:41:00,12:45:47,ontime,10.3,1,False,4.14,7.0,0
dl00456,o00157,d037,v035,h02,20:38:00,22:39:02,ontime,26.36,0,False,4.83,10.84,0
dl00457,o00092,d110,v099,h06,17:52:00,20:46:39,ontime,14.85,2,False,4.55,10.8,0
dl00458,o00172,d109,v119,h05,19:21:00,10:08:30,delayed,6.39,0,False,3.34,10.15,0
dl00459,o00831,d005,v084,h01,09:04:00,19:44:33,failed,9.02,2,False,2.73,7.17,0
dl00460,o00522,d026,v103,h05,11:26:00,12:31:24,ontime,14.04,1,False,3.86,13.03,0
dl00461,o00862,d089,v006,h08,15:08:00,16:46:22,ontime,18.99,0,False,4.06,16.11,0
dl00462,o00099,d131,v058,h04,22:47:00,08:13:05,ontime,16.049999999999997,4,False,4.99,15.19,0
dl00463,o00271,d102,v023,h07,00:16:00,03:09:39,ontime,8.97,0,False,3.56,12.95,0
dl00464,o01124,d017,v016,h04,17:53:00,19:40:27,ontime,16.51,0,False,3.76,9.45,0
dl00465,o00820,d080,v074,h08,18:26:00,22:52:34,ontime,11.27,0,False,4.84,13.89,0
dl00466,o00183,d098,v007,h01,14:06:00,13:58:40,ontime,3.81,0,False,5.0,10.68,0
dl00467,o00511,d078,v067,h05,11:55:00,08:33:53,ontime,14.94,1,False,3.76,7.49,0
dl00468,o00519,d150,v022,h03,06:37:00,05:10:00,ontime,19.78,0,False,3.78,19.89,0
dl00469,o00458,d027,v042,h03,03:03:00,05:15:10,delayed,12.11,0,False,3.8,16.42,0
dl00470,o00562,d004,v120,h08,10:43:00,14:49:27,ontime,3.36,2,False,3.97,13.27,0
dl00471,o01049,d088,v068,h01,08:34:00,18:06:53,ontime,17.09,1,False,4.21,16.47,0
dl00472,o00042,d113,v046,h01,19:10:00,08:16:03,delayed,10.28,0,False,3.59,5.13,0
dl00473,o00180,d105,v071,h07,08:17:00,05:50:08,ontime,14.15,7,False,4.01,6.22,0
dl00474,o00067,d004,v017,h04,03:48:00,07:16:13,ontime,2.66,0,False,4.36,9.21,0
dl00475,o01121,d074,v027,h07,08:50:00,17:50:35,ontime,3.63,2,False,4.29,9.74,0
dl00476,o00849,d094,v035,h07,00:48:00,14:59:17,delayed,15.93,1,False,4.07,10.87,0
dl00478,o00947,d133,v109,h05,17:32:00,03:51:28,delayed,9.6,2,False,1.46,11.77,0
dl00479,o00533,d091,v047,h01,02:54:00,19:36:46,delayed,3.46,0,False,1.0,14.35,0
dl00480,o00978,d119,v044,h07,07:01:00,01:49:05,ontime,24.44,0,False,4.53,8.9,0
dl00481,o01095,d077,v086,h04,17:15:00,20:29:07,ontime,16.16,1,False,3.89,22.66,0
dl00482,o00777,d141,v118,h02,00:12:00,22:22:41,failed,11.35,1,True,2.32,18.23,1
dl00483,o00036,d135,v017,h06,05:51:00,11:52:01,delayed,8.41,0,True,4.57,9.29,1
dl00484,o00437,d144,v079,h02,07:59:00,13:47:34,ontime,21.25,2,False,3.95,12.17,0
dl00485,o00449,d121,v061,h03,03:10:00,01:22:24,ontime,16.11,1,False,1.99,12.64,0
dl00486,o00306,d052,v114,h01,17:09:00,05:57:57,failed,14.52,0,True,4.61,14.81,1
dl00487,o01111,d054,v027,h03,00:10:00,04:17:33,ontime,12.36,0,False,4.26,12.09,0
dl00489,o00911,d130,v112,h02,23:09:00,00:26:05,ontime,12.53,1,False,3.28,16.53,0
dl00490,o00701,d039,v035,h04,21:19:00,19:49:17,failed,1.65,1,False,4.24,10.31,0
dl00491,o00181,d124,v113,h08,02:36:00,03:51:28,ontime,33.46,3,False,4.46,16.73,0
dl00492,o00035,d100,v108,h06,15:50:00,05:51:47,failed,9.55,0,False,1.99,9.2,0
dl00493,o00803,d017,v070,h03,20:37:00,23:43:05,ontime,4.68,0,False,4.83,11.06,0
dl00494,o00322,d072,v058,h08,22:48:00,01:38:13,ontime,14.05,2,False,4.29,11.2,0
dl00495,o01189,d129,v006,h05,01:38:00,04:12:11,ontime,33.39,2,False,4.94,19.23,0
dl00496,o00622,d142,v102,h02,18:22:00,16:12:08,ontime,7.97,2,False,4.18,11.59,0
dl00497,o00192,d083,v116,h08,14:17:00,03:34:36,failed,12.14,1,False,3.23,11.88,0
dl00498,o01205,d091,v018,h08,02:21:00,05:11:42,ontime,8.6,0,False,3.75,2.93,0
dl00499,o01144,d053,v038,h01,22:48:00,17:25:46,delayed,10.41,0,False,3.5,10.6,0
dl00500,o00556,d017,v063,h02,03:37:00,05:39:15,ontime,6.73,1,False,3.72,11.11,0
dl00501,o01211,d114,v087,h06,07:51:00,07:44:27,ontime,9.66,0,False,4.47,15.25,0
dl00502,o01190,d114,v026,h03,18:47:00,23:48:20,ontime,9.61,3,False,3.78,6.03,0
dl00503,o00760,d154,v014,h07,23:28:00,20:48:21,ontime,12.95,0,False,3.97,10.7,0
dl00504,o00679,d023,v098,h08,04:30:00,02:36:46,ontime,6.55,1,False,5.0,12.11,0
dl00505,o00833,d170,v017,h08,04:31:00,20:10:37,failed,12.0,3,True,2.71,12.22,1
dl00506,o00094,d077,v079,h05,03:56:00,16:59:08,delayed,17.369999999999997,2,False,3.11,9.14,0
dl00508,o00161,d015,v025,h03,19:52:00,07:24:22,ontime,12.14,0,False,4.66,14.06,0
dl00509,o00719,d116,v086,h01,19:33:00,05:38:11,delayed,16.37,0,False,1.0,11.37,0
dl00510,o00359,d057,v004,h01,23:15:00,20:50:19,ontime,12.07,0,False,4.04,18.19,0
dl00511,o01237,d123,v083,h05,09:00:00,04:46:44,delayed,9.94,0,False,1.37,10.76,0
dl00512,o00224,d040,v029,h07,23:18:00,08:58:29,delayed,8.4,3,True,3.51,11.49,1
dl00513,o00420,d168,v043,h02,09:44:00,21:24:13,delayed,12.02,0,False,3.75,18.86,0
dl00514,o01250,d165,v052,h03,09:25:00,15:00:52,delayed,10.32,3,False,2.35,7.89,0
dl00515,o00619,d130,v005,h04,14:52:00,00:12:38,failed,17.55,3,True,3.24,21.0,1
dl00516,o00337,d141,v117,h01,06:45:00,16:55:42,delayed,21.23,2,False,1.57,10.77,0
dl00517,o00509,d104,v088,h08,19:01:00,19:33:26,ontime,14.73,4,False,4.99,16.75,0
dl00518,o00984,d041,v024,h06,00:21:00,04:48:27,ontime,15.41,0,False,4.92,19.09,0
dl00520,o00429,d055,v040,h01,11:12:00,21:37:26,delayed,3.14,1,False,3.03,11.42,0
dl00522,o00296,d129,v013,h04,19:26:00,00:39:30,ontime,10.01,0,False,4.54,8.94,0
dl00523,o00714,d026,v076,h01,19:04:00,15:57:10,ontime,2.39,1,False,4.12,8.78,0
dl00524,o00683,d130,v005,h07,08:21:00,15:11:37,ontime,16.66,2,False,4.83,17.68,0
dl00525,o00351,d038,v006,h01,05:04:00,05:42:26,ontime,28.2,2,False,4.04,19.16,0
dl00526,o01045,d068,v027,h06,13:19:00,01:57:35,delayed,12.18,0,False,4.34,10.18,0
dl00527,o00913,d108,v043,h07,06:44:00,11:51:23,ontime,20.7,1,False,4.58,16.49,0
dl00528,o00826,d033,v008,h03,07:05:00,12:23:18,ontime,24.17,2,False,4.66,20.91,0
dl00529,o00822,d088,v114,h06,09:19:00,21:28:05,failed,1.2,0,False,2.64,7.53,0
dl00530,o00756,d095,v042,h01,18:06:00,09:39:56,failed,30.51,2,False,2.54,19.5,0
dl00531,o00140,d163,v116,h04,02:25:00,03:18:14,ontime,13.95,0,False,3.95,16.65,0
dl00532,o00315,d009,v104,h02,03:30:00,08:59:02,ontime,16.49,1,False,4.55,10.37,0
dl00533,o00543,d135,v002,h08,06:49:00,18:51:59,failed,34.15,2,False,2.69,21.32,0
dl00534,o00816,d166,v069,h08,20:53:00,10:48:17,ontime,9.47,0,False,3.81,6.56,0
dl00535,o01058,d033,v094,h07,00:57:00,02:20:23,ontime,23.45,3,False,3.15,18.56,0
dl00536,o01184,d055,v030,h01,15:02:00,19:26:40,failed,7.04,2,False,1.07,14.06,0
dl00537,o00083,d153,v033,h07,00:53:00,01:25:13,ontime,30.51,1,False,3.67,9.75,0
dl00538,o00682,d141,v015,h07,12:07:00,20:38:02,delayed,8.55,0,True,2.66,3.46,1
dl00539,o01160,d067,v111,h03,01:19:00,03:22:01,ontime,13.52,0,False,4.95,10.35,0
dl00540,o00068,d008,v072,h04,12:06:00,15:29:29,delayed,16.2,2,False,3.21,16.04,0
dl00541,o01142,d022,v013,h04,11:29:00,09:47:08,ontime,6.68,1,False,3.89,8.98,0
dl00542,o00415,d125,v114,h02,18:22:00,21:23:54,ontime,7.18,0,False,4.19,5.99,0
dl00543,o00218,d102,v098,h03,02:24:00,02:34:49,ontime,12.01,0,False,5.0,5.87,0
dl00544,o00345,d154,v082,h08,22:41:00,13:48:30,delayed,13.93,2,False,3.17,8.53,0
dl00545,o01067,d113,v072,h04,04:56:00,00:22:38,delayed,12.43,0,False,5.0,13.31,0
dl00546,o00324,d095,v052,h04,07:36:00,06:15:57,ontime,8.95,2,False,4.11,10.57,0
dl00547,o00778,d014,v090,h05,19:49:00,21:46:03,ontime,11.03,0,False,4.93,14.38,0
dl00548,o00537,d132,v039,h05,11:02:00,18:55:41,failed,10.4,1,False,3.34,11.4,0
dl00549,o00476,d001,v094,h06,06:45:00,04:45:22,ontime,10.11,0,False,4.67,14.59,0
dl00550,o00572,d110,v065,h01,21:04:00,00:38:52,ontime,14.34,2,False,4.69,12.06,0
dl00551,o00448,d108,v114,h04,16:05:00,19:11:25,ontime,18.74,3,False,4.79,21.38,0
dl00552,o00298,d115,v010,h01,07:28:00,09:41:48,ontime,1.9,1,False,4.8,13.26,0
dl00553,o00491,d090,v066,h02,16:22:00,15:00:56,ontime,13.19,2,False,4.66,10.34,0
dl00554,o00709,d117,v086,h04,04:47:00,15:45:16,ontime,11.59,1,False,4.69,14.76,0
dl00555,o00839,d129,v013,h01,20:31:00,23:49:48,ontime,6.51,2,False,3.97,11.19,0
dl00556,o00702,d070,v030,h07,22:07:00,23:26:56,ontime,5.03,0,False,3.91,8.15,0
dl00557,o00781,d055,v027,h08,14:07:00,00:38:27,ontime,17.54,2,False,5.0,13.31,0
dl00558,o00142,d024,v011,h05,20:22:00,11:32:26,failed,14.64,1,False,1.0,18.56,0
dl00559,o00988,d131,v044,h05,20:37:00,16:31:21,failed,6.97,2,False,1.92,11.38,0
dl00560,o00077,d127,v120,h08,07:48:00,11:13:32,ontime,4.49,2,False,4.38,14.99,0
dl00561,o00086,d054,v005,h03,06:42:00,06:20:25,ontime,7.67,2,False,3.5,19.2,0
dl00562,o00746,d128,v113,h08,10:47:00,15:16:25,ontime,13.59,0,False,3.98,10.51,0
dl00563,o01238,d093,v045,h02,05:35:00,18:48:55,ontime,10.07,1,False,5.0,12.75,0
dl00564,o00824,d077,v120,h03,23:23:00,08:25:18,ontime,18.23,0,False,4.18,10.05,0
dl00565,o00344,d151,v022,h06,08:16:00,10:17:14,ontime,14.95,2,False,3.82,8.75,0
dl00566,o01226,d162,v082,h03,06:49:00,13:57:14,ontime,22.66,1,False,3.7,14.91,0
dl00567,o00918,d142,v051,h03,06:40:00,07:20:28,ontime,10.47,0,False,4.8,11.4,0
dl00569,o00312,d066,v116,h01,01:03:00,05:18:29,ontime,20.95,1,False,4.56,19.6,0
dl00570,o00319,d017,v028,h08,10:23:00,06:55:15,ontime,20.67,1,False,5.0,9.88,0
dl00571,o00413,d003,v029,h01,22:46:00,03:26:31,ontime,23.53,3,False,4.5,14.49,0
dl00572,o00905,d002,v048,h08,03:45:00,06:59:36,ontime,8.35,3,False,3.96,11.45,0
dl00573,o01214,d118,v077,h02,23:32:00,01:20:03,ontime,7.3,1,False,5.0,14.05,0
dl00574,o00693,d048,v016,h05,19:41:00,11:16:21,failed,24.31,1,False,4.63,16.24,0
dl00575,o01177,d133,v105,h04,04:35:00,16:22:26,ontime,12.03,2,False,4.05,10.65,0
dl00576,o00483,d133,v021,h08,01:34:00,16:32:57,failed,13.83,1,False,5.0,16.98,0
dl00577,o00973,d108,v043,h05,21:57:00,22:09:43,ontime,21.03,1,False,3.86,12.99,0
dl00578,o00115,d032,v108,h06,08:24:00,14:09:53,ontime,11.09,0,False,4.55,7.9,0
dl00579,o00168,d103,v115,h03,06:05:00,21:51:41,delayed,14.98,1,False,3.78,8.97,0
dl00580,o00063,d026,v066,h04,06:28:00,16:43:18,ontime,15.1,1,False,4.99,17.2,0
dl00581,o00995,d139,v062,h01,08:49:00,09:03:16,ontime,12.14,4,False,3.48,16.92,0
dl00582,o00765,d024,v091,h05,04:34:00,00:33:48,failed,19.38,2,False,2.4,22.61,0
dl00583,o00064,d015,v098,h01,08:48:00,21:55:17,ontime,14.6,1,False,4.53,6.16,0
dl00584,o00588,d043,v103,h05,13:36:00,14:45:41,ontime,23.9,1,False,3.7,12.24,0
dl00585,o00132,d149,v049,h01,10:55:00,23:42:49,delayed,1.2,1,False,3.52,10.18,0
dl00586,o01037,d076,v114,h03,07:18:00,14:44:30,ontime,15.54,0,False,3.51,12.03,0
dl00587,o00182,d166,v009,h01,10:05:00,12:52:41,ontime,4.98,1,False,4.15,3.57,0
dl00588,o00896,d131,v026,h06,21:53:00,14:00:23,failed,10.09,1,False,3.18,11.57,0
dl00589,o00940,d141,v102,h01,07:53:00,22:11:25,delayed,21.39,1,False,1.93,16.86,0
dl00590,o00229,d112,v017,h07,05:34:00,21:45:46,delayed,7.56,4,False,3.44,12.03,0
dl00591,o00792,d087,v057,h01,07:06:00,11:27:14,ontime,11.26,1,False,3.22,8.22,0
dl00592,o00526,d146,v001,h04,17:17:00,20:32:43,ontime,17.21,2,False,4.58,20.05,0
dl00593,o01174,d110,v058,h03,09:11:00,16:20:12,ontime,10.76,3,False,5.0,11.92,0
dl00594,o00267,d045,v064,h05,23:13:00,04:42:18,ontime,32.25,0,False,4.02,20.99,0
dl00595,o01243,d139,v021,h01,11:13:00,20:20:03,ontime,9.13,2,False,4.84,13.68,0
dl00596,o00427,d102,v065,h06,23:24:00,21:57:52,ontime,16.37,0,False,4.1,8.58,0
dl00597,o00428,d049,v043,h07,06:54:00,06:32:00,ontime,1.2,0,False,4.12,3.74,0
dl00598,o00753,d056,v032,h02,05:04:00,06:33:32,ontime,40.68,1,False,4.66,18.96,0
dl00599,o01150,d133,v112,h01,06:18:00,07:36:40,ontime,7.34,0,False,5.0,4.99,0
dl00600,o01099,d039,v114,h07,23:46:00,23:09:46,ontime,10.4,1,False,3.91,11.24,0
dl00601,o00538,d166,v091,h08,17:41:00,16:25:34,ontime,8.52,1,False,3.0,10.47,0
dl00602,o00318,d157,v009,h03,01:09:00,11:45:54,delayed,7.02,1,True,2.86,11.51,1
dl00603,o00194,d069,v082,h05,09:13:00,08:57:07,ontime,15.77,2,False,4.17,17.07,0
dl00604,o00294,d064,v111,h07,17:44:00,19:37:29,ontime,20.21,1,False,4.67,17.56,0
dl00605,o00200,d093,v052,h02,11:06:00,15:50:01,ontime,17.8,0,False,4.59,9.58,0
dl00606,o00012,d075,v112,h04,13:32:00,23:32:34,ontime,13.39,0,False,4.12,13.11,0
dl00607,o00473,d119,v059,h01,14:41:00,13:15:00,ontime,1.35,0,False,4.72,7.33,0
dl00608,o00357,d143,v042,h01,16:27:00,16:28:21,ontime,9.33,2,False,4.24,8.18,0
dl00609,o00934,d062,v053,h01,06:33:00,22:14:24,failed,17.27,3,False,2.25,9.71,0
dl00610,o00259,d055,v050,h05,11:34:00,11:09:42,ontime,20.47,2,False,5.0,11.93,0
dl00611,o00243,d117,v020,h05,05:50:00,09:35:20,ontime,12.23,1,False,3.99,12.18,0
dl00612,o00327,d166,v022,h07,03:28:00,03:46:56,ontime,8.47,1,False,4.42,13.57,0
dl00613,o00361,d102,v020,h04,11:16:00,10:11:31,ontime,14.31,2,False,4.93,15.26,0
dl00614,o00179,d087,v104,h03,18:39:00,05:26:49,ontime,12.03,4,False,3.86,10.54,0
dl00616,o01068,d041,v081,h08,22:22:00,05:25:01,delayed,13.75,0,False,2.32,14.94,0
dl00617,o01023,d030,v045,h04,00:22:00,03:37:02,ontime,13.63,0,False,4.33,8.71,0
dl00618,o01159,d046,v024,h06,02:15:00,23:53:29,ontime,14.66,2,False,4.62,9.48,0
dl00619,o00589,d146,v070,h08,06:26:00,04:08:02,failed,9.01,0,False,3.44,9.46,0
dl00620,o00642,d117,v098,h04,03:31:00,06:36:27,ontime,11.79,0,False,5.0,14.82,0
dl00621,o00838,d044,v110,h07,00:38:00,03:06:47,ontime,7.52,1,False,5.0,14.56,0
dl00622,o00939,d036,v097,h04,02:51:00,11:54:04,ontime,12.19,1,False,5.0,10.0,0
dl00623,o00751,d166,v120,h03,03:25:00,07:03:25,ontime,9.76,2,False,3.82,11.28,0
dl00625,o00980,d098,v022,h04,23:32:00,15:30:09,delayed,19.05,1,True,1.83,20.54,1
dl00626,o00088,d082,v085,h05,11:04:00,12:38:34,ontime,18.51,1,False,4.57,17.13,0
dl00627,o00695,d142,v108,h06,10:09:00,13:51:55,ontime,10.41,0,False,4.25,17.46,0
dl00628,o00166,d115,v095,h03,18:43:00,00:40:46,delayed,10.81,1,False,4.06,11.58,0
dl00629,o00987,d057,v031,h08,08:59:00,06:48:42,ontime,14.0,1,False,3.96,7.1,0
dl00630,o00342,d153,v004,h08,00:22:00,04:27:35,ontime,13.33,0,False,3.97,5.52,0
dl00631,o01083,d124,v090,h01,10:46:00,00:19:38,delayed,13.35,1,False,2.82,10.41,0
dl00632,o00498,d076,v084,h07,08:11:00,19:29:17,delayed,13.26,0,False,1.74,14.75,0
dl00633,o00272,d127,v047,h05,06:48:00,05:20:32,ontime,11.86,2,False,4.06,13.31,0
dl00634,o00245,d077,v032,h02,19:33:00,05:46:51,delayed,11.96,1,False,2.3,9.41,0
dl00635,o00516,d053,v062,h06,22:52:00,07:32:45,failed,13.35,1,False,3.18,14.1,0
dl00636,o00880,d054,v104,h04,19:54:00,19:15:28,ontime,10.04,2,False,3.89,13.35,0
dl00637,o01069,d011,v046,h08,03:45:00,12:09:57,ontime,7.12,0,False,3.8,8.9,0
dl00638,o00749,d091,v045,h05,20:13:00,07:31:38,delayed,14.19,0,False,4.22,10.35,0
dl00639,o00090,d053,v073,h07,06:26:00,09:29:56,ontime,9.72,0,False,4.45,16.68,0
dl00640,o00840,d119,v093,h08,19:02:00,22:58:27,ontime,11.78,2,False,5.0,10.44,0
dl00641,o00955,d092,v010,h01,17:23:00,10:38:24,failed,10.48,0,False,2.54,13.58,0
dl00642,o00212,d153,v024,h07,23:50:00,03:23:43,ontime,20.42,1,False,4.48,14.05,0
dl00643,o00926,d114,v047,h02,02:35:00,14:53:51,ontime,13.71,2,False,4.5,15.88,0
dl00644,o00585,d097,v119,h01,14:04:00,01:40:11,failed,6.36,0,False,3.11,13.31,0
dl00645,o00158,d129,v090,h02,17:47:00,22:44:12,failed,6.06,2,False,2.77,13.29,0
dl00646,o00707,d023,v100,h06,06:33:00,10:57:20,ontime,8.31,0,False,4.38,4.79,0
dl00647,o00550,d067,v001,h02,02:17:00,23:38:11,ontime,8.7,1,False,4.52,10.41,0
dl00648,o00551,d143,v045,h02,13:01:00,16:08:30,ontime,9.21,0,False,4.43,14.38,0
dl00649,o00110,d075,v073,h01,13:10:00,14:46:36,ontime,9.4,1,False,5.0,12.55,0
dl00650,o00106,d097,v035,h01,06:15:00,11:03:53,ontime,8.16,0,False,4.26,11.01,0
dl00651,o00107,d090,v022,h04,01:39:00,11:26:39,delayed,6.01,1,False,3.71,9.58,0
dl00652,o00928,d129,v028,h07,14:26:00,12:02:52,ontime,14.7,1,False,3.65,7.18,0
dl00653,o00076,d043,v096,h04,05:43:00,15:29:42,delayed,12.43,3,False,2.71,13.03,0
dl00655,o01222,d156,v042,h08,03:29:00,12:38:01,ontime,12.34,1,False,4.66,3.15,0
dl00657,o00674,d145,v072,h01,17:47:00,09:13:33,failed,14.98,2,False,1.95,17.49,0
dl00658,o01123,d001,v073,h04,07:38:00,18:27:27,failed,6.23,1,False,4.41,6.01,0
dl00659,o00308,d046,v082,h02,16:40:00,03:35:29,ontime,34.92,2,False,4.31,16.73,0
dl00660,o00016,d008,v001,h02,13:52:00,17:01:03,ontime,16.1,2,False,3.36,14.03,0
dl00661,o01038,d145,v067,h03,01:45:00,06:12:25,ontime,19.41,2,False,4.41,17.61,0
dl00662,o00365,d118,v013,h03,13:00:00,14:14:42,ontime,21.14,0,False,4.62,16.89,0
dl00663,o00865,d017,v070,h03,01:14:00,04:15:39,ontime,15.24,1,False,3.19,16.61,0
dl00664,o00430,d152,v027,h07,03:49:00,20:16:09,failed,20.64,1,True,3.36,25.46,1
dl00665,o00268,d124,v100,h03,08:37:00,12:14:11,delayed,20.03,3,True,2.49,15.01,1
dl00666,o00350,d055,v066,h05,04:37:00,06:18:52,ontime,5.38,0,False,4.67,10.56,0
dl00667,o01088,d049,v087,h08,12:50:00,16:12:08,ontime,9.91,1,False,4.8,13.21,0
dl00668,o01140,d107,v018,h05,01:35:00,08:09:15,ontime,19.54,0,False,4.57,16.84,0
dl00669,o01235,d039,v001,h08,03:54:00,01:41:07,ontime,15.65,0,False,3.31,12.4,0
dl00670,o01248,d098,v006,h04,19:26:00,15:46:01,ontime,11.65,1,False,4.28,17.56,0
dl00671,o00005,d054,v073,h03,20:23:00,08:05:00,ontime,16.01,1,False,4.38,13.53,0
dl00672,o00017,d108,v030,h02,11:38:00,08:21:51,ontime,35.33,5,False,4.94,19.77,0
dl00673,o00651,d125,v047,h03,10:51:00,14:22:58,ontime,13.26,0,False,4.71,11.92,0
dl00674,o00456,d005,v078,h01,04:57:00,07:20:04,ontime,12.96,1,False,4.96,8.1,0
dl00675,o00436,d120,v008,h07,18:44:00,18:32:00,ontime,23.3,3,False,3.5,13.77,0
dl00676,o00515,d033,v027,h05,12:39:00,16:14:23,ontime,3.67,1,False,3.87,10.33,0
dl00677,o00528,d001,v036,h03,11:51:00,21:30:51,ontime,18.36,2,False,3.82,10.56,0
dl00678,o00441,d133,v119,h07,12:54:00,23:37:24,ontime,8.13,0,False,4.29,6.46,0
dl00679,o01122,d008,v098,h04,07:57:00,02:15:06,delayed,1.2,2,False,2.15,12.25,0
dl00680,o01148,d064,v056,h04,06:45:00,06:09:27,ontime,12.17,0,False,4.49,8.14,0
dl00681,o01197,d046,v033,h01,02:16:00,05:15:53,delayed,13.28,0,False,1.97,18.74,0
dl00682,o00264,d039,v004,h08,12:49:00,18:08:01,ontime,11.86,0,False,5.0,14.2,0
dl00683,o00560,d102,v008,h03,18:41:00,09:14:19,delayed,21.04,0,False,2.52,19.01,0
dl00684,o00986,d026,v027,h08,11:40:00,19:38:29,delayed,12.6,1,True,3.71,10.36,1
dl00685,o00113,d002,v042,h03,05:54:00,22:59:20,failed,10.66,1,False,2.68,10.8,0
dl00686,o00523,d083,v002,h08,08:01:00,12:17:37,ontime,24.04,3,False,5.0,12.99,0
dl00687,o00328,d168,v072,h06,07:45:00,07:31:07,ontime,16.38,2,False,5.0,15.23,0
dl00688,o00385,d117,v068,h03,17:08:00,17:53:05,ontime,17.58,0,False,4.16,13.79,0
dl00689,o00165,d087,v048,h07,15:57:00,13:28:39,ontime,16.14,1,False,4.14,18.83,0
dl00690,o00129,d167,v096,h01,05:16:00,10:27:02,failed,17.64,0,False,2.59,15.08,0
dl00691,o00022,d055,v091,h01,21:40:00,17:33:54,delayed,4.45,0,False,4.36,13.49,0
dl00692,o00176,d093,v100,h07,11:14:00,11:40:03,ontime,14.91,0,False,3.65,16.9,0
dl00693,o00154,d137,v063,h03,06:10:00,23:47:35,delayed,13.63,0,False,2.62,11.31,0
dl00694,o00457,d087,v038,h05,09:26:00,08:43:50,failed,14.66,0,True,1.68,13.68,1
dl00695,o00195,d017,v067,h06,20:32:00,10:47:53,delayed,18.13,1,False,3.49,16.69,0
dl00696,o01210,d016,v035,h07,13:32:00,13:43:32,ontime,4.73,2,False,3.18,11.48,0
dl00697,o00117,d010,v080,h06,11:21:00,22:34:18,ontime,13.19,1,False,5.0,10.04,0
dl00698,o00882,d101,v092,h07,12:12:00,22:24:02,failed,10.97,0,False,3.6,15.95,0
dl00699,o00388,d133,v091,h02,00:43:00,04:23:12,ontime,13.59,1,False,4.11,13.94,0
dl00700,o00027,d099,v115,h06,02:22:00,06:50:34,ontime,8.6,1,False,5.0,9.3,0
dl00701,o00440,d077,v084,h08,03:36:00,09:00:24,failed,12.65,0,False,5.0,10.83,0
dl00702,o00143,d104,v086,h06,13:02:00,13:13:35,ontime,18.33,2,False,4.86,10.36,0
dl00703,o01098,d136,v020,h06,09:34:00,15:44:51,delayed,11.16,1,False,2.82,12.56,0
dl00704,o01009,d058,v084,h08,06:49:00,07:25:55,ontime,1.84,0,False,4.35,5.9,0
dl00705,o00084,d010,v061,h03,08:46:00,05:31:07,failed,15.18,2,False,4.04,12.68,0
dl00706,o00625,d164,v117,h08,06:16:00,05:40:23,ontime,15.14,0,False,4.37,11.27,0
dl00707,o00514,d022,v013,h02,08:13:00,07:49:00,ontime,9.89,1,False,4.15,16.04,0
dl00708,o00323,d089,v035,h07,15:56:00,20:54:40,ontime,7.15,1,False,4.49,3.79,0
dl00709,o00580,d125,v020,h02,07:41:00,10:11:17,delayed,14.43,1,True,4.39,8.47,1
dl00710,o00262,d116,v119,h06,06:22:00,07:32:37,ontime,1.39,2,False,4.12,12.47,0
dl00711,o00484,d028,v120,h08,14:43:00,13:39:05,ontime,16.19,3,False,3.77,8.83,0
dl00712,o01056,d134,v012,h07,00:40:00,11:07:55,delayed,11.83,1,False,4.95,3.1,0
dl00713,o00728,d044,v039,h03,06:15:00,04:27:26,ontime,21.4,0,False,4.63,26.99,0
dl00714,o00078,d140,v110,h04,05:23:00,11:04:38,ontime,10.21,0,False,4.53,20.77,0
dl00715,o00621,d148,v098,h02,19:44:00,16:03:00,delayed,37.21,2,False,4.05,18.77,0
dl00716,o00221,d158,v074,h08,05:06:00,15:10:08,ontime,3.43,1,False,3.66,8.24,0
dl00717,o00530,d106,v016,h01,08:10:00,16:23:04,delayed,28.07,3,False,4.26,17.52,0
dl00718,o00945,d067,v081,h01,15:32:00,06:12:24,delayed,9.2,0,False,2.3,15.84,0
dl00719,o00138,d124,v020,h08,07:02:00,12:15:45,delayed,16.1,1,False,3.88,18.38,0
dl00720,o01179,d097,v102,h06,21:10:00,08:32:17,delayed,9.37,1,False,3.0,9.84,0
dl00721,o00742,d086,v017,h04,17:58:00,08:37:04,delayed,29.21,1,False,3.51,23.07,0
dl00722,o00289,d097,v083,h04,02:33:00,00:27:20,ontime,16.76,0,False,4.24,19.9,0
dl00723,o00477,d050,v108,h03,14:40:00,01:19:52,delayed,6.67,2,True,3.25,17.41,1
dl00724,o00024,d003,v042,h01,07:43:00,10:21:10,ontime,17.9,0,False,4.76,14.39,0
dl00725,o01115,d140,v094,h06,00:00:00,16:20:27,failed,13.65,1,False,2.1,12.34,0
dl00726,o00085,d045,v023,h03,09:54:00,12:02:36,ontime,14.37,0,False,5.0,2.5,0
dl00727,o00520,d164,v080,h08,13:40:00,21:11:10,delayed,5.25,0,False,3.43,3.23,0
dl00728,o00951,d128,v093,h01,16:16:00,02:12:49,delayed,11.96,0,True,4.54,8.65,1
dl00729,o00638,d004,v060,h04,13:22:00,17:18:46,ontime,5.33,1,False,4.2,9.65,0
dl00730,o00191,d170,v025,h05,03:32:00,14:46:58,ontime,8.68,1,False,4.06,5.48,0
dl00731,o00386,d158,v042,h05,21:08:00,15:02:20,failed,18.68,3,True,3.05,12.76,1
dl00732,o00748,d024,v076,h01,06:45:00,15:06:33,failed,11.16,1,False,3.55,15.34,0
dl00733,o00252,d009,v114,h03,16:48:00,18:13:36,ontime,21.06,0,False,3.48,18.64,0
dl00734,o00317,d106,v089,h02,23:25:00,05:14:31,ontime,12.54,0,False,3.99,12.79,0
dl00735,o00190,d150,v082,h01,08:40:00,07:08:00,ontime,13.27,0,False,3.68,10.58,0
dl00736,o00732,d123,v100,h02,11:32:00,04:00:13,failed,13.5,0,False,2.19,13.81,0
dl00737,o00247,d146,v015,h01,21:14:00,23:35:31,ontime,15.68,1,False,4.03,10.54,0
dl00738,o01163,d071,v022,h06,01:38:00,14:25:27,delayed,7.16,0,False,3.63,8.91,0
dl00739,o00644,d087,v078,h08,10:33:00,00:52:43,delayed,7.6,1,False,3.28,15.7,0
dl00740,o00889,d029,v021,h02,23:01:00,01:20:53,ontime,15.64,0,False,3.98,11.85,0
dl00741,o00689,d113,v091,h01,16:16:00,22:27:15,delayed,15.66,1,False,1.65,8.71,0
dl00742,o00326,d056,v033,h06,10:06:00,02:59:58,delayed,13.55,0,True,2.51,15.1,1
dl00743,o00171,d158,v083,h03,03:28:00,03:30:56,ontime,33.77,0,False,5.0,13.64,0
dl00744,o00899,d052,v062,h06,09:43:00,23:30:54,delayed,25.36,5,False,1.64,13.11,0
dl00745,o00333,d092,v072,h07,06:36:00,23:16:54,failed,11.35,0,False,4.29,13.37,0
dl00746,o00431,d002,v097,h02,13:29:00,17:02:43,ontime,14.4,1,False,3.32,11.96,0
dl00747,o00482,d008,v085,h08,04:00:00,08:22:40,ontime,15.25,1,False,4.27,12.88,0
dl00749,o01036,d026,v013,h06,20:38:00,23:29:47,ontime,13.64,1,False,4.27,10.07,0
dl00750,o00976,d156,v109,h08,19:55:00,23:06:56,delayed,13.29,0,False,2.64,10.65,0
dl00751,o00234,d136,v073,h01,12:33:00,17:19:04,ontime,13.68,0,False,5.0,8.76,0
dl00752,o00020,d069,v013,h01,23:04:00,22:49:00,ontime,12.27,1,False,4.33,8.63,0
dl00753,o01139,d163,v101,h04,15:46:00,23:19:36,ontime,17.13,1,False,4.6,16.29,0
dl00754,o00605,d027,v023,h03,15:02:00,13:30:56,ontime,1.2,1,False,4.18,7.11,0
dl00755,o01073,d084,v024,h08,05:34:00,21:45:54,delayed,21.74,1,False,2.22,13.13,0
dl00756,o00112,d130,v034,h07,08:59:00,07:27:00,ontime,13.07,3,False,3.11,16.72,0
dl00757,o00074,d135,v002,h06,14:03:00,21:07:10,delayed,12.69,1,True,5.0,6.5,1
dl00758,o01126,d085,v043,h07,17:34:00,09:21:46,delayed,21.98,4,False,2.72,17.1,0
dl00759,o01240,d012,v120,h08,15:19:00,18:32:38,ontime,6.57,0,False,4.47,11.36,0
dl00760,o00226,d081,v030,h04,14:20:00,15:40:22,ontime,12.22,0,False,4.2,14.58,0
dl00761,o00810,d134,v088,h04,04:12:00,15:34:08,ontime,1.2,1,False,3.48,3.76,0
dl00762,o00864,d133,v002,h03,01:29:00,04:51:39,ontime,34.77,1,False,3.95,18.48,0
dl00763,o00837,d110,v059,h02,19:06:00,06:31:48,failed,16.1,0,True,3.96,13.38,1
dl00764,o01187,d049,v004,h07,02:29:00,10:47:40,delayed,14.53,0,False,2.42,10.58,0
dl00765,o00043,d126,v023,h06,06:03:00,15:35:48,ontime,16.23,1,False,4.81,15.76,0
dl00766,o00371,d082,v088,h07,04:54:00,12:48:47,failed,10.55,0,False,2.58,13.84,0
dl00767,o00948,d096,v099,h02,05:19:00,14:53:57,delayed,5.39,2,False,3.98,3.62,0
dl00768,o00800,d086,v043,h04,02:36:00,18:44:35,delayed,14.84,0,False,1.74,20.01,0
dl00769,o00957,d038,v048,h03,03:47:00,03:42:47,ontime,10.69,0,False,3.73,8.08,0
dl00770,o00217,d091,v077,h08,08:17:00,05:25:22,ontime,29.87,1,False,4.21,17.68,0
dl00771,o00257,d003,v116,h01,03:42:00,07:16:26,ontime,11.52,2,False,4.78,14.84,0
dl00772,o01108,d135,v058,h07,07:22:00,12:22:16,ontime,15.77,0,False,4.48,12.1,0
dl00773,o00080,d101,v050,h03,05:00:00,09:21:31,ontime,19.65,0,False,3.41,11.72,0
dl00774,o01180,d049,v032,h02,21:42:00,11:19:33,delayed,26.83,1,False,4.21,12.3,0
dl00775,o00153,d109,v040,h05,09:08:00,21:51:56,delayed,3.69,0,True,2.36,14.94,1
dl00776,o00383,d036,v069,h02,17:12:00,15:56:11,ontime,15.59,0,False,4.41,14.25,0
dl00777,o00316,d064,v088,h05,14:43:00,20:19:26,ontime,13.91,0,False,3.58,13.71,0
dl00778,o00965,d143,v005,h08,17:43:00,14:06:23,failed,18.34,3,False,2.96,12.7,0
dl00779,o01146,d127,v048,h08,05:21:00,11:08:16,ontime,6.04,1,False,4.27,15.07,0
dl00780,o01202,d155,v040,h01,16:31:00,23:40:12,ontime,12.72,0,False,3.64,15.59,0
dl00781,o00871,d082,v092,h02,06:28:00,04:08:15,failed,11.59,0,False,4.6,17.88,0
dl00782,o00602,d019,v030,h07,11:15:00,05:39:43,delayed,16.3,0,False,3.47,13.54,0
dl00783,o00380,d099,v015,h07,00:44:00,20:49:44,failed,8.95,2,True,1.67,16.86,1
dl00784,o00073,d095,v039,h05,05:10:00,01:01:35,delayed,5.24,0,True,2.29,13.26,1
dl00785,o00726,d099,v031,h01,00:29:00,02:55:03,ontime,18.6,1,False,4.22,17.03,0
dl00786,o00232,d083,v088,h06,22:06:00,00:04:10,ontime,15.42,0,False,5.0,14.69,0
dl00787,o00102,d159,v071,h06,00:18:00,00:52:19,ontime,11.22,3,False,4.01,9.72,0
dl00788,o00927,d108,v058,h05,05:03:00,00:15:39,failed,10.39,0,False,4.32,19.57,0
dl00789,o00536,d103,v031,h06,11:23:00,12:13:51,failed,15.28,3,True,3.03,11.56,1
dl00790,o00628,d170,v039,h08,12:51:00,03:56:55,delayed,12.25,0,True,3.68,5.21,1
dl00791,o01047,d085,v116,h01,17:11:00,20:04:01,ontime,21.48,1,False,4.67,22.23,0
dl00792,o00033,d106,v094,h08,21:39:00,14:37:51,failed,14.69,1,False,3.2,16.8,0
dl00793,o00095,d119,v043,h03,14:55:00,13:44:08,ontime,17.36,2,False,4.7,14.29,0
dl00794,o00265,d052,v079,h04,02:54:00,08:03:52,delayed,12.37,1,False,1.76,17.61,0
dl00795,o00151,d068,v062,h05,11:55:00,16:00:58,ontime,2.99,0,False,4.03,9.67,0
dl00796,o00860,d139,v098,h05,22:58:00,23:15:49,ontime,19.21,2,False,4.08,14.76,0
dl00797,o00894,d138,v066,h01,01:08:00,04:42:43,delayed,11.19,1,False,3.85,5.56,0
dl00798,o00850,d046,v073,h07,22:19:00,02:44:15,ontime,12.93,2,False,4.63,14.15,0
dl00800,o01147,d001,v008,h02,00:58:00,13:46:46,delayed,10.59,1,False,3.41,13.12,0
dl00801,o00463,d151,v118,h07,02:40:00,04:53:27,ontime,12.81,0,False,3.78,18.21,0
dl00802,o00691,d092,v086,h08,03:56:00,14:22:24,ontime,11.27,0,False,3.79,9.97,0
dl00803,o00368,d080,v093,h05,00:47:00,02:50:15,ontime,13.02,3,False,3.98,12.99,0
dl00804,o00015,d052,v097,h03,05:43:00,09:20:46,ontime,9.3,1,False,3.94,9.13,0
dl00805,o00215,d033,v057,h07,12:44:00,11:01:00,ontime,16.4,2,False,4.73,9.99,0
dl00806,o00128,d117,v108,h07,14:40:00,04:18:53,delayed,40.11,2,True,2.68,24.27,1
dl00807,o00089,d103,v061,h05,20:33:00,04:18:13,failed,1.2,2,False,2.8,8.46,0
dl00808,o00993,d055,v009,h04,23:43:00,22:37:54,ontime,10.76,1,False,4.77,9.73,0
dl00809,o01071,d043,v051,h05,00:21:00,16:48:45,delayed,13.21,1,True,4.41,16.54,1
dl00810,o00116,d120,v053,h08,16:49:00,19:25:36,ontime,15.23,0,False,5.0,11.22,0
dl00811,o00404,d160,v082,h01,23:22:00,21:59:16,ontime,8.18,0,False,3.16,10.81,0
dl00812,o01016,d073,v059,h02,00:55:00,05:47:54,ontime,23.74,4,False,5.0,11.75,0
dl00813,o00869,d144,v045,h01,07:08:00,06:52:48,ontime,14.17,0,False,3.56,13.63,0
dl00814,o00471,d123,v060,h04,15:06:00,20:22:06,ontime,8.94,0,False,3.81,12.08,0
dl00815,o00771,d134,v119,h03,23:16:00,07:38:20,delayed,13.86,0,False,2.94,18.01,0
dl00816,o00857,d017,v047,h05,21:07:00,20:41:43,ontime,1.2,1,False,3.44,13.41,0
dl00817,o00356,d097,v078,h01,05:41:00,07:33:29,ontime,10.07,0,False,3.25,17.74,0
dl00818,o01000,d035,v120,h07,22:28:00,03:01:40,ontime,35.25,1,False,5.0,23.18,0
dl00820,o01192,d069,v030,h05,17:39:00,01:45:53,delayed,30.97,2,False,3.07,21.48,0
dl00821,o00424,d074,v080,h07,10:13:00,21:18:17,ontime,1.9,4,False,3.85,9.03,0
dl00822,o00109,d084,v032,h03,13:25:00,16:28:58,ontime,6.47,1,False,3.13,12.84,0
dl00823,o00655,d104,v114,h08,16:20:00,05:35:54,failed,9.55,1,False,1.91,8.94,0
dl00824,o00369,d036,v080,h02,13:42:00,02:44:49,failed,10.19,2,False,4.45,7.81,0
dl00825,o01004,d147,v007,h05,20:08:00,02:23:36,failed,11.9,0,False,2.26,21.03,0
dl00826,o01087,d089,v021,h01,08:53:00,12:01:02,ontime,24.56,1,False,3.83,14.2,0
dl00827,o00079,d065,v030,h01,06:56:00,07:06:19,ontime,16.9,2,False,4.87,11.29,0
dl00828,o00879,d119,v069,h07,02:40:00,03:08:31,ontime,8.27,0,False,4.79,14.23,0
dl00829,o00426,d101,v008,h03,15:10:00,16:18:55,ontime,7.91,2,False,3.83,6.45,0
dl00830,o01114,d164,v071,h01,00:50:00,23:09:00,ontime,11.1,2,False,4.33,10.17,0
dl00831,o00023,d133,v053,h08,05:51:00,04:17:27,failed,15.56,0,True,2.38,10.87,1
dl00832,o01143,d083,v109,h06,02:45:00,13:02:41,failed,18.52,0,False,4.27,13.94,0
dl00833,o00712,d169,v106,h04,11:52:00,14:09:55,ontime,16.28,0,False,4.22,17.55,0
dl00834,o01165,d022,v099,h02,07:00:00,12:03:16,ontime,15.51,2,False,4.58,9.85,0
dl00835,o00188,d096,v005,h05,04:34:00,17:10:45,delayed,13.48,1,False,2.68,14.25,0
dl00837,o01092,d052,v074,h03,15:10:00,21:02:34,ontime,5.31,0,False,3.76,9.42,0
dl00838,o00909,d117,v103,h03,03:05:00,10:48:03,failed,14.62,1,True,2.31,20.66,1
dl00839,o00566,d078,v096,h03,01:03:00,13:40:24,failed,7.89,2,True,1.65,11.74,1
dl00840,o01162,d102,v106,h04,11:40:00,11:15:00,ontime,7.84,0,False,4.18,13.23,0
dl00841,o00733,d006,v068,h02,08:40:00,11:32:19,ontime,15.77,1,False,3.39,11.44,0
dl00842,o00405,d102,v114,h07,12:17:00,16:30:15,ontime,5.55,1,False,3.88,8.89,0
dl00843,o00804,d138,v012,h05,10:34:00,09:16:16,ontime,17.19,1,False,4.66,12.85,0
dl00844,o00991,d168,v093,h03,18:00:00,17:49:34,ontime,10.66,1,False,4.63,20.41,0
dl00845,o01218,d162,v047,h05,04:24:00,06:23:14,ontime,32.79,2,False,4.64,13.5,0
dl00846,o01118,d038,v004,h03,19:54:00,23:58:17,ontime,17.64,0,False,4.01,17.89,0
dl00847,o00134,d154,v035,h07,18:38:00,23:50:09,ontime,1.46,0,False,4.09,7.98,0
dl00848,o00633,d080,v091,h08,13:23:00,14:55:42,ontime,20.03,3,False,3.93,10.97,0
dl00849,o00169,d160,v016,h08,14:32:00,15:00:07,ontime,8.52,2,False,4.31,13.73,0
dl00850,o00444,d060,v055,h05,19:20:00,22:59:39,ontime,4.26,4,False,4.32,8.71,0
dl00851,o01022,d141,v053,h04,17:31:00,21:55:48,delayed,2.38,0,False,3.21,3.58,0
dl00852,o00974,d013,v052,h03,01:17:00,03:21:30,ontime,15.52,1,False,4.65,18.68,0
dl00853,o00178,d073,v086,h01,21:03:00,00:39:18,ontime,12.77,3,False,4.19,15.35,0
dl00854,o00954,d099,v055,h04,03:27:00,08:39:46,delayed,7.05,0,True,3.2,11.41,1
dl00855,o00409,d154,v076,h08,12:04:00,09:15:54,delayed,7.29,0,False,3.36,13.69,0
dl00856,o00223,d087,v083,h03,18:09:00,20:02:42,ontime,4.19,3,False,3.82,7.91,0
dl00857,o00292,d050,v045,h05,18:17:00,10:11:21,delayed,11.07,2,False,2.72,10.06,0
dl00858,o01075,d099,v007,h08,10:08:00,09:44:24,ontime,9.72,1,False,4.34,16.21,0
dl00859,o00512,d164,v052,h05,11:04:00,23:34:35,delayed,24.2,0,True,5.0,13.25,1
dl00860,o00280,d026,v027,h07,00:35:00,13:59:07,ontime,10.9,0,False,4.76,14.97,0
dl00861,o00381,d056,v094,h05,00:04:00,21:39:14,ontime,18.99,0,False,4.91,16.77,0
dl00862,o00031,d165,v037,h01,04:57:00,09:32:20,failed,8.4,1,False,1.41,9.28,0
dl00863,o00597,d044,v030,h01,13:40:00,20:09:19,ontime,16.47,2,False,3.51,14.48,0
dl00864,o00818,d135,v076,h06,16:02:00,17:01:23,ontime,11.68,0,False,3.14,18.27,0
dl00865,o00338,d148,v042,h01,06:10:00,11:25:57,ontime,7.72,0,False,3.6,16.7,0
dl00866,o00969,d096,v041,h02,22:32:00,23:02:29,ontime,5.1,0,False,5.0,15.22,0
dl00867,o01117,d089,v079,h02,01:47:00,03:09:47,ontime,23.28,4,False,3.45,11.6,0
dl00868,o00452,d104,v100,h04,11:55:00,00:09:06,failed,6.57,1,False,3.69,18.09,0
dl00869,o00038,d118,v119,h05,20:46:00,21:44:16,ontime,9.15,2,False,5.0,10.32,0
dl00870,o00650,d078,v110,h03,12:39:00,14:21:55,ontime,24.94,2,False,3.8,14.11,0
dl00871,o00715,d037,v047,h01,16:20:00,21:03:48,ontime,9.43,0,False,4.03,16.6,0
dl00872,o00144,d120,v001,h03,22:12:00,05:41:26,delayed,15.53,1,False,3.54,11.71,0
dl00873,o00401,d049,v107,h07,12:48:00,10:19:08,ontime,10.68,0,False,3.77,10.34,0
dl00874,o01012,d006,v088,h02,05:38:00,16:05:25,delayed,10.15,0,True,2.81,12.54,1
dl00875,o00189,d018,v052,h06,08:49:00,15:14:04,ontime,11.7,0,False,4.44,11.84,0
dl00876,o00609,d161,v035,h04,07:47:00,19:49:21,ontime,5.01,0,False,4.72,14.22,0
dl00877,o01193,d061,v087,h04,00:35:00,07:54:09,ontime,4.93,0,False,4.08,10.71,0
dl00878,o00629,d164,v016,h06,07:36:00,09:57:13,ontime,5.77,0,False,4.7,10.43,0
dl00879,o00139,d033,v013,h02,19:42:00,03:58:23,delayed,9.42,1,True,3.94,10.97,1
dl00880,o00273,d047,v098,h04,02:41:00,01:58:54,ontime,7.39,0,False,4.49,9.91,0
dl00881,o00632,d127,v032,h01,22:03:00,04:52:23,delayed,12.77,5,True,3.32,11.86,1
dl00882,o01151,d039,v036,h03,13:58:00,02:26:43,ontime,3.86,0,False,4.76,7.4,0
dl00883,o00917,d101,v077,h02,15:38:00,07:05:34,delayed,11.42,0,True,2.31,14.58,1
dl00884,o00407,d056,v105,h01,07:26:00,18:31:02,ontime,12.58,1,False,4.81,14.99,0
dl00885,o00675,d126,v073,h06,20:14:00,19:38:10,ontime,15.92,0,False,4.37,16.87,0
dl00886,o00968,d050,v094,h02,05:45:00,17:49:42,delayed,1.2,2,False,3.45,10.2,0
dl00887,o00577,d155,v097,h02,23:14:00,01:19:26,ontime,29.9,0,False,4.18,18.94,0
dl00888,o01129,d055,v027,h07,16:39:00,16:16:34,failed,11.78,2,False,3.61,7.64,0
dl00889,o01172,d105,v002,h08,20:42:00,08:31:55,failed,7.09,0,True,4.37,11.81,1
dl00890,o00384,d103,v020,h03,16:28:00,02:33:42,delayed,9.61,0,False,3.51,9.44,0
dl00891,o00963,d013,v077,h07,13:03:00,11:56:40,ontime,9.94,0,False,4.61,14.44,0
dl00892,o00392,d163,v115,h07,12:15:00,14:18:34,ontime,9.31,1,False,4.42,14.7,0
dl00893,o00981,d062,v023,h05,23:09:00,08:12:13,delayed,25.18,1,False,4.52,10.11,0
dl00894,o00724,d094,v120,h06,10:15:00,22:57:13,delayed,25.57,0,False,2.58,20.64,0
dl00895,o01157,d068,v023,h07,22:06:00,20:56:21,ontime,17.68,1,False,4.43,9.26,0
dl00896,o00177,d042,v023,h06,05:07:00,09:26:55,ontime,11.26,1,False,4.39,12.49,0
dl00897,o00672,d084,v043,h07,00:01:00,23:54:43,ontime,33.64,2,False,4.06,29.43,0
dl00898,o00283,d088,v047,h07,17:54:00,03:34:21,delayed,10.44,3,False,3.85,17.21,0
dl00899,o00549,d129,v040,h08,11:47:00,19:36:01,ontime,5.78,2,False,3.72,9.14,0
dl00900,o00199,d039,v053,h07,14:11:00,02:06:29,ontime,12.4,0,False,5.0,8.44,0
dl00901,o00730,d099,v067,h05,11:31:00,09:28:50,ontime,13.94,1,False,3.7,13.05,0
dl00902,o00018,d015,v047,h06,23:03:00,02:59:39,ontime,17.27,0,False,5.0,12.37,0
dl00903,o00130,d130,v051,h03,00:41:00,03:13:51,ontime,19.22,4,False,3.42,14.82,0
dl00904,o01102,d160,v112,h04,06:18:00,09:41:36,ontime,32.81,0,False,4.79,16.84,0
dl00905,o01020,d028,v013,h04,02:30:00,11:04:29,delayed,30.71,1,False,3.81,18.26,0
dl00906,o01229,d168,v110,h08,01:11:00,09:44:29,failed,18.6,1,True,2.35,16.73,1
dl00907,o00884,d096,v103,h08,02:46:00,08:08:07,ontime,3.96,0,False,3.59,16.11,0
dl00908,o00145,d088,v042,h03,11:50:00,21:56:28,ontime,10.05,1,False,5.0,14.53,0
dl00909,o01204,d033,v001,h02,17:56:00,20:26:21,delayed,10.35,2,False,2.77,8.9,0
dl00910,o01002,d071,v005,h04,09:09:00,22:29:41,delayed,26.61,1,False,4.05,16.25,0
dl00911,o00806,d004,v119,h01,16:52:00,01:40:49,ontime,13.69,0,False,4.33,14.98,0
dl00912,o00355,d011,v095,h02,00:12:00,15:59:08,delayed,21.47,2,False,3.69,9.33,0
dl00913,o00239,d096,v081,h04,06:34:00,12:24:14,ontime,12.6,1,False,3.49,15.18,0
dl00914,o00270,d157,v006,h05,17:01:00,17:58:50,ontime,10.96,0,False,4.41,15.03,0
dl00915,o00873,d004,v047,h03,13:17:00,17:51:16,ontime,9.84,0,False,3.99,16.74,0
dl00916,o01100,d036,v049,h03,15:41:00,15:52:41,ontime,22.62,1,False,4.95,17.14,0
dl00917,o00700,d077,v102,h05,04:19:00,07:59:11,ontime,12.76,0,False,4.06,9.47,0
dl00918,o00645,d097,v086,h08,21:17:00,04:43:50,ontime,10.63,1,False,4.21,10.43,0
dl00919,o00763,d139,v097,h04,20:25:00,23:44:12,ontime,5.38,2,False,5.0,10.53,0
dl00920,o00686,d133,v034,h03,15:05:00,12:10:59,failed,5.08,1,True,3.09,4.15,1
dl00921,o00332,d063,v108,h08,02:49:00,01:59:36,failed,6.36,0,False,2.34,9.47,0
dl00922,o00399,d112,v090,h07,19:10:00,22:43:49,delayed,12.65,5,True,3.39,14.07,1
dl00923,o00047,d071,v012,h03,04:59:00,05:50:08,ontime,19.03,0,False,4.7,16.28,0
dl00924,o00717,d155,v027,h01,23:23:00,02:04:50,ontime,15.39,0,False,4.6,15.3,0
dl00925,o00003,d041,v100,h02,16:59:00,01:50:39,delayed,13.04,2,False,3.7,13.16,0
dl00926,o00574,d031,v046,h03,03:01:00,07:58:56,ontime,14.82,2,False,4.64,15.12,0
dl00927,o00335,d152,v077,h01,03:48:00,03:24:27,ontime,5.36,0,False,5.0,13.63,0
dl00928,o00100,d023,v101,h05,22:51:00,19:39:28,failed,12.72,0,True,3.15,21.6,1
dl00929,o00935,d033,v090,h05,12:29:00,02:01:45,ontime,15.41,0,False,4.51,15.11,0
dl00931,o01171,d006,v062,h08,03:47:00,21:24:20,failed,16.08,1,False,2.2,13.75,0
dl00932,o01225,d080,v082,h04,03:21:00,02:38:22,ontime,8.94,0,False,3.18,11.22,0
dl00933,o01133,d032,v009,h02,12:04:00,12:43:50,ontime,12.66,1,False,3.83,14.09,0
dl00934,o00775,d071,v080,h02,11:50:00,23:29:10,ontime,20.86,0,False,4.35,10.59,0
dl00935,o00211,d107,v012,h08,07:33:00,20:00:31,failed,32.42,4,False,3.9,14.69,0
dl00936,o00372,d087,v098,h03,15:05:00,14:49:44,ontime,5.84,2,False,4.74,11.21,0
dl00937,o00001,d047,v090,h01,16:29:00,18:52:56,ontime,26.65,2,False,4.29,15.82,0
dl00938,o01246,d132,v109,h03,03:20:00,10:45:58,failed,36.94,0,False,2.58,20.16,0
dl00939,o00417,d007,v076,h01,17:25:00,21:08:01,ontime,1.2,0,False,4.17,11.3,0
dl00940,o00565,d133,v066,h04,17:56:00,23:29:07,delayed,16.19,1,False,2.58,7.05,0
dl00941,o00592,d125,v044,h03,03:42:00,06:05:21,ontime,13.31,1,False,3.8,13.15,0
dl00942,o01112,d013,v027,h04,04:28:00,12:36:48,failed,12.99,1,False,4.06,16.82,0
dl00943,o00967,d087,v082,h01,17:18:00,22:14:16,ontime,5.06,2,False,4.57,8.9,0
dl00944,o00336,d009,v067,h06,06:09:00,10:20:19,ontime,16.01,2,False,4.04,12.32,0
dl00945,o00197,d075,v074,h03,05:04:00,07:26:38,ontime,8.74,1,False,4.39,12.97,0
dl00946,o00982,d069,v058,h04,08:18:00,07:56:03,ontime,10.68,1,False,4.62,19.6,0
dl00947,o01082,d129,v019,h04,15:52:00,13:23:40,ontime,10.8,0,False,4.13,11.79,0
dl00948,o00863,d155,v111,h07,19:05:00,04:28:30,ontime,11.02,0,False,4.82,9.38,0
dl00949,o01106,d060,v005,h02,01:58:00,10:58:31,ontime,11.36,0,False,4.05,20.13,0
dl00950,o00744,d024,v014,h02,05:31:00,09:48:21,ontime,15.82,0,False,3.8,16.73,0
