customer_id,age,home_zone,customer_type,signup_date,loyalty_score,app_engagement_score,preferred_channel,account_status
c0001,26,north,sme,2024-11-27,44.9,69.2,app,active
c0002,61,airport,consumer,2025-10-28,55.4,66.6,app,active
c0004,75,central,consumer,2025-08-19,32.5,33.0,app,active
c0005,26,riverside,consumer,2025-06-03,55.9,100.0,web,active
c0006,41,west,consumer,2024-03-29,39.9,43.3,web,active
c0007,54,west,consumer,2024-03-12,36.1,39.0,app,active
c0008,70,north,sme,2025-07-18,84.6,65.2,web,active
c0009,34,south,consumer,2025-08-02,62.6,40.8,app,active
c0010,23,west,consumer,2025-10-07,87.2,48.6,phone,active
c0011,49,central,consumer,2024-03-04,79.9,72.5,web,active
c0012,60,airport,consumer,2025-02-10,46.3,74.4,app,active
c0013,30,east,enterprise,2024-02-17,31.3,51.7,app,active
c0014,62,north,consumer,2024-05-16,94.1,81.0,app,active
c0015,37,south,sme,2024-05-27,54.5,52.8,phone,active
c0016,21,riverside,consumer,2025-08-07,42.7,50.9,web,active
c0017,30,south,sme,2025-11-29,72.1,55.4,app,active
c0018,56,west,consumer,2025-08-18,63.2,49.6,web,dormant
c0019,67,riverside,consumer,2024-07-11,50.3,65.5,app,dormant
c0020,67,north,sme,2025-07-14,55.5,60.8,app,active
c0021,30,central,sme,2025-07-31,63.6,40.8,phone,active
c0022,71,riverside,consumer,2024-07-29,62.2,58.9,app,active
c0023,52,south,consumer,2025-06-28,73.1,45.2,web,active
c0024,66,west,consumer,2024-11-17,55.3,44.5,app,active
c0025,23,riverside,consumer,2025-04-09,55.5,52.8,app,active
c0026,34,north,enterprise,2024-09-11,70.6,74.8,phone,active
c0027,53,west,sme,2024-09-06,66.0,60.7,web,dormant
c0028,22,central,consumer,2024-11-03,78.5,79.6,app,active
c0029,44,central,consumer,2024-12-17,57.0,85.2,app,active
c0030,63,west,consumer,2024-10-21,59.4,54.8,app,active
c0031,35,south,consumer,2024-04-30,42.5,44.0,web,active
c0032,69,west,consumer,2024-06-17,85.0,40.5,phone,dormant
c0033,58,east,consumer,2025-05-15,38.7,60.8,app,active
c0034,39,west,enterprise,2025-11-15,64.2,71.9,app,active
c0035,22,east,consumer,2025-07-25,46.7,85.5,app,active
c0036,36,airport,consumer,2024-11-17,66.4,30.7,app,active
c0037,51,central,sme,2024-12-24,72.9,73.0,phone,active
c0038,21,east,consumer,2025-08-16,34.8,75.8,app,active
c0039,32,central,consumer,2024-04-05,57.6,100.0,web,active
c0040,21,south,consumer,2025-12-14,32.9,59.1,app,active
c0041,67,west,sme,2024-03-03,83.5,54.9,app,active
c0042,24,east,consumer,2024-11-13,53.9,26.7,web,active
c0043,40,central,consumer,2025-11-28,35.8,40.8,web,active
c0044,47,east,consumer,2025-01-30,49.8,34.6,app,active
c0045,73,west,sme,2024-01-24,82.0,36.4,app,active
c0046,72,central,sme,2024-06-21,84.8,38.5,app,active
c0047,25,east,consumer,2025-05-20,81.3,26.5,app,active
c0048,19,riverside,sme,2024-10-21,48.5,53.8,app,active
c0049,31,south,consumer,2024-09-10,58.6,63.0,phone,active
c0050,71,central,consumer,2025-05-23,87.2,70.1,app,active
c0051,37,east,consumer,2025-04-04,49.3,53.8,app,active
c0052,56,east,consumer,2024-10-11,55.6,75.7,app,active
c0053,22,central,consumer,2025-03-16,45.7,75.9,phone,active
c0054,75,west,consumer,2025-12-24,42.4,26.8,web,active
c0055,34,east,enterprise,2025-11-30,80.3,50.5,app,suspended
c0056,54,north,consumer,2024-06-03,71.1,32.0,app,active
c0057,29,north,consumer,2024-06-03,68.2,37.1,web,active
c0059,26,west,consumer,2025-08-26,77.3,53.3,phone,active
c0060,52,central,consumer,2024-10-15,85.2,83.5,app,active
c0061,78,riverside,consumer,2025-03-05,60.9,94.6,web,dormant
c0062,33,central,consumer,2025-09-16,55.5,63.7,web,active
c0063,78,north,consumer,2024-05-08,44.6,52.1,partner api,active
c0064,58,east,consumer,2025-06-11,78.3,53.0,app,active
c0065,44,central,consumer,2025-11-23,52.8,55.6,web,active
c0066,21,south,consumer,2025-04-12,37.1,66.7,app,dormant
c0067,43,riverside,consumer,2025-07-26,56.7,41.9,web,dormant
c0068,46,riverside,consumer,2025-02-12,61.4,66.9,app,active
c0069,20,airport,sme,2025-05-08,74.3,51.2,phone,dormant
c0070,51,west,consumer,2024-03-04,77.1,75.9,app,active
c0071,59,airport,consumer,2024-08-01,49.3,81.7,phone,active
c0072,61,north,sme,2024-04-22,48.2,88.9,app,active
c0073,48,east,consumer,2024-02-23,55.7,52.9,phone,active
c0074,40,west,sme,2025-08-03,41.6,30.2,app,active
c0075,43,central,consumer,2024-04-13,59.2,23.9,app,active
c0076,70,west,enterprise,2024-01-27,68.4,50.3,app,active
c0077,59,north,sme,2024-07-31,61.7,29.0,web,active
c0078,40,east,consumer,2024-06-01,35.2,24.6,phone,active
c0079,61,east,consumer,2024-12-21,41.9,49.2,app,active
c0080,25,east,consumer,2025-04-30,81.6,37.2,app,active
c0081,42,south,consumer,2025-05-14,44.8,69.0,phone,active
c0082,49,east,consumer,2025-05-10,72.8,92.8,web,active
c0083,28,west,consumer,2024-05-27,71.1,51.7,app,dormant
c0084,33,airport,consumer,2024-12-16,55.8,61.9,web,active
c0085,76,airport,consumer,2025-05-05,45.0,26.0,app,active
c0086,65,west,sme,2025-06-12,64.4,59.5,app,active
c0087,49,west,consumer,2025-06-24,46.8,42.7,app,active
c0088,43,airport,enterprise,2025-12-07,58.2,35.2,app,active
c0089,40,riverside,consumer,2024-01-28,62.7,20.7,app,active
c0090,54,central,consumer,2025-10-20,49.5,86.5,app,active
c0091,40,airport,sme,2024-09-24,57.4,25.4,phone,active
c0092,49,riverside,consumer,2024-06-20,56.1,33.1,web,active
c0093,48,north,consumer,2024-08-16,41.2,56.3,app,active
c0094,22,riverside,consumer,2025-05-29,58.0,61.6,phone,active
c0095,23,south,sme,2024-08-16,50.8,61.7,app,suspended
c0097,46,airport,sme,2025-02-14,55.6,39.2,web,active
c0098,54,central,consumer,2024-08-20,56.5,70.7,app,dormant
c0099,33,north,consumer,2025-05-19,51.3,59.8,phone,active
c0100,34,central,consumer,2024-01-30,28.0,28.6,web,active
c0101,63,north,enterprise,2024-10-13,73.4,86.6,app,active
c0102,39,east,enterprise,2024-07-17,71.9,49.7,app,active
c0103,20,airport,consumer,2024-12-18,71.4,74.2,web,active
c0104,39,east,consumer,2024-12-23,66.2,28.6,app,active
c0105,47,central,enterprise,2024-08-13,40.9,33.6,app,active
c0106,22,central,consumer,2025-04-26,63.0,45.3,app,active
c0107,64,airport,consumer,2024-07-28,46.2,43.1,phone,dormant
c0108,39,central,consumer,2025-09-16,96.0,75.5,app,active
c0109,78,north,consumer,2025-10-30,52.7,25.4,app,dormant
c0111,67,west,consumer,2025-11-07,36.2,37.0,app,active
c0112,25,north,consumer,2025-02-01,42.1,66.1,app,active
c0113,38,west,consumer,2024-07-23,52.4,60.2,web,active
c0114,38,central,consumer,2024-07-01,72.2,45.8,app,active
c0115,38,airport,consumer,2025-10-13,69.8,98.5,web,active
c0116,64,riverside,consumer,2025-02-09,65.6,55.5,web,active
c0117,32,north,consumer,2024-03-27,31.3,77.2,app,active
c0118,20,south,consumer,2024-06-23,79.1,31.1,app,active
c0119,65,central,sme,2024-06-03,46.2,54.0,web,dormant
c0120,26,north,consumer,2025-04-21,86.8,58.0,app,active
c0121,25,south,consumer,2025-09-18,90.9,59.0,phone,active
c0122,40,central,consumer,2025-11-04,74.2,49.8,web,active
c0123,56,south,sme,2025-07-15,76.8,40.6,app,active
c0124,31,airport,consumer,2024-01-22,40.8,1.0,web,active
c0125,31,airport,consumer,2025-10-27,99.0,45.6,web,active
c0126,42,north,consumer,2024-05-22,64.5,39.0,app,active
c0127,32,west,sme,2024-07-18,77.0,51.5,web,active
c0128,34,airport,sme,2024-09-14,47.3,72.7,app,active
c0129,24,riverside,consumer,2025-05-28,60.0,98.6,app,active
c0130,46,south,consumer,2025-08-23,42.0,66.6,app,active
c0131,68,south,consumer,2025-07-11,57.2,75.8,web,active
c0132,56,riverside,consumer,2024-05-14,61.2,68.4,app,active
c0133,74,riverside,consumer,2024-12-28,65.1,70.3,web,active
c0134,22,south,sme,2025-08-20,83.3,67.7,app,active
c0135,65,west,consumer,2025-05-28,68.7,51.6,app,active
c0137,57,airport,consumer,2024-01-20,61.6,62.9,app,active
c0138,74,south,consumer,2024-07-06,93.2,90.8,web,active
c0139,60,central,sme,2024-06-02,51.7,71.5,app,active
c0140,21,airport,consumer,2025-04-29,80.0,87.2,partner api,active
c0141,37,west,consumer,2024-05-03,29.6,32.1,partner api,dormant
c0142,29,south,consumer,2024-11-29,47.0,61.7,app,active
c0144,54,south,consumer,2024-04-18,58.4,66.6,phone,active
c0146,20,north,consumer,2024-02-13,99.0,21.7,app,active
c0147,28,north,enterprise,2025-04-08,36.7,16.4,app,active
c0148,26,east,sme,2024-03-05,43.9,49.2,app,active
c0149,63,north,consumer,2025-09-19,58.7,100.0,app,active
c0150,58,north,consumer,2025-06-08,88.8,60.9,app,active
c0151,20,north,consumer,2024-10-10,79.2,33.8,app,suspended
c0152,61,west,consumer,2025-06-30,66.2,63.3,app,dormant
c0153,49,central,sme,2024-09-10,38.4,51.1,app,active
c0154,23,east,sme,2024-09-22,47.5,60.1,phone,active
c0155,24,north,consumer,2024-07-26,18.1,48.3,app,active
c0157,50,central,consumer,2025-03-28,67.9,46.8,app,active
c0158,57,riverside,consumer,2025-11-18,73.7,70.5,web,active
c0159,37,riverside,consumer,2024-03-15,40.2,62.7,web,dormant
c0160,57,south,consumer,2024-11-06,62.8,80.2,phone,suspended
c0161,42,north,consumer,2024-06-07,87.1,36.6,app,active
c0162,61,airport,enterprise,2025-11-07,63.7,76.9,web,suspended
c0163,55,riverside,sme,2024-09-16,56.2,58.2,app,active
c0164,78,west,consumer,2024-08-12,70.9,60.8,app,active
c0165,39,airport,consumer,2025-02-11,69.5,80.8,app,active
c0167,72,central,consumer,2025-12-24,52.5,62.0,app,active
c0168,70,riverside,consumer,2025-02-17,54.3,69.4,web,active
c0170,51,south,sme,2024-04-04,52.3,72.8,partner api,active
c0171,47,south,consumer,2024-01-20,82.4,81.9,phone,active
c0173,76,riverside,consumer,2024-01-19,78.5,49.1,app,suspended
c0174,74,north,consumer,2025-06-13,93.5,100.0,app,active
c0175,37,central,consumer,2025-06-08,86.4,56.9,app,active
c0176,43,north,sme,2024-08-22,83.8,64.7,web,active
c0177,39,east,consumer,2024-09-28,67.0,43.4,app,suspended
c0178,45,east,consumer,2024-07-04,58.0,16.1,phone,active
c0179,38,south,consumer,2024-05-12,97.9,42.8,app,active
c0180,64,west,consumer,2025-11-23,50.3,58.9,phone,active
c0181,41,west,consumer,2024-06-01,51.2,67.7,app,dormant
c0182,21,east,enterprise,2025-06-11,47.2,58.2,app,dormant
c0183,44,central,sme,2025-12-18,64.5,72.8,app,active
c0184,59,south,sme,2024-10-12,67.8,76.5,app,active
c0185,40,south,consumer,2025-12-05,77.5,76.4,phone,suspended
c0186,56,east,consumer,2024-03-15,57.5,57.8,phone,dormant
c0188,44,south,sme,2024-09-23,66.2,53.6,app,active
c0189,48,riverside,consumer,2024-08-15,76.6,41.1,app,active
c0190,39,airport,consumer,2024-05-04,61.6,84.8,app,active
c0191,27,north,consumer,2024-12-13,58.9,34.1,web,active
c0192,45,east,consumer,2024-10-01,70.1,56.4,app,active
c0193,20,south,consumer,2024-02-14,84.0,62.1,app,active
c0194,57,west,sme,2024-09-01,60.0,17.1,app,dormant
c0195,41,south,consumer,2024-09-25,38.3,71.9,web,active
c0196,72,west,enterprise,2024-07-25,52.0,51.1,web,active
c0197,29,riverside,consumer,2024-11-08,58.4,62.0,app,active
c0198,53,east,sme,2024-07-29,32.2,51.5,app,active
c0199,64,central,consumer,2025-05-27,73.4,28.6,phone,active
c0200,36,central,consumer,2024-10-04,48.8,61.5,phone,active
c0201,49,central,consumer,2024-01-19,69.2,59.8,app,active
c0204,78,riverside,consumer,2025-06-10,87.1,25.8,app,active
c0205,62,central,consumer,2025-04-02,52.1,78.7,web,active
c0206,60,south,sme,2025-10-27,50.3,72.9,app,active
c0207,54,central,consumer,2025-05-21,65.7,72.4,app,active
c0208,48,central,enterprise,2025-02-06,74.5,67.0,phone,dormant
c0209,33,central,consumer,2025-12-05,61.0,44.4,app,dormant
c0210,33,north,consumer,2024-12-16,45.3,67.9,app,active
c0211,29,riverside,enterprise,2025-12-24,72.1,50.9,web,active
c0212,27,riverside,consumer,2024-05-23,70.7,100.0,web,dormant
c0213,53,east,consumer,2024-02-25,94.2,53.3,app,active
c0214,34,central,consumer,2024-03-13,57.5,36.7,app,active
c0215,67,north,sme,2024-09-18,64.4,51.4,app,active
c0216,50,riverside,consumer,2024-02-26,51.9,85.2,app,active
c0217,30,airport,consumer,2025-01-25,37.2,47.0,web,active
c0218,32,central,consumer,2024-10-15,62.2,11.4,app,active
c0219,29,central,consumer,2025-12-10,74.6,85.7,web,active
c0220,47,south,sme,2025-04-15,44.8,64.0,web,dormant
c0221,53,east,consumer,2024-10-02,50.2,48.4,app,active
c0222,36,south,sme,2024-09-26,42.2,71.4,web,active
c0224,63,north,sme,2024-02-05,50.9,35.5,web,active
c0225,39,riverside,sme,2024-12-31,70.3,75.9,app,active
c0226,74,west,consumer,2024-12-09,47.2,48.0,web,active
c0227,69,west,consumer,2025-05-01,62.2,67.9,app,active
c0228,43,north,sme,2025-11-02,51.0,58.1,app,active
c0229,52,central,consumer,2025-05-31,23.4,73.7,web,active
c0230,70,airport,consumer,2024-09-27,62.2,59.9,web,active
c0231,28,central,sme,2025-02-13,69.4,18.9,app,active
c0232,45,south,sme,2025-02-07,27.7,70.8,app,active
c0233,75,airport,consumer,2024-11-07,58.2,48.8,partner api,active
c0234,71,north,consumer,2024-03-27,54.1,74.6,app,active
c0235,35,airport,enterprise,2024-06-07,43.7,60.0,phone,active
c0236,25,central,sme,2025-09-02,57.0,84.9,app,active
c0237,40,south,consumer,2024-11-29,30.0,51.8,web,active
c0238,56,west,consumer,2024-06-02,65.0,18.7,app,active
c0239,65,central,sme,2025-09-25,80.0,51.7,app,suspended
c0240,78,south,sme,2024-02-14,40.8,67.6,web,active
c0241,45,airport,consumer,2025-06-09,60.0,51.3,app,active
c0242,21,east,consumer,2025-12-18,83.8,48.9,web,active
c0243,31,riverside,consumer,2025-06-20,63.0,85.8,phone,suspended
c0244,27,airport,consumer,2024-01-17,52.7,54.9,phone,active
c0245,43,north,consumer,2025-12-29,46.4,77.8,app,active
c0246,32,central,consumer,2025-10-20,63.8,60.6,phone,active
c0247,31,east,consumer,2024-02-01,58.9,30.3,web,active
c0248,59,central,consumer,2025-10-14,71.1,39.9,app,active
c0249,26,west,consumer,2025-01-20,36.7,51.8,phone,dormant
c0251,56,riverside,consumer,2025-10-03,54.5,42.4,app,active
c0252,38,north,consumer,2024-09-07,71.3,30.9,app,active
c0253,48,west,consumer,2024-01-04,49.4,38.5,app,active
c0255,38,north,consumer,2025-05-30,51.9,40.9,phone,active
c0256,58,central,sme,2025-11-06,45.7,46.7,phone,active
c0257,34,west,consumer,2025-04-30,55.0,93.1,app,active
c0258,50,riverside,consumer,2024-03-17,71.4,63.1,partner api,active
c0259,43,central,consumer,2024-07-29,78.3,42.2,app,dormant
c0260,21,east,consumer,2025-10-27,64.3,57.5,app,active
c0261,39,riverside,consumer,2025-01-26,52.4,87.7,web,active
c0262,23,north,consumer,2025-12-01,53.8,70.0,app,active
c0264,51,central,consumer,2025-10-20,79.2,32.0,app,active
c0265,26,east,consumer,2025-09-06,55.8,25.4,app,active
c0266,47,east,consumer,2024-09-17,59.0,51.2,app,active
c0267,31,riverside,consumer,2025-12-10,49.0,55.7,web,active
c0268,65,east,enterprise,2025-08-04,64.3,26.8,app,active
c0269,74,riverside,enterprise,2025-05-08,76.3,32.3,app,active
c0270,64,central,sme,2024-10-02,14.5,56.9,phone,suspended
c0271,66,east,consumer,2025-12-09,65.1,15.5,web,active
c0272,57,north,consumer,2025-05-16,52.2,24.9,app,active
c0273,61,south,consumer,2025-06-12,23.8,56.7,app,active
c0274,66,riverside,sme,2025-04-22,66.0,68.3,phone,active
c0275,56,east,consumer,2024-05-01,59.6,63.7,app,active
c0276,47,south,consumer,2024-11-15,66.9,76.6,app,active
c0277,51,south,consumer,2025-04-29,39.1,87.6,app,dormant
c0279,75,south,consumer,2025-06-02,62.8,52.6,web,active
c0280,58,airport,sme,2025-01-31,55.5,98.2,phone,active
c0281,74,north,consumer,2024-08-03,85.4,89.7,phone,active
c0282,29,riverside,consumer,2024-04-02,71.4,75.6,web,active
c0283,19,west,sme,2025-06-20,74.3,42.3,app,active
c0284,39,north,consumer,2024-05-15,79.6,65.4,app,active
c0285,45,riverside,consumer,2025-10-08,27.9,18.0,phone,active
c0286,59,east,consumer,2024-04-25,87.7,51.5,web,active
c0287,46,central,consumer,2024-08-24,55.4,10.5,web,active
c0288,51,west,consumer,2025-05-12,65.6,49.8,phone,active
c0289,19,north,sme,2024-06-11,75.8,77.3,app,active
c0290,30,north,consumer,2025-11-28,49.6,58.2,phone,dormant
c0291,43,north,enterprise,2024-11-05,66.1,88.6,web,active
c0292,24,south,consumer,2025-03-02,73.2,57.9,app,active
c0293,65,north,consumer,2024-11-19,60.3,59.8,web,active
c0294,53,north,consumer,2024-12-05,68.9,52.2,app,active
c0295,77,riverside,consumer,2024-12-12,35.3,68.0,app,active
c0296,28,north,enterprise,2024-07-19,41.9,57.3,phone,active
c0297,72,west,consumer,2024-10-23,42.6,80.8,partner api,active
c0298,63,north,consumer,2024-03-07,66.9,88.6,app,dormant
c0299,43,south,consumer,2025-08-26,99.0,65.1,app,active
c0300,37,central,consumer,2025-03-14,65.2,36.6,app,active
c0301,40,riverside,sme,2024-02-19,58.6,68.6,phone,dormant
c0302,35,west,consumer,2024-02-22,60.0,83.8,app,active
c0303,66,north,consumer,2025-10-12,76.7,70.4,web,active
c0304,56,riverside,consumer,2024-09-29,72.4,63.6,phone,active
c0305,72,north,consumer,2024-11-19,42.7,75.9,app,active
c0306,47,east,sme,2025-01-17,77.3,83.1,phone,active
c0307,77,west,consumer,2024-01-30,60.6,8.4,app,active
c0308,50,riverside,consumer,2025-07-21,74.1,87.0,web,active
c0309,78,airport,sme,2024-03-23,29.0,72.8,app,active
c0310,24,central,sme,2025-02-24,36.1,67.3,app,active
c0311,75,east,consumer,2024-05-21,70.5,47.5,web,active
c0312,78,airport,enterprise,2024-10-20,32.2,62.4,app,active
c0313,34,airport,consumer,2025-07-17,67.2,69.7,phone,active
c0314,74,riverside,sme,2025-04-28,66.4,29.9,phone,active
c0315,31,central,sme,2024-10-15,63.3,72.3,app,active
c0316,32,north,consumer,2025-10-30,66.7,59.5,app,active
c0317,19,south,consumer,2025-11-02,65.2,86.0,app,dormant
c0318,48,west,consumer,2025-05-09,68.2,71.0,app,dormant
c0319,35,west,sme,2025-02-07,54.5,54.8,web,dormant
c0320,52,airport,consumer,2025-10-20,60.6,59.2,app,active
c0321,51,south,consumer,2024-07-31,99.0,70.3,partner api,active
c0322,77,central,consumer,2025-05-24,79.2,60.9,app,active
c0323,69,east,consumer,2025-04-08,70.8,68.6,app,active
c0324,18,airport,sme,2025-04-05,67.3,44.6,app,active
c0325,37,south,consumer,2025-07-14,49.4,34.4,app,active
c0327,46,north,consumer,2025-07-23,57.0,31.0,app,suspended
c0328,23,south,consumer,2024-09-01,76.1,43.4,phone,suspended
c0329,38,riverside,consumer,2025-08-06,46.4,64.9,phone,active
c0330,37,east,sme,2024-01-21,23.2,27.1,app,active
c0331,58,riverside,consumer,2025-02-26,52.0,34.8,app,active
c0332,19,west,consumer,2025-06-20,72.1,72.1,phone,active
c0333,76,north,consumer,2024-10-03,99.0,48.1,phone,active
c0335,33,north,sme,2025-08-11,45.3,34.6,app,active
c0337,71,north,consumer,2025-10-06,45.8,52.4,web,active
c0338,35,central,consumer,2024-10-04,58.0,89.2,app,dormant
c0339,27,south,consumer,2025-02-13,46.6,66.6,app,active
c0340,43,east,consumer,2025-03-18,34.7,26.3,app,active
c0341,51,riverside,consumer,2024-01-23,68.1,66.7,phone,dormant
c0342,20,west,consumer,2025-03-11,64.1,75.7,app,active
c0343,75,central,consumer,2025-04-29,58.3,71.3,web,active
c0344,56,central,consumer,2024-01-01,66.5,34.9,app,active
c0345,18,north,consumer,2025-06-24,93.5,56.9,web,active
c0346,46,airport,consumer,2024-09-11,62.9,98.5,app,dormant
c0347,18,riverside,enterprise,2024-06-07,54.9,40.4,web,dormant
c0348,26,north,consumer,2025-11-29,74.9,64.5,app,active
c0349,24,west,enterprise,2025-12-18,34.7,43.9,phone,active
c0350,46,south,consumer,2025-04-13,73.1,34.0,partner api,active
c0351,66,central,enterprise,2024-02-10,48.6,49.9,app,active
c0352,46,north,consumer,2024-05-08,47.9,77.7,app,active
c0353,50,west,consumer,2024-02-08,62.8,80.2,phone,dormant
c0354,35,airport,consumer,2024-11-07,87.8,41.4,app,active
c0355,39,central,consumer,2024-09-14,49.1,49.2,app,active
c0356,51,north,consumer,2025-03-23,76.2,41.3,web,active
c0357,25,airport,consumer,2024-04-24,67.0,18.7,app,active
c0358,22,south,consumer,2024-11-03,38.7,69.7,web,active
c0359,23,airport,consumer,2024-07-15,75.7,87.8,app,active
c0360,78,west,consumer,2024-08-16,47.8,86.7,phone,active
c0362,55,central,consumer,2025-04-16,48.3,83.4,app,active
c0363,48,airport,sme,2025-10-22,49.4,78.9,web,active
c0364,67,central,consumer,2025-06-22,70.5,51.8,partner api,active
c0365,47,riverside,consumer,2024-09-09,49.3,58.1,app,suspended
c0367,51,south,sme,2024-02-26,64.5,62.8,phone,active
c0368,23,north,consumer,2025-05-25,49.5,92.7,phone,active
c0369,42,west,consumer,2025-03-06,47.6,40.7,app,active
c0370,18,east,enterprise,2024-08-21,64.6,35.6,app,active
c0371,57,east,consumer,2025-01-14,28.5,74.9,app,active
c0372,34,west,consumer,2024-02-04,26.2,59.4,phone,active
c0373,34,south,consumer,2025-03-06,46.8,22.4,app,active
c0374,74,north,sme,2025-02-09,71.1,39.1,app,active
c0375,30,west,consumer,2024-10-26,63.9,42.6,app,active
c0376,40,south,sme,2025-05-31,61.3,46.8,phone,active
c0377,21,west,consumer,2025-05-22,57.6,64.5,phone,active
c0378,38,riverside,consumer,2024-07-17,26.2,77.3,app,active
c0379,22,south,consumer,2024-08-14,55.8,55.3,web,active
c0380,24,central,sme,2024-10-29,32.6,61.2,web,active
c0381,55,central,consumer,2025-05-22,74.4,44.3,app,active
c0382,32,south,consumer,2024-08-16,60.9,77.8,app,active
c0383,70,west,consumer,2025-11-12,59.6,84.0,app,active
c0384,24,riverside,consumer,2024-05-29,67.4,53.4,web,active
c0385,25,east,consumer,2024-08-06,66.2,44.4,app,dormant
c0386,24,central,consumer,2024-05-25,64.7,97.8,app,active
c0387,65,airport,consumer,2025-12-27,66.6,76.1,app,active
c0388,55,east,consumer,2025-02-06,51.6,41.5,app,active
c0389,70,riverside,consumer,2025-12-30,39.6,26.3,app,active
c0390,51,central,consumer,2024-04-25,66.5,52.9,app,active
c0391,64,west,consumer,2024-06-18,84.1,81.3,app,active
c0392,29,central,consumer,2024-07-08,77.2,48.2,web,active
c0393,42,east,consumer,2025-06-21,57.6,53.8,app,active
c0394,66,central,consumer,2024-02-02,70.8,49.2,web,active
c0395,76,south,sme,2025-01-22,54.0,70.9,app,active
c0396,76,riverside,consumer,2025-03-29,67.2,85.0,app,active
c0397,33,west,consumer,2024-01-03,51.3,34.6,web,suspended
c0398,63,south,sme,2024-03-23,63.2,53.1,app,active
c0399,61,east,sme,2024-05-06,93.0,54.8,phone,active
c0400,33,riverside,consumer,2024-07-31,73.4,46.7,partner api,active
c0401,33,airport,consumer,2024-11-12,85.0,35.8,app,active
c0402,71,west,consumer,2024-02-20,48.6,74.2,app,active
c0403,19,east,consumer,2024-07-19,50.0,61.5,web,active
c0405,51,riverside,consumer,2025-01-07,69.9,87.4,app,active
c0406,75,north,consumer,2025-04-30,57.7,51.7,app,active
c0407,47,riverside,consumer,2025-02-24,77.2,68.9,app,active
c0408,44,airport,consumer,2025-10-02,52.2,51.0,web,active
c0409,45,south,consumer,2025-01-19,82.8,56.9,web,dormant
c0410,65,east,sme,2024-03-05,76.5,65.0,app,active
c0411,64,west,consumer,2024-07-18,43.1,55.5,partner api,active
c0412,70,airport,consumer,2025-09-12,70.3,29.9,app,active
c0413,32,riverside,consumer,2024-10-05,57.4,87.3,app,active
c0414,21,riverside,sme,2024-02-14,77.3,61.5,web,active
c0415,45,south,consumer,2025-12-07,52.4,36.9,app,active
c0416,34,south,consumer,2024-10-09,66.0,16.7,web,active
c0417,72,west,consumer,2025-09-01,69.7,58.2,app,dormant
c0418,77,west,consumer,2024-01-25,16.9,71.1,web,active
c0419,58,central,consumer,2025-05-01,30.9,77.9,app,active
c0420,30,north,enterprise,2025-01-30,63.0,79.9,app,active
c0421,34,central,consumer,2025-03-16,59.0,51.4,app,active
c0422,71,riverside,consumer,2025-05-23,77.3,70.9,web,active
c0423,25,riverside,consumer,2024-11-06,64.6,29.3,app,active
c0424,66,riverside,sme,2024-06-03,40.7,61.6,partner api,active
c0425,55,riverside,consumer,2024-12-01,66.3,76.1,app,dormant
c0426,25,riverside,sme,2025-01-05,49.0,47.1,app,dormant
c0427,66,north,sme,2025-06-08,57.3,55.6,app,active
c0428,66,riverside,sme,2024-06-12,52.9,60.7,app,active
c0429,31,south,consumer,2024-03-07,66.6,61.3,app,dormant
c0430,29,east,consumer,2025-05-08,38.3,87.0,web,active
c0431,76,west,sme,2024-11-29,43.1,38.1,web,dormant
c0432,36,riverside,sme,2024-04-17,25.4,84.2,web,active
c0433,27,central,enterprise,2025-10-01,95.3,34.9,phone,active
c0434,62,east,consumer,2024-04-08,45.0,46.0,web,active
c0435,27,east,consumer,2025-12-27,47.2,43.9,app,active
c0436,20,riverside,sme,2024-08-27,42.5,57.0,app,active
c0437,51,airport,consumer,2025-04-16,50.7,49.3,app,active
c0438,22,north,consumer,2025-11-21,54.0,67.9,app,active
c0439,20,south,consumer,2025-07-05,70.8,58.9,app,active
c0440,48,east,consumer,2024-05-04,63.8,100.0,app,active
c0441,42,south,consumer,2024-10-13,66.3,66.0,phone,active
c0442,23,west,consumer,2025-01-16,51.5,53.9,app,active
c0444,67,central,consumer,2024-09-10,80.5,70.1,web,active
c0445,26,riverside,sme,2024-08-29,60.6,55.1,app,active
c0446,20,airport,sme,2025-08-15,65.9,37.5,partner api,dormant
c0447,42,north,consumer,2024-03-07,28.5,43.4,app,active
c0448,42,south,consumer,2024-09-08,69.3,62.1,app,active
c0449,67,east,enterprise,2024-08-24,65.1,74.6,app,active
c0451,56,east,consumer,2024-02-07,17.0,57.1,web,active
c0452,70,south,consumer,2025-05-01,61.4,69.4,app,active
c0453,76,east,consumer,2025-04-04,58.9,49.3,phone,dormant
c0454,28,south,consumer,2024-10-27,62.2,63.6,app,active
c0455,43,airport,consumer,2024-02-21,50.8,85.7,phone,active
c0456,25,central,sme,2025-08-20,64.2,79.9,phone,active
c0457,41,east,consumer,2024-03-17,72.0,84.5,app,active
c0458,37,central,enterprise,2024-07-01,61.5,51.7,app,active
c0459,20,west,consumer,2024-09-23,56.1,62.6,app,dormant
c0460,27,west,consumer,2024-04-18,57.3,39.5,web,active
c0461,55,east,consumer,2025-12-27,54.5,76.2,app,active
c0462,61,west,enterprise,2024-08-10,61.4,50.6,partner api,active
c0463,39,riverside,consumer,2024-12-14,49.2,33.6,app,dormant
c0464,71,airport,enterprise,2024-07-27,28.8,49.2,phone,dormant
c0465,65,airport,consumer,2025-09-05,82.4,63.5,app,active
c0466,26,north,consumer,2024-07-27,32.5,16.7,app,active
c0467,49,west,enterprise,2024-12-01,58.7,31.7,web,active
c0468,45,east,consumer,2025-01-15,39.7,77.4,web,dormant
c0470,39,east,sme,2024-02-02,45.1,57.8,app,active
c0471,42,north,consumer,2025-05-10,59.9,28.0,app,dormant
c0472,21,south,sme,2024-04-13,47.1,88.8,app,dormant
c0473,72,airport,consumer,2025-07-17,39.8,78.2,web,active
c0474,40,central,consumer,2025-06-30,65.5,72.0,app,active
c0475,47,central,consumer,2024-06-16,81.9,37.5,app,active
c0476,59,north,consumer,2024-10-04,66.0,69.6,app,active
c0477,53,south,sme,2025-11-14,62.2,80.4,partner api,active
c0478,43,north,consumer,2024-02-22,43.6,52.4,app,active
c0479,48,north,enterprise,2025-08-03,59.1,53.9,app,active
c0480,26,north,enterprise,2025-03-02,67.6,49.6,app,dormant
c0482,73,riverside,enterprise,2025-02-04,74.8,54.1,web,active
c0483,24,south,enterprise,2024-07-27,59.7,52.6,app,active
c0484,23,south,consumer,2024-06-09,66.0,31.0,web,active
c0485,41,riverside,sme,2024-04-02,52.4,27.0,app,active
c0486,50,west,enterprise,2025-01-08,52.5,76.4,app,active
c0487,61,east,sme,2024-06-15,63.9,88.5,web,active
c0488,63,west,consumer,2024-02-22,66.5,75.0,web,active
c0489,49,south,consumer,2025-10-18,65.9,85.5,app,active
c0490,78,central,consumer,2025-08-09,44.0,48.3,web,active
c0491,60,central,consumer,2025-01-14,48.6,57.6,web,active
c0492,22,west,consumer,2024-06-24,60.0,65.6,phone,active
c0493,76,airport,consumer,2024-10-17,30.6,55.4,web,active
c0494,34,north,consumer,2024-06-24,77.0,90.3,phone,active
c0495,20,central,consumer,2025-01-27,65.3,33.3,app,dormant
c0496,23,riverside,consumer,2024-07-21,60.9,47.6,app,active
c0497,65,north,consumer,2024-02-14,48.8,51.9,app,active
c0498,73,west,enterprise,2024-02-24,73.4,45.1,app,active
c0499,40,central,consumer,2025-10-13,55.9,74.5,app,active
c0500,47,east,consumer,2025-12-30,90.6,20.6,app,active
c0501,42,riverside,sme,2024-06-13,66.5,80.1,app,active
c0502,38,west,sme,2024-08-15,36.3,75.7,app,active
c0503,38,west,consumer,2025-09-21,71.8,64.5,app,active
c0504,66,riverside,consumer,2025-04-29,51.7,85.1,app,active
c0505,36,north,consumer,2024-08-11,51.9,100.0,phone,active
c0506,19,airport,enterprise,2025-06-14,56.3,62.0,app,active
c0507,32,north,consumer,2025-01-02,58.1,72.4,app,active
c0508,76,east,consumer,2024-09-09,64.2,66.0,app,active
c0510,42,west,consumer,2025-07-29,67.4,49.0,app,active
c0511,23,north,consumer,2025-11-14,48.5,45.0,app,active
c0512,59,east,consumer,2025-02-03,38.5,70.2,web,active
c0513,50,east,consumer,2025-07-17,47.2,48.8,app,active
c0514,22,riverside,consumer,2024-11-09,65.9,76.4,app,active
c0515,38,riverside,consumer,2024-11-11,74.0,73.9,phone,active
c0516,49,central,consumer,2025-03-11,88.9,50.3,web,active
c0517,66,riverside,consumer,2025-01-11,38.5,65.7,app,active
c0518,62,airport,consumer,2025-03-24,61.4,60.3,app,active
c0519,64,east,enterprise,2024-01-04,56.4,56.2,phone,active
c0520,50,north,consumer,2025-04-21,53.6,80.4,partner api,active
c0521,47,central,consumer,2025-09-25,62.3,59.6,phone,active
c0522,28,east,consumer,2024-07-02,56.1,63.3,app,suspended
c0523,77,north,consumer,2024-04-19,55.8,22.0,web,active
c0524,67,riverside,consumer,2025-01-02,49.7,70.2,phone,active
c0525,68,riverside,consumer,2024-04-03,66.4,31.6,app,active
c0526,70,west,consumer,2025-06-06,76.9,51.6,partner api,active
c0527,73,central,consumer,2024-02-11,86.2,89.5,web,active
c0528,45,central,consumer,2024-03-25,51.6,92.8,app,active
c0529,41,riverside,sme,2025-06-07,43.2,51.5,app,active
c0530,28,west,sme,2025-05-31,55.9,35.1,partner api,active
c0531,74,central,sme,2024-05-19,46.7,66.5,partner api,dormant
c0532,73,south,consumer,2024-03-08,76.5,51.4,phone,active
c0533,35,south,consumer,2025-12-10,46.9,65.4,app,active
c0534,58,west,consumer,2024-05-14,61.2,33.4,app,active
c0535,39,south,consumer,2024-06-18,38.6,80.2,web,active
c0536,56,north,consumer,2024-08-14,54.5,88.4,app,active
c0537,26,east,consumer,2024-12-25,63.1,31.5,phone,dormant
c0538,28,central,enterprise,2024-09-15,84.5,44.3,app,dormant
c0539,21,south,consumer,2025-09-20,49.0,45.8,web,dormant
c0540,75,airport,consumer,2025-04-12,66.0,72.9,web,active
c0541,48,central,consumer,2025-05-29,26.8,21.6,app,active
c0542,73,central,consumer,2025-08-29,40.7,62.9,phone,active
c0543,20,riverside,consumer,2025-06-02,47.0,54.7,app,dormant
c0544,72,north,consumer,2025-01-16,52.1,44.0,app,active
c0545,18,south,consumer,2024-07-05,66.9,72.4,app,active
c0546,67,riverside,consumer,2025-10-13,70.1,22.0,web,active
c0547,55,riverside,sme,2024-12-01,34.3,33.0,web,active
c0548,56,north,enterprise,2024-09-27,68.5,44.1,app,active
c0549,54,airport,consumer,2025-06-27,42.2,72.5,app,active
c0550,39,north,consumer,2025-01-03,89.4,52.4,app,active
c0551,51,north,sme,2025-06-17,65.0,43.3,app,active
c0552,41,north,consumer,2024-04-17,62.4,68.2,app,active
c0553,23,south,consumer,2025-10-06,57.2,49.9,app,active
c0554,37,east,consumer,2025-01-15,59.5,46.8,app,active
c0555,58,riverside,consumer,2025-01-12,60.0,53.3,partner api,active
c0556,20,east,consumer,2025-01-03,48.9,65.5,web,dormant
c0557,44,north,sme,2024-03-24,71.9,100.0,app,active
c0558,23,south,consumer,2024-06-29,64.3,38.5,phone,active
c0559,72,north,consumer,2024-02-19,72.0,64.4,partner api,active
c0560,29,north,sme,2025-06-12,59.0,56.2,web,active
c0561,65,east,consumer,2025-10-16,70.9,54.3,app,active
c0562,56,west,consumer,2025-11-10,47.9,88.0,phone,active
c0563,51,south,consumer,2024-01-02,99.0,73.9,phone,dormant
c0564,64,east,consumer,2024-08-14,48.6,72.0,web,active
c0565,38,north,sme,2025-09-22,52.8,50.7,app,dormant
c0566,21,central,consumer,2025-03-03,75.4,43.2,app,active
c0567,74,east,consumer,2024-02-18,79.7,64.9,app,active
c0568,22,south,consumer,2024-08-20,47.2,53.9,app,active
c0569,24,west,consumer,2024-02-16,33.4,48.5,app,active
c0570,41,south,enterprise,2024-01-03,37.6,72.1,app,active
c0571,33,south,consumer,2024-11-07,44.1,36.5,phone,active
c0572,66,north,enterprise,2024-12-31,47.4,45.6,app,active
c0573,47,airport,sme,2025-02-27,57.3,74.4,app,active
c0574,54,south,sme,2025-08-26,76.4,57.9,app,active
c0575,25,riverside,consumer,2025-01-10,77.2,72.1,web,active
c0576,65,east,sme,2025-05-01,50.2,43.3,app,dormant
c0577,56,north,consumer,2024-01-15,68.6,72.9,app,active
c0578,63,central,sme,2024-06-01,74.1,46.0,app,active
c0579,61,central,consumer,2024-03-06,82.4,85.3,app,active
c0580,24,riverside,consumer,2025-11-12,57.4,74.6,phone,active
c0581,78,north,consumer,2024-09-27,48.1,68.4,app,dormant
c0582,29,airport,consumer,2025-10-22,71.9,88.7,phone,active
c0583,23,airport,consumer,2024-12-24,84.2,66.2,app,dormant
c0584,66,east,consumer,2025-08-15,51.5,47.6,partner api,active
c0585,42,west,consumer,2025-06-14,91.1,89.1,app,active
c0586,47,central,consumer,2024-09-11,87.4,66.2,app,active
c0587,28,south,consumer,2024-01-01,55.7,82.8,app,active
c0588,47,riverside,sme,2025-06-28,34.8,62.6,web,active
c0589,69,central,consumer,2024-07-09,50.4,81.8,app,dormant
c0590,68,airport,sme,2024-02-29,54.3,43.3,app,active
c0592,54,west,consumer,2024-07-20,33.2,33.1,app,active
c0593,67,south,sme,2024-07-23,98.8,74.2,phone,active
c0594,70,east,consumer,2025-10-20,97.4,22.5,web,active
c0595,72,central,consumer,2025-10-18,48.3,26.0,phone,active
c0596,43,riverside,consumer,2025-09-19,30.1,32.9,partner api,dormant
c0597,74,north,consumer,2024-11-12,57.2,64.3,phone,active
c0598,28,north,consumer,2025-10-02,66.7,68.2,app,active
c0599,40,north,consumer,2025-05-04,81.4,44.4,app,active
c0600,34,east,consumer,2024-01-07,71.3,74.8,app,active
c0601,34,airport,consumer,2025-03-23,56.7,66.0,phone,active
c0602,52,south,sme,2025-04-21,28.4,82.9,app,active
c0603,34,west,enterprise,2025-11-02,68.1,77.9,web,active
c0604,30,west,consumer,2024-08-19,73.4,46.9,app,active
c0605,21,airport,consumer,2024-08-25,54.9,63.8,app,active
c0606,68,south,consumer,2024-05-06,64.3,56.9,app,active
c0607,44,north,consumer,2025-12-12,63.1,68.8,app,active
c0608,46,west,sme,2024-02-23,56.0,63.9,phone,active
c0609,70,east,consumer,2025-07-21,41.4,60.5,phone,active
c0610,55,south,consumer,2025-12-03,65.3,73.5,app,active
c0611,43,airport,consumer,2024-10-29,37.2,61.2,partner api,active
c0612,53,central,consumer,2024-08-10,82.3,74.0,app,active
c0613,40,north,consumer,2025-06-03,45.5,60.7,app,suspended
c0615,19,airport,consumer,2024-07-26,48.2,77.6,app,active
c0616,49,riverside,consumer,2024-11-30,65.9,78.2,phone,active
c0617,59,north,enterprise,2025-02-02,56.5,83.6,app,active
c0618,64,airport,consumer,2024-09-01,68.4,72.1,phone,active
c0619,48,north,consumer,2025-10-07,47.2,56.1,app,active
c0620,46,central,consumer,2025-07-03,33.7,63.7,phone,active
c0621,78,central,consumer,2025-06-27,55.3,63.1,app,active
c0622,22,riverside,consumer,2024-01-28,54.2,26.8,phone,dormant
c0623,53,central,sme,2024-08-27,35.8,38.8,phone,active
c0624,74,north,consumer,2024-11-11,48.8,89.0,web,active
c0625,66,central,consumer,2025-09-29,33.0,59.0,phone,active
c0626,45,south,consumer,2025-08-01,61.6,6.0,phone,active
c0627,54,airport,consumer,2024-02-03,53.8,57.9,phone,active
c0628,75,north,consumer,2024-04-19,60.0,63.2,web,dormant
c0629,67,east,sme,2024-06-14,99.0,36.8,partner api,active
c0630,57,central,enterprise,2025-12-18,62.3,100.0,web,active
c0631,44,north,consumer,2024-02-12,65.8,81.4,web,active
c0632,27,central,consumer,2025-10-20,69.8,75.5,app,active
c0633,44,central,consumer,2025-12-14,57.6,56.5,partner api,active
c0634,47,central,consumer,2024-02-17,50.3,69.2,app,active
c0635,68,riverside,enterprise,2025-08-27,73.9,76.1,web,active
c0636,60,east,consumer,2025-06-30,76.3,69.1,app,suspended
c0637,70,north,sme,2025-12-29,13.1,47.4,web,active
c0638,37,south,sme,2024-09-09,57.2,63.6,app,active
c0639,22,east,consumer,2024-04-24,54.4,62.5,app,active
c0640,55,north,sme,2025-10-11,50.8,65.6,web,dormant
c0641,46,central,consumer,2025-10-08,79.7,40.3,app,active
c0642,59,north,sme,2025-05-03,51.2,65.0,web,active
c0643,33,north,consumer,2024-04-10,73.6,60.0,web,active
c0644,46,riverside,consumer,2024-10-28,51.1,64.4,app,active
c0645,33,airport,sme,2025-03-09,53.2,63.7,web,active
c0646,64,south,sme,2024-12-25,71.4,32.6,app,active
c0648,47,airport,consumer,2025-01-11,57.2,74.0,app,active
c0649,75,central,enterprise,2025-09-08,42.1,34.4,app,active
c0650,19,south,consumer,2024-10-21,45.6,58.0,app,dormant
