order_id,customer_id,service_type,order_created_at,promised_window_hours,pickup_zone,dropoff_zone,priority_level,order_value,booking_channel,special_handling_flag
o00001,c0292,passenger,2024-08-20 14:43:00,6,airport,south,medium,126.65,app,False
o00002,c0459,passenger,2024-05-14 22:16:00,24,north,airport,low,109.3,app,False
o00003,c0161,passenger,2025-09-02 14:37:00,4,west,airport,high,33.5,phone,False
o00004,c0520,parcel,2025-01-11 17:15:00,2,riverside,north,medium,10.04,app,True
o00005,c0558,retail,2025-02-17 19:32:00,12,riverside,south,low,125.58,phone,False
o00006,c0437,retail,2024-08-05 04:55:00,1,central,east,high,151.44,web,True
o00007,c0001,business,2024-05-05 21:32:00,2,central,airport,low,76.12,app,False
o00008,c0157,parcel,2024-04-03 17:54:00,4,riverside,riverside,medium,35.06,phone,False
o00009,c0141,retail,2024-10-03 23:49:00,12,north,east,critical,78.93,app,False
o00010,c0171,retail,2025-01-29 00:42:00,6,south,north,low,34.55,phone,False
o00011,c0340,parcel,2025-08-04 04:19:00,12,west,central,low,79.1,phone,False
o00012,c0567,business,2024-01-16 12:45:00,12,east,airport,medium,135.67,app,False
o00013,c0234,retail,2024-03-29 22:11:00,24,airport,central,medium,302.7,app,False
o00014,c0318,passenger,2024-08-25 10:12:00,6,ctr,ctr,low,90.96,phone,False
o00015,c0300,business,2025-11-09 03:04:00,6,south,east,high,145.58,web,False
o00016,c0022,parcel,2025-07-29 11:51:00,6,central,ctr,medium,92.66,app,False
o00017,c0499,parcel,2025-05-27 09:12:00,24,airport,south,low,60.9,app,False
o00018,c0506,passenger,2024-03-08 22:19:00,6,north,riverside,high,121.11,phone,False
o00019,c0425,passenger,2024-03-31 07:18:00,6,north,central,low,56.26,phone,False
o00020,c0249,retail,2024-05-09 22:25:00,2,west,airport,medium,100.78,app,False
o00021,c0218,passenger,2024-10-16 11:25:00,2,west,north,medium,49.99,web,False
o00022,c0594,retail,2025-04-20 20:56:00,12,riverside,central,medium,134.88,phone,False
o00023,c0077,passenger,2025-10-05 04:59:00,4,north,north,medium,122.25,app,False
o00024,c0397,passenger,2024-10-10 05:01:00,6,south,riverside,high,132.2,app,True
o00025,c0297,passenger,2025-01-10 21:51:00,6,north,riverside,critical,66.51,app,False
o00026,c0193,parcel,2025-11-10 22:22:00,24,east,west,high,51.09,app,False
o00027,c0024,parcel,2025-02-26 00:42:00,4,riverside,north,medium,96.62,app,False
o00028,c0160,retail,2025-12-21 22:29:00,4,north,south,high,59.44,app,False
o00029,c0366,medical,2024-09-11 12:22:00,24,east,ctr,medium,190.94,web,False
o00030,c0406,medical,2025-10-05 03:11:00,12,north,east,low,44.84,app,False
o00031,c0573,passenger,2024-10-25 03:17:00,24,east,airport,medium,55.14,app,False
o00032,c0297,passenger,2025-09-15 23:14:00,1,central,east,medium,126.43,app,True
o00033,c0471,retail,2025-12-30 21:02:00,6,north,east,low,36.7,phone,True
o00034,c0023,retail,2025-02-18 01:38:00,2,north,south,low,40.88,app,False
o00035,c0524,business,2024-06-14 13:12:00,4,north,central,medium,209.07,web,False
o00036,c0126,parcel,2024-11-06 04:24:00,4,riverside,north,medium,73.14,app,False
o00037,c0015,retail,2024-02-10 17:19:00,24,east,airport,low,119.31,phone,False
o00038,c0142,retail,2025-10-06 20:11:00,2,riverside,east,medium,168.48,phone,False
o00039,c0351,parcel,2025-08-01 07:36:00,6,east,riverside,low,54.85,web,True
o00040,c0014,parcel,2025-05-24 22:33:00,1,north,airport,low,74.65,app,False
o00041,c0243,retail,2024-09-17 13:42:00,12,riverside,west,low,19.15,app,False
o00042,c0606,retail,2025-12-01 18:22:00,24,riverside,ctr,medium,133.72,phone,True
o00043,c0416,retail,2024-01-01 03:53:00,12,east,riverside,medium,48.59,api,False
o00044,c0227,business,2025-11-02 09:57:00,4,west,riverside,medium,61.45,phone,True
o00046,c0538,parcel,2025-12-13 01:15:00,4,north,central,high,85.48,app,False
o00047,c0220,medical,2025-11-28 03:02:00,2,west,north,medium,39.57,app,False
o00048,c0145,medical,2024-11-22 06:49:00,4,riverside,north,low,43.37,app,False
o00049,c0380,passenger,2024-12-19 23:58:00,2,west,south,low,66.46,phone,True
o00050,c0544,passenger,2024-03-29 13:44:00,1,north,ctr,low,33.93,app,False
o00051,c0185,business,2025-02-07 23:39:00,12,airport,east,critical,14.48,web,True
o00052,c0150,retail,2024-08-14 08:33:00,12,north,riverside,medium,293.65,api,False
o00053,c0054,parcel,2024-04-02 11:27:00,24,east,east,low,73.56,app,False
o00054,c0478,medical,2025-03-29 10:44:00,4,north,north,low,54.41,web,False
o00055,c0454,retail,2025-05-30 23:44:00,2,airport,riverside,medium,73.7,app,False
o00056,c0271,parcel,2025-10-05 20:28:00,4,south,central,high,160.35,web,False
o00057,c0226,business,2025-06-04 01:43:00,4,east,north,medium,194.03,app,False
o00058,c0083,passenger,2025-12-16 06:27:00,2,south,east,critical,51.95,web,False
o00059,c0640,passenger,2025-11-20 16:54:00,2,central,airport,medium,20.32,web,False
o00060,c0258,medical,2024-05-10 15:48:00,6,north,east,critical,37.52,web,False
o00061,c0289,passenger,2024-07-12 01:44:00,6,airport,north,high,238.9,web,True
o00062,c0177,passenger,2025-07-26 08:11:00,4,west,airport,medium,45.44,web,False
o00063,c0168,retail,2025-07-13 05:49:00,12,south,airport,low,57.56,app,False
o00064,c0346,business,2025-10-14 07:34:00,12,central,riverside,high,45.43,app,False
o00065,c0285,parcel,2024-09-23 07:03:00,4,south,west,high,61.59,app,False
o00066,c0421,passenger,2024-06-21 11:22:00,4,south,east,low,237.58,app,False
o00067,c0339,passenger,2025-02-25 02:12:00,6,west,west,critical,131.1,web,False
o00068,c0084,parcel,2025-10-13 09:08:00,2,riverside,east,medium,40.58,app,False
o00069,c0369,passenger,2024-05-19 21:45:00,12,airport,riverside,medium,103.29,phone,True
o00070,c0125,retail,2025-05-13 21:30:00,4,ctr,airport,low,165.63,app,False
o00071,c0109,medical,2024-08-31 22:15:00,1,north,south,low,157.58,phone,False
o00072,c0060,medical,2024-01-07 16:44:00,2,west,riverside,medium,7.32,app,False
o00073,c0331,passenger,2025-03-31 04:59:00,4,ctr,south,high,30.82,app,False
o00074,c0644,parcel,2025-10-18 11:44:00,6,riverside,riverside,critical,20.6,app,False
o00075,c0026,business,2024-11-02 04:56:00,2,north,east,medium,85.65,web,False
o00076,c0075,retail,2025-12-25 04:37:00,4,ctr,riverside,low,100.62,phone,False
o00077,c0543,medical,2025-07-30 07:21:00,4,riverside,central,low,150.98,app,False
o00078,c0434,parcel,2025-10-06 03:35:00,6,west,riverside,medium,94.04,app,False
o00079,c0353,parcel,2025-03-10 05:43:00,2,west,airport,medium,48.85,app,False
o00080,c0082,parcel,2025-11-13 04:38:00,4,south,south,medium,135.71,app,False
o00081,c0004,passenger,2025-04-17 12:53:00,6,west,airport,low,208.38,app,False
o00082,c0531,retail,2024-07-30 03:44:00,12,central,west,medium,36.55,app,False
o00083,c0215,medical,2024-10-23 00:23:00,2,airport,south,low,127.88,app,False
o00084,c0103,passenger,2025-05-13 06:02:00,4,west,north,high,157.73,phone,True
o00085,c0505,passenger,2024-03-02 08:19:00,4,north,riverside,low,23.13,app,False
o00086,c0255,passenger,2024-07-20 03:44:00,4,central,airport,high,66.09,app,False
o00087,c0476,business,2024-11-12 14:07:00,4,south,north,critical,56.73,phone,False
o00088,c0157,medical,2024-06-14 10:28:00,24,riverside,east,low,101.67,app,False
o00089,c0339,medical,2025-04-24 18:23:00,6,south,north,high,52.58,web,True
o00090,c0490,business,2024-10-23 05:35:00,4,riverside,south,medium,86.48,app,False
o00091,c0564,parcel,2024-03-14 01:00:00,6,west,airport,critical,43.61,web,False
o00092,c0268,retail,2025-04-24 15:05:00,6,south,east,medium,56.53,web,False
o00093,c0083,business,2024-12-05 23:36:00,4,ctr,west,low,184.11,web,False
o00094,c0361,parcel,2024-09-27 03:41:00,6,airport,north,medium,62.08,phone,False
o00095,c0378,medical,2025-05-15 13:31:00,24,south,north,low,103.06,app,False
o00096,c0441,business,2024-07-13 17:20:00,2,north,west,critical,153.48,web,False
o00097,c0303,parcel,2024-01-09 11:58:00,24,airport,airport,medium,72.64,app,True
o00098,c0586,passenger,2024-04-03 20:18:00,1,north,south,medium,79.53,phone,False
o00099,c0079,retail,2025-10-04 19:59:00,12,airport,east,low,75.64,app,False
o00100,c0300,passenger,2025-10-30 22:16:00,6,riverside,north,medium,23.64,web,False
o00101,c0633,parcel,2025-10-30 07:05:00,24,west,west,low,42.02,app,False
o00102,c0253,passenger,2024-05-21 23:01:00,2,central,north,high,146.42,app,False
o00103,c0456,business,2024-01-26 12:53:00,12,south,west,low,77.37,app,False
o00104,c0395,passenger,2024-05-28 09:23:00,4,east,central,medium,34.3,web,False
o00105,c0070,passenger,2024-07-09 20:33:00,4,north,east,high,18.19,web,False
o00106,c0065,business,2025-11-29 05:06:00,6,east,riverside,low,68.37,app,False
o00107,c0205,medical,2024-11-13 23:39:00,2,riverside,ctr,low,182.35,app,False
o00108,c0046,medical,2024-11-30 12:11:00,12,west,east,medium,70.18,app,False
o00109,c0427,medical,2025-10-24 11:20:00,4,west,east,medium,9.68,app,False
o00110,c0446,passenger,2024-08-23 11:08:00,4,central,south,low,72.23,app,False
o00111,c0521,retail,2025-07-18 11:53:00,24,east,central,medium,52.06,web,False
o00112,c0051,passenger,2024-09-16 07:03:00,2,central,west,medium,86.44,app,False
o00113,c0640,business,2024-02-12 03:36:00,2,east,north,high,113.54,app,False
o00114,c0144,business,2025-10-05 22:25:00,12,south,riverside,high,15.52,app,True
o00115,c0157,passenger,2024-02-21 06:31:00,6,east,north,high,256.93,web,False
o00116,c0452,passenger,2025-03-09 15:46:00,4,north,airport,low,56.59,api,False
o00117,c0516,passenger,2024-06-10 09:38:00,12,east,south,medium,87.81,phone,False
o00118,c0087,retail,2025-08-18 20:05:00,6,south,south,medium,74.68,app,False
o00119,c0229,medical,2024-05-25 22:14:00,4,north,north,low,66.42,app,False
o00120,c0182,passenger,2024-06-16 04:28:00,6,airport,north,medium,85.27,phone,True
o00121,c0604,parcel,2025-10-14 12:05:00,6,east,north,medium,75.67,app,True
o00122,c0597,medical,2024-02-10 14:30:00,1,riverside,north,medium,27.55,app,False
o00123,c0649,retail,2024-07-14 06:46:00,2,west,east,high,21.55,app,False
o00124,c0481,passenger,2025-01-16 00:02:00,24,central,airport,low,34.31,web,True
o00125,c0191,retail,2025-09-17 16:27:00,24,west,south,medium,70.05,app,False
o00126,c0146,parcel,2024-05-26 09:04:00,12,airport,south,medium,55.22,web,False
o00127,c0572,parcel,2025-11-08 01:32:00,2,east,north,medium,171.31,app,False
o00128,c0611,medical,2025-12-28 13:56:00,24,airport,airport,medium,136.66,app,False
o00129,c0538,retail,2024-12-12 02:28:00,12,central,north,high,63.08,phone,False
o00130,c0259,passenger,2024-01-10 21:52:00,6,central,airport,medium,77.97,app,False
o00131,c0478,retail,2024-06-29 23:10:00,24,east,west,medium,14.11,app,False
o00132,c0224,passenger,2025-01-22 09:00:00,2,ctr,central,medium,11.07,app,False
o00133,c0365,passenger,2025-03-29 18:43:00,24,airport,north,medium,128.19,api,True
o00134,c0010,parcel,2024-12-22 18:12:00,4,south,west,critical,23.34,app,False
o00135,c0364,passenger,2025-04-25 02:34:00,24,riverside,north,low,118.96,app,False
o00136,c0413,medical,2024-11-27 16:29:00,1,north,south,high,20.82,app,False
o00137,c0295,parcel,2025-03-14 17:58:00,12,east,south,high,81.5,app,False
o00138,c0149,business,2025-10-02 04:25:00,2,south,airport,medium,99.38,phone,False
o00139,c0545,retail,2025-09-15 19:05:00,2,west,airport,high,4.22,web,False
o00140,c0621,passenger,2024-03-02 23:43:00,4,north,north,low,89.5,app,False
o00141,c0605,business,2024-12-05 19:42:00,1,north,south,high,83.09,web,False
o00142,c0628,retail,2024-10-31 18:36:00,12,ctr,airport,high,83.93,api,False
o00143,c0545,passenger,2025-03-07 11:30:00,24,ctr,central,medium,69.38,app,False
o00144,c0063,business,2025-11-03 20:08:00,4,riverside,central,high,288.86,app,False
o00145,c0595,business,2024-11-02 10:33:00,12,north,riverside,medium,35.95,app,False
o00146,c0168,passenger,2025-10-10 00:54:00,12,east,south,medium,14.05,web,False
o00147,c0096,retail,2024-07-12 07:43:00,6,north,west,critical,32.27,app,False
o00148,c0401,medical,2025-04-03 22:05:00,2,east,east,high,86.3,phone,False
o00149,c0289,business,2024-05-30 21:37:00,4,west,north,high,31.06,app,False
o00150,c0246,business,2025-01-15 17:37:00,6,west,riverside,medium,136.44,web,False
o00151,c0446,retail,2025-03-02 11:33:00,4,west,east,medium,179.57,web,False
o00152,c0239,retail,2024-09-03 18:28:00,24,east,north,medium,139.65,web,False
o00153,c0378,parcel,2025-02-09 08:07:00,24,north,airport,low,33.01,web,False
o00154,c0535,business,2024-08-20 05:56:00,12,north,airport,low,105.88,web,True
o00155,c0039,retail,2024-07-26 17:47:00,24,south,central,low,155.77,phone,False
o00156,c0035,parcel,2024-04-24 07:55:00,6,west,north,medium,68.58,web,True
o00157,c0513,business,2024-09-16 20:06:00,2,airport,north,low,60.52,api,False
o00158,c0620,business,2024-07-11 16:42:00,24,central,west,high,67.81,phone,False
o00159,c0505,parcel,2024-09-14 22:31:00,12,north,south,low,105.17,api,False
o00160,c0478,parcel,2024-08-20 17:29:00,6,central,east,high,68.1,web,False
o00161,c0025,parcel,2024-08-19 17:36:00,12,south,airport,high,123.09,phone,False
o00162,c0476,business,2025-12-14 03:47:00,12,south,ctr,medium,139.13,app,False
o00163,c0583,parcel,2025-06-09 18:36:00,4,central,north,low,67.97,phone,True
o00164,c0622,parcel,2024-03-23 13:43:00,24,south,ctr,low,211.8,app,False
o00165,c0275,retail,2024-03-16 14:08:00,24,north,central,low,122.59,app,False
o00166,c0517,passenger,2025-05-30 17:32:00,4,east,south,medium,76.66,app,False
o00167,c0325,medical,2024-04-27 20:46:00,24,east,east,medium,24.78,api,False
o00168,c0464,parcel,2025-06-11 03:29:00,6,central,riverside,high,115.35,web,False
o00169,c0399,retail,2025-12-03 12:34:00,4,east,north,medium,84.09,app,True
o00170,c0005,business,2024-06-24 06:36:00,4,airport,airport,high,58.3,app,True
o00171,c0447,parcel,2025-05-01 02:08:00,1,airport,airport,critical,63.41,app,False
o00172,c0343,passenger,2025-01-17 19:03:00,4,east,west,high,108.19,app,False
o00173,c0371,passenger,2025-02-18 07:03:00,2,ctr,central,critical,249.32,app,True
o00174,c0537,passenger,2025-01-16 01:00:00,4,central,north,low,19.65,web,False
o00175,c0562,business,2025-12-19 19:13:00,4,riverside,west,high,150.9,app,False
o00176,c0479,retail,2025-04-15 09:07:00,4,central,ctr,medium,14.76,phone,False
o00177,c0477,passenger,2025-12-25 04:27:00,6,north,west,low,109.36,web,False
o00178,c0287,medical,2024-03-30 19:55:00,4,east,south,low,55.9,app,False
o00179,c0343,parcel,2024-07-25 18:07:00,12,central,riverside,medium,52.96,web,True
o00180,c0615,parcel,2024-12-29 05:23:00,24,central,north,low,54.32,phone,False
o00181,c0252,retail,2024-12-15 23:43:00,2,airport,airport,critical,108.19,api,True
o00182,c0258,passenger,2024-01-12 08:07:00,2,west,west,medium,109.03,web,False
o00183,c0102,business,2024-09-02 11:32:00,4,south,riverside,critical,11.5,app,False
o00184,c0394,parcel,2025-06-21 11:46:00,2,central,riverside,medium,51.44,api,False
o00185,c0482,retail,2025-05-15 01:52:00,24,east,central,low,62.26,web,False
o00186,c0007,parcel,2025-09-10 11:06:00,1,east,west,low,7.45,api,False
o00187,c0070,medical,2024-12-30 17:20:00,12,south,east,medium,49.72,app,False
o00188,c0558,passenger,2025-09-09 03:02:00,4,riverside,ctr,medium,138.45,app,True
o00189,c0388,parcel,2025-11-22 07:16:00,4,north,north,low,14.46,app,False
o00190,c0622,parcel,2024-12-28 06:44:00,1,south,north,medium,31.72,phone,False
o00191,c0641,parcel,2025-04-02 00:53:00,12,central,north,medium,151.09,phone,True
o00192,c0404,retail,2025-08-18 14:07:00,24,ctr,north,high,83.79,app,True
o00193,c0114,business,2024-01-22 15:07:00,4,east,ctr,medium,202.67,app,True
o00194,c0191,passenger,2024-03-16 08:11:00,1,central,riverside,low,92.07,web,True
o00195,c0404,retail,2024-06-02 17:59:00,12,ctr,east,medium,18.03,app,True
o00196,c0314,retail,2024-10-23 21:42:00,6,ctr,central,high,151.74,app,False
o00197,c0420,retail,2025-01-24 04:37:00,2,north,east,medium,175.96,phone,False
o00198,c0487,parcel,2024-09-13 17:44:00,2,west,central,low,21.51,web,False
o00201,c0486,passenger,2025-05-13 16:30:00,4,north,south,medium,118.29,web,False
o00202,c0449,passenger,2024-02-02 01:04:00,1,south,west,low,20.68,web,False
o00203,c0336,business,2024-07-05 19:52:00,6,central,airport,high,84.76,web,False
o00204,c0355,passenger,2025-10-22 21:38:00,12,airport,west,high,61.59,app,False
o00205,c0246,parcel,2025-02-05 15:10:00,6,north,south,medium,63.36,app,True
o00206,c0255,parcel,2025-12-10 14:25:00,4,south,east,low,20.86,app,True
o00207,c0023,business,2024-08-22 19:33:00,6,ctr,riverside,medium,80.33,app,False
o00208,c0359,passenger,2024-03-18 11:21:00,2,west,riverside,high,90.19,phone,True
o00209,c0201,retail,2025-06-24 06:19:00,4,airport,riverside,critical,178.55,app,True
o00210,c0347,parcel,2024-05-14 18:39:00,4,east,west,high,106.23,phone,False
o00211,c0488,business,2024-02-14 06:10:00,6,airport,east,medium,43.29,app,True
o00212,c0121,parcel,2025-01-04 23:29:00,4,east,ctr,high,128.36,api,False
o00213,c0512,parcel,2024-12-05 18:29:00,12,west,riverside,low,161.85,phone,True
o00214,c0088,business,2025-02-01 11:20:00,2,east,east,high,102.83,app,False
o00215,c0341,business,2024-01-07 10:37:00,1,west,west,medium,84.03,phone,True
o00217,c0331,retail,2024-01-22 07:29:00,24,airport,airport,medium,40.42,phone,True
o00218,c0154,passenger,2025-09-15 01:40:00,2,north,west,critical,77.97,app,False
o00219,c0421,passenger,2024-05-29 23:42:00,2,east,south,medium,62.84,app,False
o00220,c0428,medical,2024-05-27 08:24:00,6,central,west,low,136.63,phone,False
o00221,c0298,parcel,2024-10-06 02:32:00,12,south,airport,medium,16.07,phone,False
o00222,c0266,parcel,2024-09-25 11:36:00,4,riverside,west,high,27.35,phone,False
o00223,c0172,retail,2025-08-10 16:37:00,4,ctr,airport,high,178.85,web,False
o00224,c0045,parcel,2024-05-22 22:02:00,24,north,central,high,46.15,app,True
o00226,c0292,parcel,2024-07-23 13:40:00,24,east,north,medium,63.79,app,False
o00227,c0174,business,2025-08-08 20:06:00,4,airport,north,medium,21.79,app,False
o00228,c0242,parcel,2025-01-06 09:50:00,6,east,airport,high,87.21,web,False
o00229,c0335,passenger,2024-08-31 04:43:00,6,central,riverside,medium,33.48,app,False
o00230,c0533,passenger,2024-03-14 09:48:00,1,central,north,low,25.84,app,True
o00232,c0533,retail,2025-06-05 20:15:00,6,riverside,central,medium,122.94,api,True
o00233,c0252,parcel,2024-12-24 17:45:00,1,riverside,south,high,100.64,phone,True
o00234,c0145,parcel,2025-02-19 10:03:00,6,south,riverside,low,42.01,web,False
o00235,c0502,retail,2025-12-22 10:42:00,2,ctr,central,medium,27.53,phone,False
o00236,c0429,business,2024-11-26 15:32:00,2,east,south,medium,118.24,app,False
o00237,c0431,parcel,2025-01-11 07:51:00,24,riverside,south,low,19.51,web,False
o00238,c0141,parcel,2024-08-28 11:09:00,4,south,west,critical,192.22,phone,True
o00239,c0399,parcel,2024-05-18 06:00:00,4,ctr,central,low,31.43,app,False
o00240,c0289,passenger,2025-11-18 14:25:00,2,east,airport,low,71.85,app,False
o00241,c0117,parcel,2025-04-01 12:36:00,2,west,north,low,99.3,app,True
o00242,c0587,retail,2024-11-05 05:37:00,1,ctr,west,high,42.77,app,False
o00243,c0153,passenger,2024-03-08 04:19:00,6,south,west,low,64.73,phone,False
o00244,c0519,passenger,2024-11-11 08:46:00,1,north,riverside,medium,225.95,api,False
o00245,c0096,parcel,2025-08-08 17:42:00,4,south,south,low,21.06,app,True
o00246,c0023,parcel,2024-12-14 02:58:00,4,east,riverside,medium,68.11,web,False
o00247,c0613,parcel,2024-07-13 18:59:00,4,east,south,high,124.3,app,False
o00248,c0153,passenger,2024-03-22 18:11:00,4,south,airport,medium,16.18,phone,False
o00249,c0566,business,2024-11-07 18:22:00,2,central,west,critical,218.68,app,False
o00250,c0300,passenger,2025-04-24 11:49:00,24,central,north,medium,9.42,app,False
o00251,c0581,parcel,2025-12-07 13:46:00,1,riverside,south,medium,42.45,app,False
o00252,c0232,parcel,2024-03-10 15:20:00,1,east,north,low,66.88,phone,False
o00253,c0543,retail,2024-06-28 08:57:00,4,ctr,west,high,144.86,web,False
o00254,c0097,parcel,2024-09-20 17:01:00,4,north,west,medium,115.81,app,False
o00255,c0225,retail,2024-06-17 20:17:00,12,south,central,critical,139.77,phone,False
o00256,c0564,retail,2024-08-30 22:01:00,6,north,north,high,131.08,app,False
o00257,c0128,passenger,2024-08-11 01:25:00,6,south,north,critical,87.95,phone,True
o00258,c0107,business,2025-04-03 06:57:00,4,central,west,low,98.81,app,False
o00259,c0122,retail,2025-09-09 09:55:00,24,south,east,high,172.55,app,True
o00260,c0597,parcel,2025-05-28 20:06:00,6,central,riverside,low,198.61,app,True
o00261,c0003,passenger,2024-07-20 07:46:00,12,west,east,low,165.8,app,False
o00262,c0265,passenger,2024-02-28 04:38:00,6,central,central,high,151.47,phone,True
o00263,c0031,parcel,2024-02-19 02:04:00,2,west,central,low,63.35,app,False
o00264,c0633,business,2025-08-12 10:46:00,6,east,airport,medium,113.96,app,True
o00265,c0244,parcel,2024-05-19 00:12:00,4,riverside,south,medium,20.51,app,False
o00266,c0345,business,2024-10-04 17:41:00,2,ctr,north,high,41.27,app,True
o00267,c0256,parcel,2024-01-16 20:20:00,6,airport,north,low,98.71,app,False
o00268,c0475,medical,2024-01-29 06:20:00,4,west,west,medium,71.4,app,True
o00269,c0175,passenger,2024-11-30 23:01:00,6,north,riverside,medium,19.29,app,False
o00270,c0561,business,2025-10-26 15:25:00,4,west,central,medium,140.61,app,True
o00271,c0381,passenger,2025-09-16 21:51:00,4,west,ctr,critical,192.54,app,False
o00272,c0647,retail,2024-12-11 05:03:00,24,riverside,central,medium,55.63,app,False
o00273,c0642,retail,2025-02-28 01:05:00,24,central,west,medium,16.14,app,False
o00274,c0086,passenger,2025-10-03 19:21:00,24,north,west,high,90.93,app,True
o00275,c0473,business,2025-05-21 19:25:00,6,south,east,medium,142.68,app,False
o00276,c0442,parcel,2024-09-20 14:55:00,6,central,east,medium,61.64,app,False
o00277,c0329,passenger,2024-01-14 00:59:00,6,west,central,medium,107.13,phone,False
o00278,c0183,passenger,2024-11-20 18:41:00,12,ctr,north,high,32.25,phone,False
o00279,c0246,business,2024-11-16 01:26:00,12,west,riverside,medium,61.44,app,False
o00280,c0206,passenger,2025-09-20 22:46:00,12,east,airport,critical,151.49,app,True
o00281,c0437,passenger,2024-12-03 05:05:00,4,airport,north,low,47.49,web,False
o00282,c0630,parcel,2024-01-20 04:13:00,6,south,west,medium,207.38,web,False
o00283,c0430,business,2024-05-26 16:49:00,6,north,west,medium,177.07,app,False
o00284,c0363,passenger,2024-04-02 11:52:00,24,north,airport,high,116.68,phone,False
o00285,c0180,business,2025-01-05 13:22:00,4,north,north,high,106.65,app,False
o00286,c0402,business,2025-07-05 21:37:00,6,west,east,low,84.75,app,False
o00287,c0201,retail,2025-07-22 04:42:00,1,west,airport,low,68.14,phone,False
o00288,c0542,medical,2025-09-08 18:21:00,4,south,central,low,56.47,app,False
o00289,c0574,parcel,2024-08-23 23:39:00,24,north,east,high,20.53,app,False
o00290,c0028,medical,2024-09-21 22:30:00,2,central,west,high,54.76,app,False
o00291,c0198,business,2024-02-02 20:19:00,4,airport,south,low,116.22,web,False
o00292,c0060,parcel,2025-10-29 17:45:00,12,ctr,west,medium,59.59,app,False
o00293,c0165,parcel,2025-04-09 17:17:00,6,ctr,east,critical,67.89,app,False
o00294,c0486,parcel,2025-01-05 16:33:00,1,airport,airport,low,82.04,app,False
o00295,c0123,passenger,2024-10-07 04:16:00,2,east,north,medium,45.46,app,False
o00296,c0400,retail,2024-01-10 17:30:00,6,south,north,medium,10.85,app,False
o00297,c0560,passenger,2024-04-12 20:51:00,6,airport,riverside,low,151.53,web,False
o00298,c0184,parcel,2025-01-06 04:40:00,4,west,north,low,28.65,web,False
o00299,c0566,retail,2024-08-21 12:48:00,6,south,ctr,low,172.53,api,False
o00300,c0512,retail,2024-04-02 00:39:00,4,riverside,south,low,33.34,app,True
o00301,c0181,business,2024-05-17 03:03:00,6,east,riverside,medium,63.32,app,False
o00302,c0558,retail,2025-07-10 16:13:00,24,riverside,central,high,228.25,web,False
o00303,c0514,retail,2025-07-22 05:16:00,4,central,south,medium,48.67,web,False
o00304,c0253,passenger,2025-09-12 11:47:00,12,east,riverside,high,134.68,app,False
o00305,c0322,parcel,2024-06-01 05:55:00,24,riverside,airport,low,46.14,phone,False
o00306,c0613,passenger,2024-06-14 16:01:00,4,north,north,low,42.22,phone,False
o00307,c0343,parcel,2024-12-25 22:15:00,4,east,riverside,low,73.14,app,False
o00308,c0458,passenger,2025-03-28 15:13:00,12,airport,west,medium,100.44,api,False
o00309,c0073,parcel,2025-10-13 11:57:00,1,south,airport,medium,175.54,phone,False
o00310,c0094,retail,2025-02-02 14:13:00,24,central,west,high,28.08,app,False
o00311,c0215,medical,2024-11-27 00:06:00,12,central,south,high,167.59,phone,False
o00312,c0164,passenger,2025-11-06 23:00:00,6,east,east,medium,124.24,app,False
o00313,c0616,medical,2024-03-08 20:58:00,24,south,north,low,11.11,app,False
o00314,c0626,medical,2025-02-15 21:55:00,6,east,east,high,39.37,web,False
o00315,c0494,parcel,2024-12-25 01:14:00,4,north,south,low,159.29,app,False
o00316,c0094,medical,2025-07-31 12:26:00,6,west,west,low,53.63,app,False
o00317,c0094,passenger,2025-01-19 21:40:00,6,riverside,west,high,236.09,app,True
o00318,c0009,retail,2024-08-17 00:16:00,6,riverside,south,low,84.27,web,True
o00319,c0335,business,2024-01-22 08:45:00,24,ctr,airport,low,124.48,app,False
o00320,c0519,parcel,2025-03-20 07:14:00,1,central,west,high,97.13,phone,False
o00321,c0016,medical,2024-12-28 06:20:00,4,central,west,medium,97.42,web,False
o00322,c0495,business,2025-03-11 20:17:00,4,ctr,south,high,61.55,app,False
o00323,c0487,retail,2024-11-01 15:13:00,4,south,north,low,22.09,phone,False
o00324,c0019,passenger,2025-08-06 05:30:00,1,south,riverside,high,131.3,app,True
o00325,c0259,passenger,2024-09-30 04:52:00,2,north,south,medium,70.71,web,False
o00326,c0178,passenger,2024-11-03 09:05:00,12,west,west,medium,242.48,web,False
o00327,c0435,retail,2024-12-05 00:31:00,4,north,north,low,90.61,api,False
o00328,c0491,business,2024-09-12 05:20:00,2,east,south,medium,37.78,app,False
o00329,c0278,parcel,2025-11-30 19:38:00,6,central,south,medium,7.02,web,True
o00330,c0172,medical,2025-04-08 06:37:00,1,west,riverside,medium,49.61,web,False
o00331,c0399,parcel,2024-02-23 06:54:00,6,riverside,east,medium,36.77,app,False
o00332,c0110,business,2025-01-04 01:49:00,12,north,riverside,medium,93.33,phone,False
o00333,c0123,medical,2025-03-25 05:27:00,6,east,central,medium,71.97,app,False
o00334,c0500,parcel,2024-05-23 09:43:00,4,riverside,south,high,62.54,api,False
o00335,c0482,passenger,2024-01-26 03:09:00,24,north,airport,high,227.61,api,True
o00336,c0115,retail,2024-01-10 04:58:00,6,west,ctr,critical,108.38,app,False
o00337,c0463,retail,2024-11-05 04:32:00,6,west,airport,critical,68.13,app,True
o00338,c0648,passenger,2024-12-26 03:48:00,6,riverside,riverside,medium,38.31,app,False
o00339,c0301,medical,2024-06-21 14:43:00,2,airport,north,high,238.92,web,False
o00340,c0127,retail,2025-02-10 02:26:00,2,ctr,airport,high,89.8,app,False
o00341,c0026,retail,2024-12-13 20:58:00,4,riverside,east,medium,36.59,app,False
o00342,c0643,passenger,2025-11-12 22:25:00,6,north,south,low,187.9,web,False
o00343,c0184,business,2024-12-09 01:37:00,2,ctr,south,medium,81.36,app,False
o00344,c0594,parcel,2024-08-28 06:50:00,6,central,north,medium,104.62,api,True
o00345,c0337,retail,2025-10-04 22:00:00,6,east,central,high,27.35,phone,False
o00346,c0500,retail,2024-02-08 04:32:00,2,riverside,east,medium,84.74,app,False
o00348,c0372,parcel,2025-03-16 22:06:00,2,north,south,high,58.25,web,False
o00349,c0161,business,2024-01-21 01:57:00,2,north,central,medium,55.21,api,False
o00350,c0197,retail,2024-11-20 02:56:00,4,east,west,high,13.42,app,False
o00351,c0259,parcel,2024-04-22 03:31:00,1,airport,west,medium,20.77,web,True
o00352,c0097,parcel,2024-05-19 16:27:00,4,airport,north,low,271.29,app,False
o00353,c0354,business,2024-01-03 05:14:00,4,west,airport,low,135.85,phone,False
o00354,c0154,parcel,2025-12-02 17:09:00,2,east,riverside,low,78.37,web,False
o00355,c0006,passenger,2025-10-10 23:34:00,4,riverside,riverside,medium,59.47,app,False
o00356,c0430,medical,2025-05-27 03:33:00,4,riverside,airport,medium,64.6,app,False
o00357,c0608,retail,2024-12-28 15:58:00,2,central,south,medium,171.28,phone,False
o00358,c0273,passenger,2024-03-20 11:13:00,4,riverside,central,low,94.51,app,False
o00359,c0048,passenger,2024-08-17 23:04:00,24,east,central,high,134.58,web,False
o00360,c0506,passenger,2024-10-06 22:11:00,1,central,central,high,111.56,app,False
o00361,c0345,business,2024-01-16 08:17:00,1,east,south,low,256.22,app,False
o00362,c0586,medical,2024-03-11 01:12:00,4,central,riverside,high,43.69,phone,False
o00363,c0230,passenger,2025-06-04 01:26:00,4,riverside,south,high,35.91,app,True
o00364,c0354,medical,2025-07-23 11:17:00,12,west,central,critical,114.81,app,False
o00365,c0237,medical,2024-01-11 10:44:00,4,east,west,low,21.18,phone,True
o00366,c0592,business,2024-02-12 20:29:00,24,central,south,high,52.46,app,False
o00367,c0162,passenger,2025-07-11 09:35:00,4,south,north,high,46.71,phone,False
o00368,c0552,business,2024-12-04 22:26:00,4,central,north,high,89.38,app,True
o00369,c0093,business,2024-10-02 12:27:00,6,ctr,riverside,medium,70.75,phone,False
o00370,c0021,parcel,2024-11-21 17:26:00,4,south,south,high,74.04,phone,False
o00371,c0530,business,2025-01-27 04:24:00,4,north,north,medium,73.83,web,True
o00372,c0536,parcel,2025-01-29 13:51:00,2,south,riverside,low,57.99,app,True
o00373,c0372,parcel,2024-05-26 20:00:00,24,north,central,medium,95.4,app,False
o00374,c0343,parcel,2024-09-01 19:32:00,24,north,riverside,medium,93.34,web,False
o00375,c0012,medical,2024-09-17 22:39:00,4,central,east,high,150.39,phone,False
o00376,c0286,passenger,2025-01-21 07:52:00,12,north,west,critical,33.38,api,False
o00377,c0131,retail,2024-07-22 21:07:00,12,airport,east,medium,213.06,app,True
o00378,c0485,retail,2024-03-29 19:50:00,6,north,north,high,172.56,web,True
o00379,c0648,parcel,2024-02-04 22:03:00,4,north,east,medium,52.58,web,False
o00380,c0057,passenger,2025-02-19 22:35:00,6,north,north,low,95.96,app,False
o00381,c0420,parcel,2024-11-28 21:41:00,24,east,west,low,67.67,web,False
o00382,c0463,retail,2025-03-29 17:42:00,6,central,riverside,high,54.18,api,False
o00383,c0442,retail,2024-11-19 14:36:00,4,west,east,critical,109.08,app,False
o00384,c0469,medical,2024-01-01 15:47:00,4,ctr,central,low,12.58,web,False
o00385,c0646,passenger,2025-10-24 15:32:00,4,riverside,riverside,medium,226.69,phone,False
o00386,c0250,medical,2024-12-16 18:34:00,6,central,ctr,medium,95.67,web,False
o00387,c0470,passenger,2025-01-24 07:52:00,1,south,east,high,107.34,phone,False
o00388,c0292,retail,2025-10-06 23:55:00,4,north,riverside,high,66.17,app,False
o00389,c0361,passenger,2025-01-22 11:45:00,4,central,riverside,low,65.05,app,False
o00390,c0150,passenger,2024-03-06 12:33:00,6,north,north,medium,42.46,web,False
o00391,c0541,retail,2024-09-29 19:42:00,1,west,riverside,high,12.76,api,False
o00392,c0356,retail,2025-11-24 10:04:00,6,east,riverside,medium,73.04,app,False
o00393,c0573,parcel,2025-10-05 17:42:00,4,central,east,low,64.93,web,False
o00394,c0479,retail,2024-08-16 19:48:00,12,airport,west,medium,71.08,app,True
o00395,c0060,passenger,2024-09-28 08:58:00,1,west,east,medium,20.16,web,False
o00396,c0475,retail,2025-04-29 23:22:00,12,central,east,medium,63.67,app,False
o00397,c0417,parcel,2025-06-18 18:30:00,12,airport,south,medium,42.94,app,True
o00398,c0382,business,2025-08-07 07:09:00,4,east,airport,medium,56.33,app,False
o00399,c0644,parcel,2024-03-08 16:23:00,4,central,airport,low,30.74,app,False
o00400,c0426,retail,2025-06-20 06:33:00,6,north,east,high,145.15,web,True
o00401,c0252,medical,2024-06-22 11:15:00,24,east,airport,low,28.61,web,False
o00402,c0104,retail,2025-11-20 05:09:00,4,west,east,medium,121.87,app,True
o00403,c0573,business,2025-11-08 14:11:00,4,riverside,airport,critical,44.48,api,True
o00404,c0139,passenger,2025-10-17 20:55:00,1,south,airport,medium,213.39,phone,False
o00405,c0055,business,2024-02-14 10:24:00,6,ctr,riverside,critical,142.88,app,False
o00406,c0631,retail,2025-01-05 13:07:00,2,airport,riverside,critical,59.17,app,False
o00407,c0575,medical,2025-02-23 04:44:00,12,west,ctr,high,189.02,web,False
o00408,c0446,parcel,2024-09-14 12:06:00,24,north,west,high,58.75,app,False
o00409,c0065,passenger,2025-01-08 11:42:00,6,south,north,medium,38.48,app,False
o00410,c0174,medical,2025-06-19 16:19:00,1,east,west,medium,39.34,phone,True
o00411,c0497,business,2025-04-08 21:05:00,4,central,central,medium,71.11,app,False
o00412,c0601,passenger,2024-10-08 12:18:00,6,north,airport,critical,54.76,app,False
o00413,c0183,passenger,2025-04-01 22:07:00,4,airport,north,low,35.52,app,False
o00414,c0023,parcel,2025-04-05 20:30:00,6,south,west,medium,283.98,app,False
o00415,c0591,retail,2024-06-27 16:09:00,4,ctr,riverside,medium,19.76,app,False
o00416,c0552,medical,2024-01-07 21:08:00,2,airport,airport,high,26.83,app,False
o00418,c0467,passenger,2025-11-07 07:39:00,12,riverside,south,critical,46.83,web,False
o00419,c0013,retail,2025-01-14 16:21:00,24,west,east,medium,187.6,app,False
o00420,c0506,business,2025-01-25 08:01:00,4,riverside,east,low,40.04,phone,False
o00421,c0599,parcel,2025-07-23 06:00:00,24,riverside,east,medium,37.25,app,False
o00422,c0034,passenger,2025-08-07 08:03:00,6,central,west,medium,15.05,app,False
o00423,c0403,passenger,2025-08-27 05:19:00,2,south,riverside,high,189.36,phone,False
o00424,c0563,business,2025-07-11 08:58:00,12,riverside,west,medium,43.18,app,False
o00425,c0550,passenger,2024-11-27 08:15:00,4,airport,east,high,78.8,web,False
o00426,c0383,business,2024-09-28 14:05:00,2,riverside,riverside,low,82.0,web,False
o00427,c0151,parcel,2025-06-21 20:31:00,1,ctr,west,medium,166.06,app,False
o00428,c0275,medical,2024-03-31 06:08:00,1,west,airport,high,72.42,web,False
o00429,c0466,passenger,2025-03-09 09:39:00,1,riverside,south,medium,20.27,app,False
o00430,c0029,retail,2025-01-15 01:45:00,12,central,south,medium,40.49,api,False
o00431,c0425,retail,2025-03-29 12:23:00,4,south,riverside,medium,24.45,app,False
o00432,c0648,retail,2024-02-12 22:48:00,4,central,west,high,158.21,web,False
o00433,c0633,retail,2024-10-29 13:27:00,12,ctr,central,medium,85.59,phone,False
o00434,c0500,parcel,2025-10-25 19:51:00,1,airport,riverside,high,45.89,app,False
o00435,c0102,retail,2024-09-19 11:15:00,4,south,ctr,medium,47.28,phone,True
o00436,c0218,medical,2025-01-29 18:08:00,1,airport,north,critical,56.57,web,False
o00437,c0618,retail,2025-09-25 06:54:00,4,airport,riverside,medium,98.88,app,False
o00438,c0491,business,2025-12-29 18:23:00,4,north,west,low,27.39,phone,False
o00439,c0577,medical,2024-03-05 21:13:00,1,north,ctr,high,53.87,web,False
o00440,c0032,passenger,2024-12-03 02:05:00,12,east,east,high,56.81,app,False
o00441,c0509,passenger,2025-04-01 12:25:00,12,east,central,critical,77.58,app,False
o00442,c0080,business,2025-06-22 13:31:00,4,ctr,west,high,81.32,api,True
o00443,c0378,parcel,2025-10-20 00:06:00,12,north,riverside,medium,63.8,app,True
o00444,c0319,retail,2025-08-30 18:29:00,4,west,airport,medium,23.99,phone,False
o00445,c0054,passenger,2025-04-18 22:53:00,2,south,riverside,high,68.98,app,False
o00446,c0172,passenger,2025-03-22 13:30:00,12,airport,east,medium,233.36,web,False
o00447,c0082,retail,2024-06-29 02:28:00,1,west,east,medium,24.57,phone,False
o00448,c0487,medical,2025-02-11 15:08:00,4,central,north,low,68.78,web,False
o00449,c0544,passenger,2025-06-08 00:42:00,2,north,airport,low,102.53,app,False
o00450,c0527,retail,2024-08-25 23:12:00,2,riverside,riverside,low,31.33,app,False
o00451,c0012,retail,2025-02-15 17:02:00,12,east,riverside,critical,97.23,phone,False
o00452,c0583,passenger,2025-11-27 09:35:00,2,central,central,medium,56.63,phone,True
o00453,c0224,retail,2024-12-04 12:49:00,6,south,west,medium,27.48,phone,False
o00454,c0251,medical,2025-04-15 03:05:00,12,west,north,medium,51.66,app,False
o00455,c0178,passenger,2024-08-14 02:36:00,6,airport,airport,high,144.79,app,False
o00456,c0124,parcel,2024-01-16 03:31:00,2,east,riverside,high,87.85,app,False
o00457,c0396,parcel,2024-03-31 06:36:00,12,east,east,medium,123.49,app,False
o00458,c0546,parcel,2025-04-10 01:52:00,12,ctr,east,high,87.24,api,False
o00459,c0478,retail,2025-11-28 06:45:00,24,south,south,low,203.99,app,False
o00460,c0097,passenger,2024-12-09 15:55:00,4,central,north,low,72.35,web,False
o00461,c0153,passenger,2024-02-26 17:44:00,4,west,east,critical,55.94,web,False
o00462,c0381,parcel,2025-03-03 18:08:00,6,riverside,east,medium,55.77,app,False
o00463,c0370,medical,2025-02-20 01:55:00,2,east,central,low,96.83,app,False
o00464,c0063,parcel,2025-10-03 04:20:00,2,south,east,critical,51.61,phone,False
o00465,c0149,medical,2024-12-08 06:33:00,2,east,north,low,20.53,app,False
o00466,c0028,business,2024-01-07 05:34:00,6,west,airport,high,88.87,web,False
o00467,c0612,passenger,2024-10-08 16:16:00,2,north,south,high,193.9,web,False
o00468,c0062,retail,2024-03-29 10:24:00,2,east,south,medium,22.82,app,False
o00469,c0186,parcel,2024-09-18 21:54:00,4,east,east,low,92.55,app,False
o00470,c0265,business,2024-11-01 17:25:00,12,east,east,low,131.93,web,False
o00471,c0346,passenger,2025-06-07 13:43:00,6,east,airport,medium,69.38,web,False
o00472,c0636,parcel,2024-02-22 09:19:00,4,south,riverside,medium,287.3,web,False
o00473,c0266,medical,2024-09-11 12:51:00,2,east,airport,high,40.6,app,True
o00474,c0029,medical,2025-03-22 17:16:00,2,airport,central,medium,283.42,phone,False
o00475,c0498,passenger,2024-11-08 06:08:00,24,central,west,high,156.78,app,False
o00476,c0078,passenger,2024-02-23 06:34:00,24,west,east,low,89.17,app,False
o00477,c0441,passenger,2025-10-29 11:59:00,2,west,central,medium,189.25,phone,False
o00478,c0521,medical,2025-04-20 21:31:00,2,west,south,critical,160.09,app,False
o00479,c0226,retail,2025-12-27 18:09:00,12,central,north,low,87.76,app,False
o00480,c0088,passenger,2025-01-09 10:12:00,6,east,west,low,51.54,phone,False
o00481,c0010,retail,2025-04-12 22:35:00,1,south,west,medium,10.74,api,True
o00482,c0268,retail,2025-11-10 01:46:00,6,east,west,medium,114.62,phone,False
o00483,c0285,business,2024-11-17 00:34:00,1,riverside,north,medium,117.11,phone,False
o00484,c0152,parcel,2024-03-10 13:36:00,24,east,riverside,critical,134.61,app,False
o00485,c0168,passenger,2024-11-27 01:17:00,1,north,ctr,high,95.19,api,False
o00486,c0316,retail,2024-08-12 14:18:00,2,central,north,high,50.89,app,False
o00487,c0263,passenger,2024-07-24 22:13:00,4,riverside,west,medium,57.27,phone,False
o00488,c0050,medical,2025-08-29 19:29:00,4,north,south,low,111.27,phone,False
o00489,c0483,medical,2025-02-19 23:28:00,24,central,east,medium,41.11,web,True
o00490,c0562,retail,2024-07-27 06:03:00,4,north,south,low,73.56,app,False
o00491,c0460,business,2024-07-03 13:54:00,1,south,west,critical,41.62,app,True
o00492,c0243,retail,2025-10-16 03:03:00,6,west,south,critical,70.04,app,False
o00493,c0370,parcel,2024-05-20 02:52:00,6,east,north,critical,55.91,web,False
o00494,c0304,parcel,2025-09-02 15:11:00,1,east,airport,medium,50.08,app,False
o00495,c0590,passenger,2024-01-15 23:35:00,6,east,south,low,133.15,app,False
o00496,c0627,passenger,2024-06-17 15:14:00,4,south,airport,critical,117.66,app,False
o00497,c0631,medical,2025-11-21 23:43:00,12,south,ctr,low,169.24,app,False
o00498,c0081,retail,2024-10-28 06:34:00,4,south,ctr,medium,68.95,web,False
o00499,c0198,passenger,2024-06-11 04:49:00,4,east,central,medium,62.77,phone,False
o00500,c0131,retail,2024-07-30 16:06:00,12,north,west,low,64.83,app,False
o00501,c0547,retail,2025-04-21 03:12:00,1,ctr,east,low,36.69,web,True
o00502,c0169,parcel,2024-04-03 01:26:00,4,riverside,south,medium,61.9,app,False
o00503,c0242,passenger,2024-08-17 21:53:00,6,central,riverside,low,41.14,web,False
o00504,c0362,parcel,2024-09-20 22:57:00,2,ctr,east,low,47.18,app,False
o00505,c0319,retail,2025-03-29 21:27:00,12,airport,west,high,84.65,web,False
o00506,c0603,retail,2024-06-07 01:59:00,6,east,east,medium,33.03,phone,False
o00507,c0484,parcel,2025-12-13 04:02:00,4,south,west,medium,62.89,app,False
o00508,c0584,parcel,2024-06-12 14:18:00,24,north,central,medium,68.61,phone,False
o00509,c0535,retail,2024-08-26 18:51:00,1,east,central,medium,160.38,phone,False
o00511,c0119,parcel,2024-06-06 09:58:00,24,west,west,high,150.89,api,False
o00512,c0242,parcel,2024-09-21 10:35:00,4,north,central,critical,10.74,app,False
o00513,c0202,passenger,2024-08-07 04:51:00,4,west,south,high,111.28,phone,True
o00514,c0280,passenger,2025-11-12 07:25:00,2,east,central,low,126.79,phone,False
o00515,c0578,retail,2024-02-03 10:24:00,6,north,north,medium,65.74,phone,False
o00516,c0473,passenger,2024-06-08 20:18:00,2,south,east,medium,117.13,app,False
o00517,c0015,medical,2024-08-16 20:34:00,4,south,west,low,49.24,app,False
o00518,c0112,medical,2025-12-11 02:12:00,12,north,east,high,61.85,web,False
o00519,c0437,passenger,2025-04-20 04:46:00,2,south,riverside,low,47.89,phone,False
o00520,c0539,passenger,2024-07-07 13:21:00,2,central,airport,low,36.42,app,False
o00521,c0109,parcel,2025-11-26 12:07:00,1,airport,south,high,76.48,web,False
o00522,c0594,passenger,2024-02-09 11:07:00,24,riverside,central,medium,152.25,phone,False
o00523,c0181,medical,2025-11-04 06:41:00,6,airport,airport,low,82.31,web,True
o00524,c0052,passenger,2025-06-20 16:04:00,4,airport,riverside,medium,40.41,app,True
o00525,c0223,parcel,2024-10-24 15:22:00,1,south,airport,high,29.46,app,False
o00526,c0630,parcel,2024-01-19 15:56:00,4,airport,west,low,69.63,app,False
o00527,c0203,parcel,2024-04-05 06:31:00,6,south,airport,medium,65.29,app,True
o00528,c0152,passenger,2024-10-13 09:38:00,12,central,ctr,medium,126.48,app,False
o00529,c0422,retail,2025-08-20 17:48:00,4,east,airport,medium,355.62,app,False
o00530,c0618,medical,2024-03-31 06:08:00,4,airport,north,low,45.66,app,True
o00531,c0013,business,2025-04-26 08:49:00,24,airport,airport,high,157.07,app,False
o00532,c0527,retail,2024-08-20 18:59:00,2,riverside,ctr,low,55.72,phone,False
o00533,c0338,retail,2024-11-03 01:37:00,4,ctr,north,medium,74.26,app,False
o00534,c0159,parcel,2025-09-05 03:00:00,2,airport,ctr,critical,188.05,app,True
o00535,c0093,retail,2024-12-18 06:09:00,6,riverside,riverside,medium,24.09,app,False
o00536,c0372,medical,2025-11-03 09:03:00,12,west,central,low,204.12,web,True
o00537,c0153,business,2024-06-25 10:22:00,6,central,ctr,medium,50.23,web,True
o00538,c0377,business,2025-04-05 15:15:00,1,west,ctr,high,50.6,app,False
o00539,c0098,business,2024-12-03 23:23:00,6,ctr,east,high,167.91,app,False
o00540,c0232,retail,2024-07-02 03:50:00,4,east,west,high,142.72,web,False
o00541,c0272,retail,2024-11-01 02:46:00,4,west,east,low,126.42,app,False
o00542,c0504,passenger,2025-07-26 14:06:00,4,central,east,low,76.58,app,True
o00543,c0468,passenger,2025-07-18 03:50:00,4,airport,riverside,medium,68.06,app,False
o00544,c0212,retail,2024-06-14 19:25:00,24,central,west,low,53.15,phone,False
o00545,c0211,parcel,2025-04-17 01:02:00,24,central,north,low,100.18,web,False
o00546,c0242,business,2024-02-10 16:37:00,24,riverside,south,high,51.06,api,True
o00547,c0640,retail,2024-04-09 13:41:00,24,central,south,high,43.73,app,False
o00548,c0105,passenger,2025-12-14 04:26:00,2,airport,east,medium,34.87,phone,False
o00549,c0119,business,2025-08-14 11:04:00,6,east,west,medium,86.89,phone,False
o00550,c0502,business,2025-01-18 23:42:00,24,central,riverside,medium,64.79,web,True
o00551,c0317,retail,2024-06-16 11:10:00,6,ctr,east,high,82.67,phone,False
o00552,c0341,passenger,2025-11-09 02:21:00,4,riverside,south,low,76.7,app,False
o00553,c0408,retail,2024-01-06 20:55:00,6,north,riverside,high,32.16,app,False
o00554,c0117,medical,2025-05-06 09:09:00,2,airport,riverside,high,129.89,app,False
o00555,c0233,retail,2024-09-24 03:06:00,6,west,south,medium,234.04,app,False
o00556,c0643,business,2024-09-01 03:09:00,2,riverside,airport,medium,101.94,app,True
o00557,c0079,passenger,2025-05-23 08:34:00,24,riverside,riverside,low,176.32,web,False
o00558,c0057,parcel,2025-07-08 03:20:00,1,riverside,central,critical,99.68,app,False
o00559,c0167,business,2025-04-24 07:10:00,12,north,east,medium,107.27,phone,False
o00560,c0260,passenger,2025-08-05 17:02:00,6,riverside,east,medium,62.52,web,True
o00561,c0595,retail,2025-06-02 08:23:00,4,central,airport,high,86.87,app,False
o00563,c0284,parcel,2025-07-22 06:08:00,6,airport,riverside,low,40.2,web,False
o00564,c0535,retail,2024-09-02 23:55:00,12,north,ctr,medium,59.68,app,False
o00565,c0600,parcel,2025-07-01 16:15:00,1,north,south,low,155.2,phone,False
o00566,c0455,parcel,2024-04-07 00:06:00,6,ctr,central,medium,97.68,phone,False
o00567,c0144,retail,2024-02-24 15:50:00,24,south,riverside,low,33.6,phone,False
o00568,c0412,passenger,2025-12-19 18:13:00,6,central,riverside,medium,119.95,phone,False
o00569,c0467,parcel,2025-12-06 23:14:00,6,central,airport,critical,104.77,app,False
o00570,c0379,parcel,2024-03-30 05:09:00,2,riverside,riverside,medium,56.89,phone,False
o00571,c0213,passenger,2024-09-27 00:27:00,24,central,riverside,medium,64.21,web,False
o00572,c0202,parcel,2025-02-06 19:33:00,4,west,riverside,high,134.79,app,True
o00573,c0269,retail,2024-04-22 09:36:00,4,central,central,high,150.38,app,False
o00574,c0110,retail,2024-05-03 02:42:00,6,riverside,north,medium,59.99,app,False
o00575,c0179,retail,2025-08-15 06:14:00,12,riverside,riverside,medium,30.5,phone,False
o00576,c0393,retail,2024-09-06 19:49:00,6,south,south,medium,113.92,app,False
o00577,c0641,parcel,2025-06-09 22:52:00,2,airport,east,high,16.62,phone,True
o00578,c0639,retail,2024-03-04 07:04:00,4,ctr,central,high,18.53,app,False
o00579,c0624,medical,2025-09-05 10:06:00,4,airport,south,low,24.91,phone,False
o00580,c0461,retail,2024-02-12 06:39:00,1,west,riverside,critical,78.71,app,False
o00581,c0495,passenger,2025-12-09 05:52:00,12,north,south,low,138.33,app,False
o00582,c0275,parcel,2024-11-06 10:05:00,2,south,central,medium,48.36,phone,False
o00583,c0469,retail,2025-04-17 18:58:00,6,south,riverside,medium,89.45,web,True
o00584,c0377,retail,2024-07-06 00:20:00,6,airport,west,medium,137.29,app,False
o00585,c0160,medical,2025-02-25 13:02:00,1,south,riverside,medium,215.96,web,True
o00587,c0113,retail,2025-06-07 21:10:00,4,east,airport,high,115.16,web,False
o00588,c0515,passenger,2024-06-03 11:49:00,4,airport,airport,low,236.46,web,False
o00589,c0344,parcel,2024-05-23 06:12:00,6,riverside,central,high,81.6,phone,False
o00590,c0386,parcel,2024-08-12 21:21:00,2,north,north,medium,20.52,phone,False
o00591,c0228,passenger,2025-12-26 02:00:00,4,north,riverside,medium,15.8,app,True
o00592,c0563,business,2025-05-06 01:31:00,2,riverside,east,low,220.79,phone,False
o00593,c0406,passenger,2025-06-22 10:58:00,1,central,riverside,high,63.86,phone,False
o00594,c0116,retail,2024-03-11 19:40:00,4,central,east,medium,149.86,app,True
o00595,c0377,business,2024-03-05 06:55:00,12,south,airport,medium,71.08,app,True
o00596,c0394,parcel,2025-10-02 01:54:00,12,south,east,low,119.64,app,False
o00597,c0238,parcel,2025-01-09 13:05:00,6,north,north,high,169.18,app,False
o00598,c0621,retail,2025-10-28 22:22:00,24,riverside,ctr,medium,201.88,app,False
o00599,c0077,passenger,2025-08-19 05:51:00,1,south,east,medium,179.87,app,False
o00600,c0476,parcel,2025-05-19 21:49:00,24,airport,north,low,235.8,app,False
o00601,c0335,retail,2025-05-23 04:16:00,6,north,south,low,49.24,phone,False
o00602,c0257,passenger,2025-12-11 09:57:00,6,ctr,airport,medium,127.09,web,False
o00603,c0351,parcel,2024-02-24 23:29:00,24,west,riverside,medium,66.39,app,False
o00604,c0584,passenger,2025-11-27 18:10:00,4,ctr,airport,medium,65.15,web,False
o00605,c0585,medical,2025-03-21 12:52:00,1,riverside,airport,low,47.71,web,True
o00606,c0050,medical,2025-10-17 16:19:00,1,central,west,high,37.75,web,False
o00607,c0576,parcel,2025-08-30 17:41:00,12,west,west,low,219.79,app,True
o00608,c0394,medical,2025-10-09 03:04:00,4,west,east,high,71.8,web,False
o00609,c0621,parcel,2024-09-15 07:15:00,12,east,east,low,71.86,app,False
o00610,c0635,passenger,2024-07-21 18:29:00,24,south,riverside,medium,169.63,api,False
o00611,c0374,retail,2025-07-29 07:56:00,2,west,west,low,132.01,app,False
o00612,c0169,retail,2025-05-19 18:58:00,4,west,east,critical,60.06,phone,False
o00613,c0650,retail,2025-12-02 22:03:00,4,airport,central,low,84.48,app,False
o00614,c0393,passenger,2025-02-05 21:50:00,2,west,riverside,medium,259.73,app,False
o00615,c0295,parcel,2025-02-08 20:43:00,1,west,west,high,44.37,app,False
o00616,c0114,retail,2024-12-16 12:25:00,6,east,ctr,medium,50.57,phone,False
o00617,c0352,medical,2024-03-30 07:41:00,1,central,riverside,medium,77.56,web,False
o00618,c0581,parcel,2025-11-19 10:42:00,12,central,south,medium,41.64,app,False
o00619,c0268,retail,2025-09-01 13:50:00,1,central,north,medium,86.7,app,False
o00620,c0467,retail,2024-11-08 00:19:00,2,south,west,low,27.57,app,False
o00621,c0026,parcel,2025-05-15 19:01:00,12,airport,airport,medium,103.8,app,False
o00622,c0439,passenger,2024-04-23 15:26:00,24,central,central,high,48.84,phone,False
o00623,c0361,business,2025-02-24 19:19:00,24,airport,south,high,193.96,web,False
o00624,c0117,passenger,2025-04-13 04:21:00,24,west,ctr,medium,25.82,web,False
o00625,c0376,business,2025-07-12 06:05:00,24,west,south,medium,77.48,phone,True
o00626,c0072,parcel,2024-12-28 12:54:00,4,north,north,medium,24.6,web,True
o00627,c0114,parcel,2025-04-22 19:02:00,6,central,central,medium,67.07,web,True
o00628,c0056,passenger,2024-10-26 10:05:00,12,riverside,north,medium,52.85,app,True
o00629,c0368,retail,2024-10-04 05:44:00,6,riverside,south,low,55.3,app,True
o00630,c0369,retail,2025-03-28 13:42:00,2,central,ctr,low,86.61,app,False
o00631,c0574,business,2025-07-05 07:07:00,2,south,riverside,low,47.21,app,False
o00632,c0611,passenger,2024-08-09 21:40:00,1,central,central,high,33.21,web,True
o00633,c0235,passenger,2024-02-12 12:52:00,2,airport,central,low,79.57,app,False
o00634,c0536,parcel,2024-07-07 12:17:00,4,east,south,medium,171.58,app,False
o00635,c0314,parcel,2024-12-06 04:23:00,2,central,north,low,73.66,app,False
o00636,c0208,medical,2024-06-20 07:22:00,4,west,north,medium,134.63,app,True
o00637,c0304,passenger,2025-09-16 12:19:00,2,north,south,critical,89.63,phone,False
o00638,c0257,passenger,2025-05-26 10:56:00,6,west,west,medium,54.63,app,False
o00639,c0480,medical,2025-06-02 19:12:00,2,central,north,medium,141.93,web,False
o00640,c0102,passenger,2024-06-15 12:33:00,12,airport,west,medium,72.31,api,True
o00641,c0403,parcel,2024-01-10 00:54:00,24,north,airport,high,119.0,phone,False
o00643,c0349,parcel,2025-04-10 18:51:00,1,airport,riverside,low,181.69,web,True
o00644,c0084,business,2025-11-03 08:47:00,6,east,airport,high,6.28,app,False
o00645,c0517,passenger,2024-12-26 21:06:00,6,south,central,medium,82.91,api,False
o00646,c0518,retail,2025-07-19 23:55:00,2,east,south,medium,63.73,app,True
o00647,c0592,passenger,2025-06-10 21:24:00,12,west,airport,high,109.87,app,False
o00648,c0032,passenger,2024-05-18 08:42:00,2,west,south,medium,52.97,app,False
o00649,c0361,parcel,2025-03-02 02:32:00,4,east,riverside,low,30.88,app,False
o00650,c0206,parcel,2025-09-30 10:28:00,6,riverside,airport,low,39.65,app,False
o00651,c0345,parcel,2024-09-29 09:23:00,6,south,south,high,7.14,app,False
o00652,c0331,retail,2024-11-08 21:45:00,4,south,west,medium,35.54,app,False
o00653,c0397,retail,2025-10-09 21:24:00,12,riverside,south,medium,36.56,app,False
o00654,c0617,parcel,2025-06-18 21:03:00,24,ctr,airport,high,47.22,app,False
o00655,c0590,passenger,2025-11-01 15:31:00,4,south,east,low,52.51,phone,False
o00656,c0211,parcel,2025-01-07 22:01:00,6,west,north,high,82.24,web,False
o00657,c0135,passenger,2024-02-28 21:07:00,6,south,central,low,155.89,app,False
o00658,c0533,retail,2025-07-24 12:28:00,12,north,north,medium,68.43,app,False
o00659,c0002,retail,2024-11-14 16:57:00,12,south,north,low,135.53,api,False
o00660,c0288,passenger,2024-06-04 23:38:00,4,central,airport,high,27.65,web,True
o00661,c0241,retail,2025-04-14 01:20:00,4,ctr,riverside,high,97.98,phone,False
o00662,c0117,parcel,2025-05-09 04:00:00,12,south,airport,high,30.01,web,False
o00663,c0380,retail,2024-10-04 04:12:00,2,east,east,low,75.21,app,True
o00664,c0584,passenger,2025-08-24 18:32:00,4,airport,west,medium,176.19,app,False
o00665,c0522,passenger,2024-02-17 12:11:00,4,west,central,low,176.48,app,True
o00666,c0001,parcel,2025-08-26 20:17:00,24,airport,central,low,185.32,app,False
o00667,c0392,passenger,2025-10-04 07:18:00,2,east,west,medium,68.27,web,True
o00668,c0649,parcel,2025-07-11 00:26:00,6,airport,north,medium,135.89,app,False
o00669,c0529,parcel,2025-07-15 13:41:00,12,north,east,critical,80.79,app,False
o00670,c0305,retail,2024-03-27 21:40:00,4,south,west,high,128.5,app,True
o00671,c0111,retail,2025-01-24 15:45:00,1,north,north,medium,118.56,phone,False
o00672,c0567,retail,2025-01-03 22:57:00,24,airport,riverside,high,20.28,web,False
o00673,c0579,passenger,2024-10-11 10:10:00,24,west,west,high,133.78,phone,False
o00674,c0235,passenger,2025-08-11 15:52:00,2,central,east,medium,65.56,web,False
o00675,c0445,business,2024-02-19 17:22:00,24,riverside,north,low,47.44,app,False
o00676,c0494,business,2024-05-23 06:33:00,2,south,west,low,110.61,app,False
o00677,c0519,passenger,2024-03-04 05:19:00,4,east,west,high,79.31,web,False
o00678,c0197,business,2025-06-17 05:43:00,12,airport,airport,low,14.72,app,True
o00679,c0244,medical,2024-11-15 01:37:00,24,west,south,high,74.53,web,False
o00680,c0412,passenger,2024-10-31 12:49:00,2,ctr,west,high,56.97,web,False
o00681,c0438,parcel,2025-01-03 22:11:00,24,south,east,medium,47.11,phone,False
o00682,c0529,retail,2024-10-05 09:57:00,2,north,ctr,low,97.9,phone,False
o00684,c0064,parcel,2024-11-24 14:25:00,24,central,airport,high,81.01,app,False
o00685,c0010,business,2024-04-21 21:16:00,6,west,west,low,107.85,phone,False
o00686,c0476,retail,2025-01-05 12:20:00,6,east,south,medium,72.67,web,False
o00687,c0253,passenger,2025-01-29 15:17:00,4,central,airport,medium,221.31,app,False
o00688,c0332,passenger,2024-04-25 06:59:00,6,north,west,high,38.09,phone,False
o00689,c0349,passenger,2025-09-29 14:32:00,4,riverside,riverside,medium,6.04,app,True
o00690,c0013,retail,2025-02-22 20:10:00,4,airport,north,high,159.46,app,False
o00691,c0532,retail,2024-11-18 01:09:00,12,north,east,high,231.13,app,False
o00692,c0223,parcel,2024-10-12 17:30:00,4,east,east,medium,73.56,web,False
o00693,c0199,retail,2025-11-08 17:54:00,2,airport,airport,medium,115.09,app,False
o00694,c0380,passenger,2025-11-17 13:48:00,6,ctr,riverside,medium,307.5,web,False
o00695,c0006,passenger,2024-03-19 08:25:00,6,south,east,low,92.36,app,False
o00696,c0090,passenger,2025-01-06 22:58:00,1,central,riverside,medium,67.44,app,False
o00697,c0454,medical,2025-02-09 16:51:00,6,east,west,medium,7.69,api,False
o00698,c0550,medical,2024-10-22 20:07:00,2,south,central,high,179.24,app,False
o00699,c0310,medical,2024-09-22 14:49:00,12,south,riverside,medium,202.46,web,False
o00700,c0443,passenger,2024-01-13 01:34:00,4,west,west,medium,110.49,phone,False
o00701,c0021,parcel,2025-12-15 18:19:00,4,east,riverside,medium,19.97,app,False
o00702,c0228,retail,2024-12-28 19:23:00,4,east,riverside,critical,77.66,app,False
o00703,c0493,medical,2024-09-28 07:56:00,6,airport,north,medium,250.93,phone,False
o00704,c0031,retail,2024-03-12 17:06:00,4,north,north,high,141.29,phone,False
o00705,c0013,parcel,2025-09-09 21:53:00,6,north,riverside,high,118.52,app,False
o00706,c0243,retail,2025-02-26 22:07:00,2,riverside,south,low,39.03,api,True
o00707,c0156,parcel,2024-11-10 05:41:00,4,central,east,medium,95.62,app,False
o00708,c0058,parcel,2024-06-29 23:40:00,4,west,west,low,108.04,phone,False
o00709,c0369,medical,2025-12-09 03:49:00,12,north,airport,critical,49.66,app,False
o00710,c0322,passenger,2025-02-17 12:53:00,6,south,south,low,91.43,web,False
o00711,c0412,passenger,2024-12-15 12:25:00,2,south,south,high,69.11,web,False
o00712,c0512,passenger,2025-05-26 10:22:00,2,north,west,high,105.64,phone,True
o00713,c0316,medical,2024-07-09 22:55:00,6,south,north,low,48.38,phone,False
o00714,c0456,passenger,2024-05-26 17:47:00,24,south,north,low,187.87,app,False
o00715,c0477,medical,2025-06-17 13:42:00,6,riverside,north,critical,125.92,app,False
o00716,c0072,passenger,2024-10-22 04:13:00,6,east,north,medium,5.92,app,False
o00717,c0508,retail,2024-12-12 21:04:00,4,east,south,low,72.1,web,False
o00718,c0533,passenger,2025-02-27 02:32:00,2,west,airport,low,144.45,phone,False
o00719,c0395,passenger,2024-01-04 18:42:00,2,west,central,low,11.54,web,False
o00720,c0140,business,2024-08-29 18:27:00,2,airport,airport,high,111.88,app,False
o00721,c0001,retail,2025-02-17 06:36:00,24,east,ctr,medium,70.79,app,True
o00722,c0523,business,2024-10-07 21:50:00,12,central,central,medium,72.65,phone,False
o00723,c0075,passenger,2024-05-15 04:14:00,1,north,central,low,94.32,app,False
o00724,c0317,passenger,2025-11-18 07:32:00,4,airport,north,low,98.05,app,False
o00725,c0153,passenger,2024-05-07 09:57:00,12,east,west,medium,61.87,app,False
o00726,c0284,retail,2024-02-04 23:52:00,4,airport,airport,medium,59.57,web,False
o00727,c0499,business,2025-10-26 12:56:00,2,south,south,medium,85.0,app,False
o00728,c0610,parcel,2024-10-21 04:41:00,24,south,riverside,low,50.95,app,False
o00729,c0574,parcel,2025-12-22 22:24:00,6,east,east,medium,51.28,app,False
o00730,c0353,retail,2025-09-19 08:45:00,1,east,east,high,112.07,api,False
o00731,c0014,passenger,2024-03-09 19:38:00,2,east,central,high,38.48,web,False
o00732,c0579,passenger,2025-06-05 08:38:00,4,east,central,medium,165.97,phone,False
o00733,c0609,passenger,2024-08-06 07:19:00,6,airport,west,medium,161.44,phone,False
o00734,c0087,retail,2024-04-06 11:43:00,12,east,east,medium,166.21,app,True
o00735,c0602,retail,2025-08-05 02:23:00,4,central,north,high,35.89,app,False
o00736,c0390,parcel,2024-01-24 22:33:00,12,central,east,medium,78.13,app,False
o00737,c0368,retail,2024-03-14 03:53:00,2,central,central,medium,117.82,web,True
o00738,c0354,retail,2024-11-28 06:00:00,2,airport,west,high,66.54,app,True
o00739,c0144,passenger,2025-04-13 20:48:00,12,south,north,low,76.04,phone,False
o00740,c0151,medical,2024-05-22 14:17:00,4,east,east,medium,67.9,web,True
o00741,c0552,retail,2025-05-30 01:28:00,6,airport,north,low,72.44,app,True
o00742,c0017,passenger,2025-08-27 17:38:00,12,airport,west,critical,45.26,app,False
o00743,c0166,retail,2024-02-03 01:34:00,2,east,south,medium,92.51,web,False
o00744,c0146,retail,2025-04-23 03:30:00,6,east,riverside,low,33.49,api,True
o00745,c0442,passenger,2024-08-17 09:40:00,24,south,airport,medium,46.93,app,False
o00746,c0014,medical,2024-12-14 10:33:00,1,north,riverside,low,73.76,web,False
o00747,c0264,retail,2025-08-05 07:13:00,2,east,south,medium,122.21,app,False
o00748,c0412,parcel,2025-07-23 06:18:00,24,west,south,low,41.63,api,False
o00749,c0196,retail,2025-08-14 17:45:00,6,east,riverside,low,47.61,app,False
o00750,c0368,retail,2024-02-01 07:49:00,6,north,south,low,62.8,phone,True
o00751,c0282,business,2024-06-26 00:51:00,4,north,west,medium,152.61,phone,False
o00752,c0628,retail,2025-05-31 08:27:00,2,riverside,central,medium,119.26,web,False
o00753,c0369,parcel,2025-01-18 02:40:00,2,airport,riverside,high,176.31,web,False
o00754,c0479,parcel,2024-10-07 23:05:00,4,central,airport,medium,65.19,app,False
o00755,c0014,passenger,2025-08-21 03:25:00,6,south,south,high,25.11,app,False
o00756,c0413,retail,2025-02-03 16:37:00,24,airport,north,medium,83.09,app,True
o00757,c0466,passenger,2025-02-22 07:42:00,12,east,south,medium,81.59,web,False
o00758,c0359,parcel,2024-02-26 11:34:00,6,east,west,low,144.81,phone,False
o00759,c0556,passenger,2024-12-03 21:16:00,1,central,north,medium,22.3,app,False
o00760,c0051,medical,2024-03-14 20:30:00,24,south,west,low,108.03,api,False
o00761,c0237,passenger,2025-08-12 04:27:00,12,north,east,low,109.93,app,False
o00762,c0118,retail,2025-04-09 21:56:00,4,east,south,medium,21.57,app,False
o00763,c0020,retail,2025-12-26 19:29:00,4,east,airport,low,154.35,api,False
o00764,c0452,retail,2024-07-14 10:39:00,2,north,west,medium,72.77,app,False
o00765,c0187,retail,2024-07-13 03:25:00,12,ctr,west,medium,60.26,app,True
o00766,c0118,parcel,2024-06-18 09:48:00,2,east,south,low,79.18,phone,False
o00767,c0107,business,2024-07-17 02:47:00,6,riverside,west,medium,57.81,web,False
o00768,c0606,retail,2025-06-12 00:28:00,4,central,west,medium,69.17,app,False
o00769,c0559,retail,2024-07-21 22:47:00,4,south,central,high,189.0,api,False
o00770,c0096,retail,2024-07-20 08:12:00,2,south,west,medium,68.11,app,False
o00771,c0208,passenger,2025-07-27 22:53:00,6,east,west,high,32.94,app,False
o00772,c0103,parcel,2024-10-30 23:50:00,24,east,north,high,152.15,app,False
o00773,c0172,parcel,2024-01-24 23:46:00,4,north,south,medium,114.02,app,False
o00774,c0639,parcel,2025-09-19 23:01:00,12,ctr,north,high,34.69,web,True
o00775,c0068,business,2024-03-05 11:13:00,12,riverside,central,high,94.46,app,False
o00776,c0571,parcel,2025-03-03 00:53:00,4,riverside,east,low,108.49,phone,False
o00777,c0226,retail,2025-10-18 23:47:00,6,east,riverside,high,14.64,app,False
o00778,c0514,parcel,2025-10-07 17:16:00,4,north,ctr,low,84.4,app,False
o00779,c0397,retail,2025-07-25 11:40:00,24,riverside,ctr,critical,69.68,app,False
o00780,c0490,parcel,2024-06-16 18:40:00,1,west,north,medium,80.48,web,False
o00781,c0049,retail,2024-11-19 11:19:00,12,north,ctr,high,75.82,web,False
o00782,c0610,passenger,2024-04-17 01:47:00,2,south,south,medium,37.19,web,False
o00783,c0507,parcel,2024-06-28 22:22:00,4,north,east,critical,46.36,app,True
o00784,c0308,passenger,2025-03-07 00:51:00,12,east,south,low,21.26,phone,True
o00785,c0378,passenger,2025-12-31 14:49:00,4,east,central,high,98.07,phone,False
o00786,c0473,medical,2024-04-14 10:06:00,6,riverside,west,medium,69.28,api,False
o00787,c0483,parcel,2024-06-06 11:49:00,6,north,riverside,low,192.62,web,False
o00788,c0444,medical,2025-04-27 15:05:00,4,airport,north,medium,116.09,phone,False
o00789,c0201,business,2024-12-11 10:30:00,6,central,riverside,high,163.0,app,True
o00790,c0028,retail,2024-05-11 03:33:00,2,airport,west,high,283.08,web,False
o00791,c0632,passenger,2025-07-30 08:32:00,4,east,airport,medium,107.8,app,False
o00792,c0173,retail,2025-02-02 06:22:00,4,riverside,south,medium,156.57,app,False
o00793,c0259,business,2024-09-14 21:01:00,12,central,south,medium,70.51,phone,False
o00794,c0415,retail,2024-07-16 22:17:00,12,central,airport,low,154.5,app,False
o00795,c0142,retail,2025-06-15 13:49:00,2,riverside,central,medium,42.52,app,False
o00796,c0385,business,2025-01-28 05:51:00,6,ctr,north,high,209.05,api,False
o00797,c0231,passenger,2025-03-23 04:08:00,4,riverside,riverside,medium,47.39,app,True
o00798,c0547,retail,2024-01-14 03:13:00,4,south,north,low,55.01,app,False
o00799,c0289,passenger,2025-08-22 17:24:00,24,east,south,high,260.0,web,False
o00800,c0032,medical,2024-01-29 00:52:00,6,south,north,medium,102.47,phone,False
o00801,c0138,retail,2024-03-29 14:49:00,6,south,north,medium,111.28,app,False
o00802,c0187,passenger,2024-02-14 06:56:00,24,west,west,medium,32.72,phone,False
o00803,c0509,retail,2025-08-09 17:58:00,6,east,airport,high,60.3,app,False
o00804,c0383,parcel,2024-03-13 10:21:00,24,central,riverside,medium,278.77,phone,False
o00805,c0426,passenger,2025-10-01 17:56:00,6,north,central,low,180.16,app,False
o00806,c0622,business,2025-04-17 15:49:00,12,north,central,medium,100.44,app,True
o00807,c0162,parcel,2025-10-16 06:00:00,4,south,riverside,medium,155.63,app,True
o00808,c0598,passenger,2024-09-06 06:57:00,4,riverside,west,high,79.62,app,False
o00810,c0408,parcel,2024-04-16 03:37:00,12,north,south,high,129.12,app,False
o00811,c0267,retail,2024-05-09 06:28:00,6,north,riverside,medium,104.5,app,True
o00812,c0219,parcel,2025-04-12 18:37:00,24,west,airport,medium,55.92,app,False
o00813,c0642,parcel,2025-10-13 21:45:00,4,north,north,medium,75.79,app,False
o00814,c0464,passenger,2025-03-26 02:36:00,12,east,riverside,medium,27.9,phone,False
o00815,c0347,parcel,2024-02-25 15:10:00,24,airport,airport,high,216.89,app,True
o00816,c0113,passenger,2025-02-13 20:43:00,12,east,ctr,low,62.91,web,False
o00817,c0391,retail,2025-12-31 07:45:00,2,north,south,low,208.48,phone,False
o00818,c0561,business,2025-10-27 15:44:00,1,riverside,north,medium,82.82,web,True
o00819,c0098,retail,2025-04-28 19:09:00,4,airport,west,low,93.02,app,False
o00820,c0121,passenger,2024-05-01 15:38:00,6,riverside,north,low,231.32,app,False
o00821,c0266,parcel,2025-01-25 02:44:00,6,central,south,medium,78.86,phone,False
o00822,c0186,parcel,2024-09-01 07:00:00,1,west,south,medium,55.85,phone,False
o00823,c0264,passenger,2025-02-05 18:50:00,12,east,north,medium,122.9,app,False
o00824,c0074,retail,2024-08-17 20:47:00,12,south,east,medium,271.33,web,False
o00825,c0010,business,2025-10-25 01:15:00,4,south,west,medium,58.21,phone,False
o00826,c0055,parcel,2024-04-06 06:51:00,4,airport,ctr,medium,118.93,app,False
o00827,c0152,medical,2024-01-01 01:29:00,24,east,south,medium,19.26,web,False
o00828,c0025,passenger,2024-02-19 12:15:00,24,west,west,low,61.71,app,False
o00829,c0032,passenger,2024-08-12 21:02:00,4,south,west,high,32.2,phone,True
o00830,c0347,passenger,2025-07-23 20:36:00,2,south,south,high,71.2,phone,False
o00831,c0560,business,2025-02-27 08:02:00,4,riverside,central,medium,130.28,app,False
o00832,c0436,parcel,2024-06-06 14:01:00,6,central,airport,low,99.75,app,True
o00833,c0431,parcel,2025-05-05 03:48:00,2,central,riverside,medium,141.48,app,False
o00834,c0526,parcel,2025-12-28 03:11:00,1,east,airport,low,265.72,web,False
o00835,c0317,passenger,2024-05-26 16:10:00,6,south,airport,medium,51.0,app,False
o00836,c0186,passenger,2025-09-22 16:20:00,6,south,north,low,45.9,app,True
o00837,c0578,parcel,2024-04-18 16:50:00,24,east,west,low,35.47,app,False
o00838,c0549,passenger,2025-01-25 00:04:00,6,ctr,central,low,48.73,web,False
o00839,c0046,parcel,2024-01-31 17:41:00,6,riverside,west,low,229.63,app,False
o00840,c0358,passenger,2024-03-28 16:35:00,6,south,east,medium,142.01,web,False
o00841,c0132,business,2025-09-26 19:38:00,6,airport,south,medium,21.71,app,False
o00842,c0588,retail,2025-07-04 02:45:00,12,central,east,low,153.82,web,False
o00843,c0095,medical,2024-02-25 21:34:00,12,north,riverside,critical,84.18,phone,True
o00844,c0276,medical,2025-09-21 09:29:00,6,riverside,riverside,high,76.02,app,False
o00845,c0276,business,2025-02-10 21:00:00,4,airport,north,medium,65.51,phone,False
o00846,c0372,parcel,2025-07-27 23:13:00,2,east,east,high,117.43,web,False
o00847,c0303,retail,2024-01-25 05:53:00,12,central,ctr,low,47.99,app,True
o00849,c0412,passenger,2024-05-05 22:41:00,4,airport,north,high,230.22,app,False
o00850,c0601,parcel,2024-07-31 21:27:00,6,west,east,high,24.48,app,False
o00851,c0480,business,2024-04-23 19:05:00,12,south,riverside,medium,49.34,phone,False
o00853,c0335,parcel,2025-11-24 03:05:00,24,south,east,low,22.04,app,False
o00854,c0343,parcel,2024-09-01 03:05:00,4,airport,airport,low,90.75,web,False
o00855,c0342,parcel,2025-01-11 08:19:00,6,airport,south,critical,140.01,web,False
o00856,c0574,parcel,2024-11-12 09:09:00,12,south,central,high,58.06,app,False
o00857,c0104,retail,2025-05-20 19:36:00,1,ctr,west,high,140.14,app,True
o00858,c0045,parcel,2024-12-08 06:00:00,1,riverside,west,critical,129.56,web,False
o00859,c0476,retail,2024-03-21 02:02:00,6,airport,ctr,low,83.53,app,True
o00860,c0076,medical,2024-04-26 21:44:00,2,east,south,medium,292.33,app,False
o00861,c0265,passenger,2025-09-05 06:33:00,2,east,central,medium,90.82,app,False
o00862,c0599,retail,2025-01-29 14:26:00,4,east,north,medium,84.14,phone,False
o00863,c0274,passenger,2025-09-17 18:41:00,12,riverside,west,low,29.36,phone,False
o00864,c0246,business,2024-08-03 23:48:00,4,airport,central,low,45.78,phone,False
o00865,c0597,parcel,2024-03-22 00:53:00,2,east,south,medium,55.13,web,False
o00866,c0317,parcel,2024-03-01 22:46:00,24,west,riverside,medium,117.83,web,False
o00867,c0313,parcel,2024-02-01 21:43:00,6,riverside,ctr,low,34.43,app,False
o00868,c0037,passenger,2024-05-18 13:51:00,4,central,west,medium,117.19,phone,True
o00869,c0490,parcel,2024-02-26 05:39:00,4,central,riverside,medium,59.8,app,True
o00870,c0092,passenger,2024-10-27 14:16:00,12,south,airport,high,144.13,web,False
o00871,c0298,parcel,2025-12-24 04:16:00,6,riverside,north,high,46.35,phone,False
o00872,c0294,medical,2024-11-03 11:01:00,2,east,south,low,113.37,app,False
o00874,c0360,parcel,2024-06-15 14:10:00,6,east,west,high,246.43,phone,False
o00875,c0027,business,2025-10-31 20:59:00,12,north,east,high,64.89,web,False
o00876,c0301,parcel,2025-04-29 19:53:00,4,west,airport,low,75.93,app,False
o00877,c0277,retail,2024-11-29 08:51:00,4,east,west,medium,14.29,phone,False
o00878,c0190,medical,2024-09-12 00:26:00,6,riverside,west,low,35.24,app,False
o00879,c0419,medical,2025-07-04 00:21:00,4,south,west,low,123.72,app,False
o00880,c0020,parcel,2024-08-24 17:56:00,24,south,north,low,51.19,app,True
o00881,c0545,passenger,2024-12-31 10:00:00,6,riverside,south,low,83.23,app,False
o00882,c0204,parcel,2024-09-01 10:50:00,2,ctr,central,high,141.57,phone,False
o00883,c0335,business,2024-03-22 17:10:00,12,north,north,medium,139.75,web,False
o00884,c0339,parcel,2024-04-17 01:52:00,6,central,west,medium,16.66,web,False
o00885,c0338,medical,2024-11-17 13:40:00,24,riverside,central,critical,125.38,app,False
o00886,c0618,passenger,2024-12-11 11:04:00,1,east,central,low,88.24,app,True
o00887,c0434,retail,2025-07-04 03:29:00,24,central,north,low,173.81,phone,False
o00888,c0254,medical,2024-06-13 06:33:00,2,riverside,riverside,low,139.5,app,False
o00889,c0322,retail,2024-02-24 20:42:00,4,west,west,critical,40.25,app,False
o00890,c0232,retail,2025-07-05 07:58:00,24,central,east,high,88.41,app,False
o00891,c0449,passenger,2025-02-21 16:44:00,2,ctr,airport,medium,82.47,web,False
o00892,c0157,passenger,2025-10-08 02:41:00,2,airport,airport,medium,326.38,web,False
o00893,c0391,business,2024-08-05 06:18:00,2,south,south,high,33.29,phone,False
o00894,c0636,parcel,2024-01-14 22:16:00,2,east,airport,low,114.94,web,False
o00895,c0599,parcel,2025-03-17 22:07:00,4,riverside,central,medium,63.95,api,False
o00896,c0145,passenger,2024-06-29 19:28:00,6,east,south,low,50.35,app,False
o00897,c0434,passenger,2025-09-21 21:10:00,6,south,west,low,101.28,web,False
o00898,c0643,passenger,2025-12-08 23:18:00,24,east,north,low,82.8,app,False
o00899,c0440,passenger,2025-02-04 07:21:00,6,airport,riverside,critical,184.27,web,False
o00900,c0248,passenger,2024-09-20 00:05:00,2,riverside,airport,high,100.64,api,False
o00901,c0222,retail,2025-12-08 06:41:00,2,central,airport,critical,136.84,phone,False
o00902,c0309,parcel,2024-09-22 19:41:00,6,east,west,medium,70.09,app,False
o00903,c0380,parcel,2025-10-20 23:37:00,4,ctr,east,low,18.78,web,True
o00904,c0618,passenger,2024-05-25 20:04:00,4,airport,airport,low,95.34,app,False
o00905,c0622,parcel,2025-09-04 02:44:00,6,east,central,medium,63.25,app,False
o00906,c0480,passenger,2025-02-04 09:04:00,24,west,riverside,high,133.71,app,False
o00907,c0173,business,2024-03-06 23:04:00,6,east,east,medium,37.24,phone,False
o00908,c0167,parcel,2025-07-02 00:04:00,6,airport,east,low,142.89,app,True
o00909,c0324,business,2025-01-05 02:09:00,12,north,east,high,117.13,app,False
o00910,c0465,business,2025-07-24 03:46:00,6,north,north,medium,159.86,app,False
o00911,c0214,retail,2025-05-20 20:32:00,4,riverside,central,high,24.34,app,False
o00912,c0325,business,2025-12-05 08:58:00,6,east,west,low,39.19,phone,True
o00913,c0091,retail,2025-04-05 05:57:00,6,west,south,low,14.48,phone,False
o00914,c0258,retail,2024-04-12 08:19:00,6,south,north,medium,217.46,app,False
o00915,c0499,parcel,2025-02-08 13:44:00,24,south,riverside,critical,93.22,web,False
o00916,c0328,passenger,2025-12-07 05:28:00,12,south,south,medium,68.21,app,False
o00918,c0147,business,2024-11-26 06:01:00,1,riverside,north,critical,50.49,app,True
o00919,c0619,retail,2025-02-01 07:06:00,4,riverside,north,low,229.93,app,False
o00920,c0242,passenger,2024-08-01 11:42:00,12,riverside,east,low,74.71,app,False
o00921,c0448,retail,2024-12-09 08:39:00,4,east,central,medium,198.22,app,False
o00922,c0467,retail,2024-01-11 06:04:00,12,west,central,low,41.3,phone,False
o00923,c0334,parcel,2024-04-01 05:50:00,1,west,west,low,69.93,app,False
o00924,c0139,retail,2025-11-06 21:37:00,24,west,ctr,low,44.93,api,True
o00925,c0530,business,2024-11-15 21:16:00,12,south,airport,low,162.25,web,False
o00926,c0322,parcel,2024-07-03 01:09:00,12,east,east,low,50.92,phone,False
o00927,c0533,medical,2025-05-07 03:53:00,6,north,west,medium,76.32,app,False
o00928,c0231,parcel,2024-02-28 12:16:00,24,south,airport,medium,60.36,app,False
o00929,c0195,parcel,2025-10-29 02:36:00,2,central,riverside,medium,117.07,phone,False
o00930,c0370,retail,2025-08-20 07:03:00,4,ctr,riverside,high,133.79,app,False
o00931,c0213,parcel,2024-03-07 09:00:00,4,north,north,high,70.8,app,False
o00932,c0221,parcel,2024-10-01 04:59:00,2,airport,west,medium,51.33,phone,False
o00933,c0534,passenger,2024-12-29 11:34:00,6,south,airport,high,96.98,phone,True
o00934,c0437,business,2024-06-29 04:23:00,4,north,east,medium,80.26,app,False
o00935,c0404,parcel,2024-09-14 11:23:00,12,east,east,high,132.13,phone,True
o00936,c0498,passenger,2024-06-19 16:42:00,4,central,airport,high,129.0,web,False
o00937,c0549,parcel,2024-04-24 07:58:00,4,riverside,south,high,31.56,app,False
o00938,c0567,business,2024-06-18 09:48:00,6,central,central,medium,151.14,web,False
o00939,c0085,medical,2025-01-24 00:14:00,12,south,south,critical,91.71,app,True
o00940,c0575,parcel,2025-10-26 06:56:00,6,west,west,high,99.21,phone,False
o00941,c0571,passenger,2024-08-12 12:54:00,1,west,west,high,110.52,web,False
o00942,c0291,passenger,2025-01-09 07:41:00,12,ctr,riverside,high,101.75,app,False
o00943,c0372,passenger,2025-04-28 08:55:00,4,north,west,low,157.16,api,True
o00944,c0343,passenger,2024-01-08 01:06:00,24,ctr,north,low,216.6,app,True
o00945,c0567,retail,2025-11-10 12:53:00,6,north,north,medium,155.97,app,False
o00946,c0558,parcel,2025-01-13 07:18:00,24,south,south,medium,113.57,app,False
o00947,c0467,passenger,2024-01-31 15:28:00,4,north,north,high,89.52,app,False
o00948,c0626,business,2025-05-14 03:07:00,6,north,west,low,60.77,app,False
o00949,c0023,medical,2025-04-15 17:45:00,24,west,west,medium,71.3,web,False
o00950,c0564,passenger,2025-05-18 02:25:00,24,south,airport,medium,82.99,phone,False
o00951,c0199,passenger,2024-04-30 15:30:00,6,east,airport,low,208.66,phone,False
o00952,c0156,passenger,2024-06-26 07:27:00,4,central,riverside,medium,183.79,app,False
o00953,c0193,parcel,2025-03-26 01:07:00,12,south,south,medium,3.57,app,False
o00954,c0599,passenger,2024-07-14 02:17:00,4,south,south,critical,62.7,web,False
o00956,c0257,medical,2024-09-01 10:35:00,4,west,south,medium,53.1,app,False
o00957,c0385,passenger,2024-02-28 02:32:00,1,north,north,critical,12.91,app,False
o00958,c0132,passenger,2024-08-15 15:47:00,4,airport,central,critical,33.24,web,False
o00959,c0545,medical,2024-08-09 18:39:00,12,airport,south,low,88.7,phone,True
o00960,c0554,passenger,2025-01-20 03:03:00,1,riverside,north,medium,86.06,app,False
o00961,c0307,parcel,2025-03-18 16:03:00,4,ctr,airport,medium,168.98,app,True
o00963,c0528,medical,2025-06-06 10:13:00,24,north,east,medium,30.53,api,False
o00964,c0247,retail,2024-04-13 02:30:00,2,central,south,high,178.23,phone,False
o00965,c0384,passenger,2024-09-28 14:59:00,6,east,north,low,76.97,web,False
o00966,c0568,retail,2025-04-16 23:08:00,12,ctr,central,high,29.24,app,True
o00967,c0343,business,2024-03-17 14:40:00,6,north,west,medium,50.8,app,False
o00968,c0529,business,2024-11-21 03:13:00,12,south,central,medium,76.41,app,False
o00969,c0372,parcel,2024-10-14 21:50:00,2,north,riverside,high,36.75,phone,False
o00970,c0099,retail,2025-01-04 02:07:00,2,north,airport,medium,29.04,web,False
o00971,c0405,parcel,2025-12-21 15:30:00,6,central,south,high,14.62,app,False
o00972,c0396,parcel,2024-09-20 05:32:00,24,east,south,medium,95.82,web,True
o00973,c0506,parcel,2024-01-12 20:41:00,1,airport,west,low,81.56,app,False
o00974,c0071,retail,2025-06-11 00:41:00,4,east,riverside,medium,74.02,app,False
o00975,c0455,retail,2025-04-26 21:47:00,4,central,south,medium,33.56,app,False
o00976,c0078,medical,2024-02-02 17:41:00,24,central,east,high,40.78,phone,False
o00977,c0235,retail,2024-08-27 15:42:00,4,west,west,medium,25.58,app,True
o00978,c0515,parcel,2025-09-11 04:41:00,24,riverside,central,high,124.25,app,False
o00979,c0257,business,2025-01-08 04:24:00,12,north,west,low,54.09,phone,False
o00980,c0545,parcel,2024-11-25 23:02:00,4,west,riverside,medium,510.06,app,False
o00981,c0597,medical,2025-01-11 21:57:00,24,airport,riverside,high,107.45,app,False
o00982,c0616,parcel,2025-10-28 05:44:00,4,east,north,critical,131.9,app,False
o00983,c0538,passenger,2024-08-20 00:38:00,4,central,north,medium,122.09,web,False
o00984,c0155,parcel,2025-04-14 23:05:00,6,east,west,medium,79.05,app,False
o00985,c0461,parcel,2025-04-05 06:54:00,6,north,west,low,117.68,app,False
o00986,c0303,parcel,2024-02-06 09:28:00,24,south,south,medium,111.61,phone,False
o00987,c0612,retail,2024-05-23 06:19:00,24,west,ctr,high,115.17,app,False
o00988,c0330,parcel,2024-11-17 18:12:00,6,central,riverside,low,43.93,app,False
o00989,c0351,medical,2024-03-08 12:01:00,1,north,central,medium,89.8,api,False
o00990,c0053,retail,2025-11-26 05:00:00,4,south,central,high,199.17,phone,False
o00991,c0175,business,2025-01-03 15:14:00,4,east,ctr,high,61.06,app,False
o00992,c0438,retail,2024-03-08 15:23:00,4,ctr,south,high,54.25,phone,False
o00993,c0440,passenger,2025-06-07 23:31:00,24,east,north,high,51.85,phone,True
o00994,c0521,retail,2025-11-19 06:39:00,1,south,south,high,40.11,api,False
o00995,c0622,passenger,2024-08-09 06:53:00,24,central,west,medium,202.67,phone,False
o00996,c0238,passenger,2025-04-26 06:19:00,4,central,east,high,52.53,app,True
o00997,c0560,retail,2025-04-12 08:14:00,4,south,west,critical,59.22,web,False
o00998,c0169,parcel,2024-11-25 01:26:00,6,north,south,medium,23.86,phone,True
o00999,c0613,retail,2024-06-30 10:26:00,24,riverside,south,high,170.69,web,True
o01000,c0576,retail,2025-11-15 22:01:00,6,airport,west,medium,59.9,api,True
o01001,c0413,passenger,2025-08-05 11:49:00,12,west,ctr,high,78.37,web,False
o01002,c0607,business,2024-06-14 07:52:00,12,west,west,medium,109.31,web,True
o01003,c0473,passenger,2024-01-01 04:38:00,24,airport,west,low,60.87,web,False
o01004,c0056,retail,2024-09-21 19:29:00,2,central,airport,high,98.19,web,False
o01005,c0104,business,2025-05-01 17:35:00,12,riverside,south,high,127.67,app,False
o01006,c0112,parcel,2025-12-29 12:08:00,12,central,east,high,74.48,phone,True
o01007,c0556,medical,2024-09-24 07:35:00,12,riverside,riverside,medium,46.92,app,False
o01008,c0575,parcel,2024-05-03 08:26:00,12,west,north,high,76.64,app,False
o01009,c0545,passenger,2024-06-01 04:33:00,4,east,riverside,medium,167.86,web,True
o01011,c0257,business,2024-02-28 05:14:00,12,airport,south,low,103.05,app,True
o01012,c0532,retail,2025-03-08 05:05:00,1,riverside,ctr,critical,99.1,app,False
o01013,c0185,passenger,2025-08-22 14:50:00,4,ctr,north,low,76.79,web,False
o01014,c0106,medical,2025-02-22 08:56:00,1,south,airport,medium,47.39,app,False
o01015,c0226,passenger,2025-08-06 21:14:00,6,riverside,ctr,high,40.54,phone,False
o01017,c0201,retail,2025-12-30 13:06:00,6,central,west,high,30.84,phone,False
o01018,c0180,parcel,2024-02-22 13:58:00,12,west,airport,medium,98.9,app,False
o01019,c0626,parcel,2024-04-16 00:57:00,4,west,east,high,206.52,app,False
o01020,c0321,retail,2024-10-23 02:18:00,2,airport,south,high,77.64,app,False
o01021,c0625,retail,2024-06-28 04:26:00,6,west,central,high,78.29,api,False
o01022,c0061,retail,2024-03-16 16:24:00,24,east,south,medium,43.98,web,False
o01024,c0396,passenger,2025-12-23 16:37:00,4,north,west,low,129.76,app,False
o01025,c0390,parcel,2024-04-29 14:15:00,6,west,north,medium,75.72,app,False
o01026,c0309,business,2025-05-26 21:33:00,1,west,ctr,high,20.25,phone,False
o01027,c0492,parcel,2025-08-23 21:51:00,4,east,central,medium,97.55,app,False
o01028,c0373,passenger,2025-01-13 16:35:00,4,south,south,medium,109.71,api,True
o01029,c0478,retail,2024-07-16 13:04:00,1,east,north,medium,87.86,app,False
o01030,c0279,parcel,2025-08-29 08:36:00,6,ctr,west,high,186.34,web,True
o01031,c0578,business,2025-01-26 05:55:00,6,east,central,medium,80.04,web,False
o01032,c0357,passenger,2025-12-09 08:41:00,4,west,east,high,74.27,phone,False
o01033,c0234,medical,2024-08-30 13:23:00,1,west,central,low,11.57,phone,True
o01034,c0032,business,2025-06-20 08:43:00,24,east,south,medium,9.2,web,False
o01035,c0508,business,2024-03-16 22:47:00,6,east,riverside,low,54.57,app,False
o01036,c0647,medical,2024-02-28 19:43:00,4,central,north,low,66.82,app,True
o01037,c0226,passenger,2025-04-28 06:43:00,6,south,north,high,55.58,web,False
o01038,c0141,business,2024-12-01 00:28:00,6,west,south,critical,20.72,phone,False
o01039,c0171,passenger,2025-05-01 10:43:00,6,west,riverside,low,84.17,app,True
o01040,c0290,passenger,2025-12-27 20:56:00,4,airport,central,medium,59.93,web,True
o01041,c0551,passenger,2024-07-03 14:20:00,4,south,west,medium,41.43,app,False
o01042,c0571,passenger,2024-08-26 13:05:00,12,airport,east,low,54.55,phone,False
o01043,c0371,retail,2024-07-31 17:26:00,12,central,riverside,medium,93.72,phone,True
o01044,c0190,retail,2025-02-14 04:57:00,12,airport,riverside,low,70.39,app,True
o01045,c0506,parcel,2024-08-26 11:47:00,1,ctr,airport,high,53.78,web,True
o01046,c0591,retail,2025-12-26 11:24:00,24,south,east,high,169.64,phone,False
o01047,c0121,parcel,2025-11-10 15:49:00,4,west,riverside,high,32.59,phone,False
o01048,c0458,medical,2025-01-08 04:14:00,12,airport,airport,medium,160.1,phone,True
o01049,c0527,retail,2025-10-17 06:56:00,12,west,west,medium,69.8,app,False
o01050,c0363,passenger,2024-09-29 03:02:00,6,central,south,medium,73.98,api,False
o01051,c0288,retail,2025-06-06 04:56:00,4,central,airport,low,74.57,phone,False
o01052,c0429,retail,2025-02-19 19:26:00,6,east,south,low,91.5,app,False
o01053,c0106,passenger,2025-10-23 02:30:00,6,east,west,low,285.05,app,False
o01054,c0216,retail,2025-08-19 14:21:00,4,south,airport,medium,260.15,web,False
o01055,c0621,parcel,2025-08-13 17:22:00,6,north,south,medium,33.59,web,False
o01056,c0203,retail,2024-12-19 22:48:00,4,east,airport,medium,111.26,phone,True
o01057,c0579,passenger,2025-03-23 10:11:00,4,airport,north,medium,50.3,app,False
o01058,c0215,retail,2025-05-08 22:01:00,6,airport,west,low,179.11,app,False
o01059,c0107,business,2025-11-23 21:49:00,6,east,east,medium,19.55,app,False
o01060,c0277,parcel,2024-06-13 12:23:00,2,west,north,low,103.55,web,False
o01061,c0535,retail,2024-04-29 20:49:00,2,central,west,medium,13.17,app,False
o01062,c0559,medical,2024-10-26 17:41:00,4,east,central,medium,128.73,app,True
o01063,c0054,retail,2024-07-27 20:15:00,12,east,riverside,medium,47.11,app,True
o01064,c0095,passenger,2025-12-22 18:49:00,12,central,airport,medium,48.29,app,True
o01065,c0436,parcel,2024-07-20 11:49:00,4,south,south,medium,35.51,web,True
o01066,c0084,business,2024-11-04 20:16:00,2,east,airport,low,54.18,phone,True
o01067,c0304,retail,2024-06-16 02:38:00,12,north,west,low,8.17,api,False
o01068,c0089,passenger,2025-04-10 21:56:00,2,riverside,west,low,53.32,app,False
o01069,c0219,passenger,2025-08-25 01:12:00,12,central,north,high,18.2,app,True
o01070,c0335,parcel,2024-01-16 19:34:00,24,east,north,low,153.81,phone,False
o01071,c0055,retail,2025-02-26 23:35:00,12,south,east,medium,97.8,app,False
o01072,c0384,passenger,2024-10-05 00:04:00,6,west,north,high,172.79,app,False
o01073,c0047,passenger,2024-01-05 05:05:00,6,central,airport,medium,34.23,app,False
o01074,c0499,passenger,2025-12-13 07:00:00,2,ctr,south,low,51.75,app,False
o01075,c0260,passenger,2024-06-26 07:11:00,2,east,airport,high,181.2,app,False
o01076,c0035,business,2024-09-28 22:50:00,6,south,airport,critical,46.37,app,False
o01077,c0021,retail,2024-08-30 00:01:00,4,north,riverside,low,130.85,app,False
o01078,c0622,parcel,2024-04-26 02:59:00,6,airport,riverside,low,91.33,web,True
o01079,c0017,passenger,2024-03-31 06:09:00,24,south,riverside,medium,190.5,app,False
o01080,c0107,passenger,2025-04-26 10:04:00,1,ctr,north,high,65.57,app,True
o01081,c0581,medical,2025-06-18 11:20:00,2,west,airport,critical,10.07,app,True
o01082,c0530,medical,2024-10-25 13:47:00,24,riverside,west,medium,43.58,web,False
o01083,c0156,retail,2025-05-05 08:21:00,12,east,south,low,29.43,phone,False
o01084,c0416,passenger,2024-02-26 02:16:00,4,central,south,medium,64.17,app,False
o01085,c0051,medical,2024-06-15 08:05:00,6,central,west,high,150.85,app,False
o01086,c0276,passenger,2024-03-05 19:03:00,4,airport,south,low,140.6,phone,False
o01087,c0248,parcel,2025-12-14 08:08:00,1,airport,west,low,116.34,web,False
o01088,c0444,parcel,2024-12-02 10:32:00,6,north,west,medium,49.16,web,True
o01089,c0035,retail,2025-05-18 04:12:00,2,riverside,north,low,7.74,phone,False
o01090,c0414,medical,2025-09-11 17:51:00,24,south,airport,critical,58.6,app,False
o01091,c0471,business,2024-02-22 04:53:00,2,riverside,airport,medium,49.37,app,False
o01092,c0482,passenger,2025-12-10 13:24:00,6,north,east,low,97.48,web,False
o01093,c0205,retail,2024-10-29 22:01:00,12,riverside,west,low,38.72,app,True
o01094,c0204,parcel,2024-08-22 09:51:00,2,east,riverside,medium,208.68,phone,False
o01095,c0612,business,2024-03-14 15:06:00,6,south,airport,high,23.65,web,False
o01096,c0036,passenger,2024-03-08 18:09:00,4,north,airport,medium,163.56,app,False
o01097,c0390,retail,2024-07-14 22:28:00,12,airport,north,low,59.58,app,False
o01098,c0093,retail,2025-04-24 07:39:00,2,north,riverside,low,17.79,web,False
o01099,c0302,retail,2024-04-05 21:30:00,24,east,ctr,critical,35.33,app,False
o01100,c0239,business,2025-08-01 13:08:00,4,airport,east,high,41.49,app,False
o01101,c0023,parcel,2024-01-14 06:59:00,6,riverside,north,medium,38.39,phone,True
o01102,c0323,passenger,2025-08-19 06:06:00,4,airport,west,medium,81.39,api,True
o01103,c0337,passenger,2025-10-11 14:15:00,24,north,east,medium,95.68,app,False
o01104,c0480,parcel,2024-09-21 16:27:00,12,east,riverside,low,55.13,web,False
o01105,c0239,business,2025-06-18 17:21:00,12,east,west,medium,13.4,phone,False
o01106,c0175,business,2024-02-28 00:14:00,12,east,ctr,medium,22.49,web,False
o01107,c0182,business,2024-01-25 07:32:00,12,airport,central,medium,282.35,app,False
o01108,c0235,parcel,2024-10-24 06:40:00,4,north,central,critical,164.37,web,False
o01109,c0598,business,2025-12-08 14:39:00,2,airport,riverside,low,16.12,phone,False
o01110,c0232,passenger,2024-07-15 05:13:00,1,south,airport,low,82.48,app,False
o01111,c0167,retail,2024-11-14 21:57:00,6,south,north,low,18.03,app,True
o01112,c0301,business,2024-09-24 04:10:00,2,east,west,critical,278.14,app,False
o01113,c0599,passenger,2024-03-04 07:29:00,6,riverside,north,high,94.63,web,False
o01114,c0278,passenger,2024-12-13 22:45:00,1,riverside,east,medium,94.52,app,False
o01115,c0492,business,2025-11-28 22:50:00,1,west,ctr,medium,63.15,web,False
o01116,c0556,medical,2024-11-13 12:20:00,6,east,west,medium,61.33,app,False
o01117,c0296,parcel,2025-06-19 23:19:00,6,airport,east,high,59.12,app,False
o01118,c0106,passenger,2024-02-26 19:20:00,4,west,west,high,65.93,app,False
o01119,c0627,medical,2024-04-01 09:03:00,6,ctr,north,medium,47.89,phone,False
o01120,c0182,medical,2024-11-28 16:15:00,2,south,west,low,62.79,app,False
o01121,c0078,retail,2024-06-03 05:59:00,12,central,south,high,73.49,app,False
o01122,c0390,parcel,2025-10-06 07:29:00,12,south,riverside,high,131.53,app,False
o01123,c0274,parcel,2024-01-31 06:20:00,24,south,west,high,98.07,app,True
o01124,c0015,business,2024-05-02 16:45:00,4,riverside,south,high,148.02,app,True
o01125,c0510,parcel,2025-06-17 11:43:00,12,west,central,low,47.38,phone,False
o01126,c0587,parcel,2025-05-02 16:19:00,4,south,central,medium,15.01,web,False
o01127,c0296,retail,2024-03-17 03:42:00,1,riverside,central,medium,104.37,web,True
o01128,c0588,passenger,2024-03-12 19:24:00,6,west,airport,medium,12.73,app,False
o01129,c0292,medical,2025-03-23 15:04:00,6,north,airport,low,139.29,app,False
o01130,c0649,business,2024-09-15 21:32:00,4,east,north,low,94.24,app,False
o01131,c0110,medical,2024-08-15 14:20:00,4,airport,north,low,150.77,app,True
o01132,c0588,business,2025-05-03 22:26:00,2,south,riverside,low,81.66,app,False
o01133,c0318,parcel,2025-12-23 11:34:00,24,east,west,medium,8.61,phone,False
o01134,c0248,retail,2025-04-02 23:59:00,4,central,south,low,87.01,app,False
o01135,c0505,parcel,2024-11-18 19:03:00,4,west,west,high,103.41,web,False
o01137,c0213,passenger,2025-10-14 08:08:00,2,south,central,medium,101.93,app,True
o01138,c0409,parcel,2024-02-08 17:08:00,2,airport,south,medium,41.05,app,False
o01139,c0474,medical,2024-03-05 14:43:00,6,east,east,medium,87.44,app,False
o01140,c0244,passenger,2025-09-26 01:19:00,6,east,south,low,97.23,app,False
o01141,c0630,business,2025-11-04 02:54:00,4,east,north,low,36.73,app,True
o01142,c0136,retail,2025-11-07 10:27:00,24,east,west,high,91.95,app,False
o01143,c0467,retail,2025-06-16 02:09:00,2,riverside,east,low,217.11,phone,False
o01144,c0571,passenger,2025-02-07 22:06:00,4,riverside,south,medium,17.71,app,True
o01145,c0548,passenger,2024-02-22 01:18:00,24,east,north,medium,301.38,app,False
o01146,c0118,business,2025-11-17 04:33:00,6,south,east,high,61.63,phone,False
o01147,c0165,retail,2024-04-19 22:04:00,2,south,south,low,149.49,app,False
o01148,c0606,passenger,2024-11-19 05:52:00,24,ctr,riverside,medium,122.59,app,False
o01149,c0246,business,2025-06-28 19:53:00,24,riverside,airport,low,34.67,app,False
o01150,c0270,passenger,2025-02-20 05:15:00,1,north,west,low,144.76,phone,False
o01151,c0100,retail,2024-06-26 12:48:00,12,south,north,medium,94.09,app,False
o01152,c0247,passenger,2025-03-12 22:21:00,24,riverside,west,high,192.23,app,False
o01153,c0004,business,2025-01-06 03:57:00,2,ctr,airport,high,59.44,app,False
o01154,c0588,medical,2024-09-05 14:35:00,12,south,south,low,25.19,phone,False
o01155,c0021,parcel,2024-04-29 02:16:00,4,airport,east,low,56.45,web,False
o01156,c0430,passenger,2025-01-30 15:14:00,12,south,west,medium,47.0,app,False
o01157,c0012,parcel,2024-07-08 19:51:00,1,riverside,east,high,123.37,web,False
o01158,c0075,parcel,2024-10-22 14:25:00,24,north,west,medium,40.06,phone,False
o01159,c0069,passenger,2024-07-25 23:50:00,24,west,north,low,47.65,phone,True
o01160,c0548,parcel,2024-05-12 23:12:00,4,riverside,airport,high,171.67,app,False
o01161,c0359,passenger,2025-05-17 03:55:00,4,riverside,north,high,32.02,app,False
o01162,c0261,passenger,2025-06-09 10:51:00,2,riverside,east,medium,89.31,api,False
o01163,c0399,parcel,2024-09-10 00:16:00,4,north,east,low,13.49,app,True
o01164,c0530,parcel,2025-06-09 15:52:00,4,riverside,west,high,197.5,app,False
o01165,c0478,passenger,2025-12-13 04:54:00,6,east,west,low,118.02,phone,False
o01166,c0053,parcel,2025-09-22 10:20:00,4,west,north,medium,57.89,web,True
o01167,c0336,parcel,2024-06-25 23:47:00,6,central,east,low,103.78,app,False
o01168,c0575,passenger,2024-12-15 21:12:00,12,airport,central,medium,30.78,web,True
o01169,c0158,parcel,2025-11-06 13:03:00,4,airport,east,medium,145.59,web,False
o01170,c0321,passenger,2024-01-01 07:36:00,6,ctr,west,low,104.64,web,False
o01171,c0508,passenger,2024-12-18 00:50:00,6,riverside,ctr,medium,52.73,web,False
o01172,c0383,medical,2024-09-17 19:02:00,4,north,riverside,medium,111.98,phone,False
o01173,c0194,passenger,2024-02-08 10:14:00,6,north,airport,medium,41.11,phone,False
o01174,c0605,passenger,2024-11-21 08:23:00,6,riverside,airport,critical,104.71,web,False
o01175,c0623,retail,2024-11-04 11:39:00,24,west,airport,low,63.42,web,False
o01176,c0461,parcel,2024-12-27 12:24:00,6,north,riverside,high,93.51,app,True
o01177,c0611,parcel,2024-10-17 03:14:00,12,ctr,south,high,63.29,app,False
o01178,c0362,medical,2024-01-13 21:26:00,4,west,riverside,critical,2.04,web,False
o01179,c0207,passenger,2025-10-13 18:48:00,6,riverside,central,high,64.87,app,False
o01180,c0197,passenger,2024-09-07 20:51:00,2,airport,central,high,109.31,web,True
o01181,c0346,retail,2024-02-23 23:10:00,6,west,east,high,95.57,app,False
o01182,c0256,passenger,2024-06-03 09:16:00,6,airport,north,high,128.45,app,False
o01183,c0351,retail,2025-05-31 20:20:00,2,west,ctr,medium,53.74,app,False
o01184,c0253,business,2025-01-24 13:53:00,12,riverside,west,medium,25.61,web,False
o01185,c0591,parcel,2024-11-10 04:15:00,12,airport,riverside,medium,59.09,app,False
o01186,c0184,medical,2025-07-06 22:21:00,1,riverside,west,medium,96.23,web,False
o01187,c0451,medical,2025-11-17 01:22:00,1,north,airport,low,53.13,app,False
o01188,c0291,parcel,2024-06-25 10:56:00,1,ctr,west,critical,83.85,phone,False
o01189,c0353,parcel,2024-05-22 23:55:00,6,airport,riverside,low,129.6,web,False
o01190,c0168,parcel,2025-11-24 17:41:00,4,east,central,high,34.37,app,False
o01191,c0258,business,2024-02-19 17:29:00,2,east,north,low,91.82,app,False
o01192,c0200,business,2024-12-13 15:50:00,2,airport,ctr,medium,79.83,web,False
o01193,c0519,medical,2025-04-17 23:55:00,6,east,central,medium,11.71,api,False
o01194,c0229,passenger,2024-08-07 23:21:00,2,south,airport,medium,88.17,app,True
o01195,c0529,retail,2025-01-04 07:04:00,2,airport,central,medium,94.26,phone,False
o01196,c0109,parcel,2024-04-12 03:20:00,4,south,east,low,79.58,phone,False
o01197,c0359,retail,2024-01-27 00:14:00,24,ctr,airport,medium,63.08,app,False
o01198,c0013,retail,2025-01-13 02:39:00,6,north,east,high,36.61,app,False
o01199,c0225,business,2024-03-10 15:47:00,1,ctr,west,medium,119.36,app,False
o01200,c0433,passenger,2024-02-23 06:55:00,6,riverside,riverside,low,68.78,web,False
o01201,c0650,parcel,2025-04-18 20:25:00,12,riverside,north,medium,80.58,app,False
o01202,c0459,retail,2024-11-14 15:24:00,6,east,north,medium,65.73,phone,False
o01203,c0445,parcel,2024-11-13 20:40:00,24,west,riverside,medium,141.68,web,False
o01204,c0498,passenger,2025-08-13 15:20:00,1,east,central,critical,162.33,app,False
o01205,c0559,parcel,2024-12-19 23:53:00,4,west,north,low,65.7,web,False
o01206,c0236,medical,2024-11-15 23:55:00,4,central,riverside,high,142.54,web,False
o01207,c0197,business,2024-12-26 18:58:00,6,central,riverside,medium,321.68,app,False
o01208,c0098,medical,2024-04-18 19:37:00,12,riverside,south,medium,116.78,phone,True
o01209,c0182,parcel,2025-06-14 02:30:00,2,riverside,central,medium,12.79,app,False
o01210,c0581,medical,2025-04-01 13:00:00,2,riverside,riverside,medium,198.15,app,False
o01211,c0345,medical,2025-11-12 07:13:00,24,south,south,medium,17.36,api,False
o01212,c0262,parcel,2024-08-01 11:34:00,2,west,south,low,45.3,api,True
o01213,c0502,retail,2025-01-06 21:44:00,12,south,riverside,high,90.58,app,False
o01214,c0386,medical,2024-05-07 20:58:00,4,central,north,high,17.33,phone,True
o01215,c0054,business,2025-08-05 01:29:00,12,north,airport,medium,205.06,app,False
o01217,c0263,passenger,2024-01-25 22:08:00,12,central,south,high,121.06,phone,False
o01218,c0065,retail,2025-03-15 02:11:00,4,airport,north,medium,101.68,phone,False
o01219,c0164,passenger,2025-06-20 09:52:00,4,north,riverside,high,81.91,api,False
o01220,c0006,passenger,2025-06-11 23:22:00,6,west,airport,high,76.75,phone,False
o01221,c0243,passenger,2024-04-13 07:50:00,4,east,ctr,medium,183.7,app,False
o01222,c0361,retail,2025-09-10 01:14:00,12,north,east,critical,105.79,phone,False
o01223,c0522,parcel,2025-01-10 23:27:00,12,east,riverside,medium,97.73,web,False
o01224,c0296,passenger,2024-06-10 12:40:00,4,riverside,central,low,136.16,app,False
o01225,c0074,parcel,2025-12-27 02:59:00,24,north,ctr,high,165.46,app,True
o01226,c0140,passenger,2025-03-02 06:20:00,6,south,south,medium,131.87,app,False
o01227,c0282,medical,2024-11-05 10:32:00,2,ctr,north,high,95.27,phone,False
o01228,c0431,retail,2024-07-10 15:34:00,6,west,north,low,110.84,web,False
o01229,c0399,passenger,2025-05-27 00:42:00,1,east,riverside,medium,84.74,phone,False
o01230,c0564,parcel,2024-05-26 19:24:00,1,central,north,high,86.63,app,False
o01231,c0305,medical,2025-07-28 05:11:00,6,airport,east,medium,45.16,app,True
o01232,c0189,passenger,2024-01-18 20:35:00,6,west,east,medium,55.4,app,True
o01233,c0520,retail,2024-04-25 18:23:00,4,west,south,high,51.7,phone,False
o01234,c0163,parcel,2024-02-24 01:13:00,2,west,north,medium,119.86,phone,True
o01235,c0636,medical,2025-06-01 00:57:00,1,north,riverside,low,67.31,phone,False
o01236,c0543,business,2025-05-29 22:57:00,12,south,airport,low,156.71,app,False
o01237,c0357,parcel,2025-12-30 06:32:00,12,ctr,east,high,195.64,app,False
o01238,c0318,passenger,2025-04-18 04:35:00,12,south,north,medium,79.85,app,False
o01239,c0392,retail,2024-08-06 04:09:00,2,south,west,medium,57.51,web,False
o01240,c0649,passenger,2025-10-08 14:51:00,2,east,east,high,178.86,phone,False
o01241,c0537,passenger,2024-02-01 13:08:00,2,airport,south,high,51.66,web,False
o01242,c0550,business,2025-09-08 22:16:00,1,ctr,riverside,low,284.98,app,False
o01243,c0428,retail,2025-09-10 08:14:00,12,east,central,medium,113.08,web,True
o01244,c0279,passenger,2025-03-06 06:32:00,24,airport,north,high,58.93,phone,False
o01245,c0237,retail,2025-10-05 14:03:00,2,airport,airport,high,24.93,app,True
o01246,c0198,business,2024-04-04 00:51:00,4,airport,north,medium,60.45,app,False
o01247,c0397,parcel,2024-12-14 22:10:00,4,central,riverside,low,23.58,web,False
o01248,c0517,retail,2024-08-30 17:16:00,24,south,riverside,medium,28.17,app,False
o01249,c0572,medical,2024-08-25 16:52:00,1,central,riverside,high,188.73,web,False
o01250,c0180,retail,2024-06-28 07:38:00,1,north,east,high,128.53,app,False
