driver_id,base_zone,employment_type,years_experience,training_score,driver_rating,shift_preference,active_flag
d001,airport,fulltime,8,67.8,3.54,morning,True
d002,central,fulltime,4,42.4,3.94,evening,True
d003,airport,fulltime,11,96.5,5.0,evening,True
d004,airport,parttime,13,88.9,4.75,morning,True
d005,north,fulltime,3,69.7,4.14,morning,True
d006,central,fulltime,8,78.8,4.38,flexible,True
d007,north,fulltime,4,92.6,3.94,evening,True
d008,south,fulltime,9,84.1,3.88,morning,True
d009,airport,fulltime,15,63.4,3.8,night,True
d010,west,fulltime,8,70.0,3.95,evening,True
d011,east,fulltime,3,89.4,3.85,night,True
d012,south,fulltime,10,95.1,4.48,night,True
d013,west,fulltime,11,80.8,4.31,morning,True
d014,north,fulltime,6,76.1,4.7,evening,True
d015,east,fulltime,11,85.1,4.34,morning,True
d016,airport,fulltime,6,81.9,4.31,evening,True
d018,west,parttime,14,73.8,4.57,flexible,True
d019,riverside,fulltime,11,73.4,3.82,flexible,False
d021,south,fulltime,7,91.8,4.24,evening,True
d022,east,fulltime,9,68.7,3.36,flexible,True
d023,east,fulltime,11,79.1,4.16,night,True
d024,riverside,parttime,8,71.4,3.35,evening,True
d025,north,fulltime,1,86.4,3.72,morning,True
d026,north,parttime,4,84.9,3.15,night,False
d027,airport,parttime,12,74.3,3.7,night,True
d028,north,fulltime,11,83.0,4.07,flexible,True
d029,east,contract,2,70.2,3.84,flexible,True
d030,central,fulltime,7,74.0,4.56,night,True
d031,north,fulltime,10,91.5,4.03,flexible,True
d032,east,parttime,6,81.5,3.99,evening,True
d033,south,parttime,9,59.8,4.05,night,True
d034,west,fulltime,11,71.3,4.27,morning,True
d035,ctr,fulltime,5,66.2,3.71,flexible,False
d036,airport,parttime,9,79.3,4.69,morning,True
d037,north,parttime,7,63.9,4.67,morning,True
d038,south,fulltime,5,67.4,3.72,evening,True
d039,airport,contract,7,86.1,4.06,evening,True
d040,riverside,fulltime,7,55.6,4.4,night,True
d041,east,parttime,3,88.2,3.67,morning,True
d042,north,fulltime,9,70.5,3.37,night,True
d043,north,fulltime,13,80.3,4.6,evening,False
d044,airport,fulltime,11,79.4,4.05,night,True
d045,north,fulltime,2,59.6,4.12,flexible,True
d046,south,fulltime,5,82.2,4.06,morning,True
d047,south,fulltime,7,64.6,4.7,morning,True
d048,east,fulltime,7,76.3,3.45,flexible,True
d049,central,contract,14,41.4,4.0,morning,True
d050,north,fulltime,6,87.4,3.9,evening,True
d051,west,fulltime,3,75.4,3.58,evening,True
d052,riverside,fulltime,8,71.7,3.39,morning,True
d053,west,fulltime,5,83.3,3.8,morning,True
d054,west,fulltime,3,80.1,4.32,morning,True
d055,central,fulltime,15,90.5,5.0,flexible,True
d056,west,fulltime,12,74.6,4.45,evening,True
d057,west,fulltime,6,75.0,4.25,morning,True
d058,airport,fulltime,9,82.7,4.27,flexible,True
d059,north,fulltime,7,82.8,4.22,night,True
d060,south,fulltime,4,76.0,4.49,morning,True
d061,riverside,contract,8,85.9,4.38,evening,True
d062,south,fulltime,10,62.4,4.48,flexible,True
d063,north,parttime,12,85.7,4.03,morning,True
d064,south,parttime,14,88.9,4.18,morning,True
d065,riverside,fulltime,14,59.6,4.02,morning,True
d066,south,parttime,1,83.3,4.13,flexible,True
d067,west,fulltime,11,77.0,4.84,morning,True
d068,central,parttime,10,83.9,3.99,flexible,True
d069,north,parttime,2,61.5,5.0,evening,False
d070,south,fulltime,9,67.0,5.0,flexible,True
d071,central,parttime,12,56.7,4.49,evening,True
d072,south,fulltime,10,75.8,4.47,evening,True
d073,east,fulltime,11,76.9,4.58,evening,True
d074,central,fulltime,12,79.5,4.61,evening,True
d075,airport,fulltime,13,99.0,3.62,evening,True
d076,east,fulltime,15,61.6,3.88,morning,True
d077,south,fulltime,8,64.9,3.68,morning,True
d078,north,fulltime,11,73.7,4.28,morning,True
d081,riverside,parttime,1,82.0,4.78,flexible,True
d082,west,parttime,14,74.1,4.63,evening,True
d083,north,fulltime,12,80.8,4.16,flexible,True
d084,central,parttime,2,47.2,3.99,evening,True
d085,north,parttime,9,84.5,4.11,evening,False
d086,north,parttime,14,70.6,5.0,flexible,True
d087,north,contract,13,73.3,4.43,night,True
d088,riverside,contract,4,84.3,4.17,morning,True
d089,ctr,fulltime,2,71.1,4.57,night,True
d090,north,fulltime,8,58.0,3.78,morning,True
d091,riverside,fulltime,12,68.0,4.46,night,True
d092,east,fulltime,15,88.2,4.24,evening,True
d093,south,parttime,12,75.2,4.43,flexible,True
d094,ctr,parttime,6,60.8,4.48,night,False
d095,west,fulltime,12,99.0,3.15,night,True
d096,ctr,fulltime,4,56.4,4.03,morning,True
d097,west,fulltime,2,79.1,4.48,flexible,True
d098,south,contract,3,70.9,4.29,morning,True
d099,north,contract,10,82.7,3.48,night,True
d100,central,fulltime,4,62.0,4.31,flexible,True
d101,west,fulltime,8,75.6,4.48,morning,True
d102,east,parttime,10,67.6,4.62,morning,True
d103,central,fulltime,15,72.5,4.4,morning,True
d104,west,fulltime,15,87.7,3.45,morning,True
d105,riverside,contract,2,82.0,3.71,morning,True
d106,central,contract,12,71.9,3.66,morning,True
d107,riverside,fulltime,14,57.0,4.82,flexible,True
d108,south,fulltime,10,70.6,4.33,morning,True
d109,central,contract,14,68.1,3.94,morning,True
d110,riverside,contract,7,40.6,4.1,morning,True
d111,airport,fulltime,15,79.2,4.12,night,True
d112,east,fulltime,14,79.1,4.51,morning,True
d113,airport,parttime,8,70.5,4.47,evening,True
d114,ctr,fulltime,2,57.4,4.07,evening,True
d115,south,fulltime,11,69.5,4.77,morning,True
d116,central,fulltime,4,58.2,4.19,morning,True
d117,north,fulltime,1,71.1,3.93,flexible,True
d118,north,fulltime,1,80.6,4.88,night,True
d119,south,fulltime,5,56.0,3.55,flexible,True
d120,north,parttime,3,76.9,3.72,morning,True
d122,south,fulltime,2,63.5,4.29,morning,True
d123,riverside,fulltime,3,93.5,4.12,flexible,True
d124,north,fulltime,4,70.6,3.78,night,True
d125,north,parttime,15,90.5,4.07,morning,True
d126,east,parttime,9,69.7,4.1,evening,True
d127,central,fulltime,10,61.5,4.19,morning,True
d128,central,contract,13,84.7,3.32,morning,True
d129,north,fulltime,10,64.9,4.18,night,True
d130,west,fulltime,8,71.2,3.64,evening,True
d131,south,fulltime,9,86.7,4.26,night,False
d132,south,contract,8,77.6,4.2,evening,True
d133,south,contract,12,88.2,3.99,flexible,True
d134,south,parttime,4,61.5,3.59,flexible,True
d135,riverside,parttime,2,70.3,4.4,flexible,True
d136,airport,fulltime,4,89.5,3.99,evening,True
d137,north,contract,10,65.6,4.4,flexible,True
d138,ctr,parttime,11,69.2,4.61,evening,True
d139,south,fulltime,10,71.4,4.99,evening,True
d140,north,fulltime,7,80.1,3.92,morning,True
d141,north,parttime,14,71.4,3.44,flexible,True
d142,airport,fulltime,12,98.7,4.23,night,True
d143,central,fulltime,6,68.5,4.14,night,True
d144,west,fulltime,6,85.0,3.83,morning,True
d145,north,fulltime,11,68.4,4.09,morning,True
d147,west,fulltime,13,66.4,3.8,night,True
d148,central,parttime,10,53.1,4.4,flexible,True
d149,airport,fulltime,7,81.5,4.55,night,True
d150,east,fulltime,12,88.1,4.08,night,True
d151,east,fulltime,2,71.3,4.69,flexible,True
d153,east,fulltime,8,82.3,3.83,evening,True
d154,airport,fulltime,4,67.0,4.35,evening,True
d155,central,parttime,6,69.5,3.98,morning,True
d156,south,fulltime,14,84.5,3.62,evening,True
d157,south,fulltime,13,74.1,4.42,evening,True
d158,central,fulltime,5,81.4,4.45,morning,True
d159,airport,fulltime,11,68.6,4.18,morning,True
d160,east,fulltime,12,72.8,4.48,morning,True
d161,north,fulltime,1,84.7,4.02,evening,True
d162,riverside,contract,11,69.0,4.62,night,True
d163,riverside,fulltime,11,78.2,4.5,morning,False
d164,central,fulltime,5,76.1,4.07,flexible,True
d165,north,parttime,10,82.2,3.89,night,True
d166,west,parttime,7,74.6,4.07,night,True
d167,south,parttime,12,75.3,4.64,night,True
d168,north,fulltime,12,93.6,3.84,morning,True
d169,east,contract,5,77.6,3.81,flexible,True
d170,west,fulltime,14,75.2,4.48,morning,True
